base_slug,variant_slugs,name,types,sets,legal_heroes,legal_formats,keywords,implemented_by_registry,implemented_by_manual_trigger,has_functional_text,parseable_by_text_parser,in_generated_decks,priority_tier,priority_score,implementation_bucket
sink_below,sink_below_blue|sink_below_red|sink_below_yellow,Sink Below,DefenseReaction,ArmoryDeckBoltyn|ArmoryDeckIra|DromaiBlitzDeck|HistoryPack1|Promos|WelcomeToRathe,Arakni|Aurora|Aurora2|Azalea|Benji|Betsy|Blaze|Bolfar|Boltyn|Bravo|Brevant|Briar|Broscilio|Brutus|Chane|Cindra|Crackni|Crix|Dash|DataDoll|Dorinthea|Dromai|Emperor|Enigma|Fai|Fang|Florian|Frankie|Genis|GravyBones|Hala|Ira|Iyslander|Jarl|Kano|Kassai|Katsu|Kavdaen|Kayo|Kox|Levia|Lexi|Librarian|Lyath|Marlynn|Maxx|Melody|Nuu|Oldhim|Olympia|Oscilio|Pleiades|Prism|Puffin|RKO|Reya|Rhinar|Riptide|Ruudi|Scurv|Shiyana|Slippy|Squizzy|Starvo|Taipanis|Taylor|Teklovossen|Terra|Theryon|Tuffnut|Uzuri|Valda|Verdance|Victor|Viserai|Vynnset|Yoji|Yorick|Zen|Zyggy,Blitz|ClassicConstructed|Draft|LivingLegend|Open|Sealed|UltimatePitFight,,False,False,True,True,True,P0,170,template_expandable
snatch,snatch_blue|snatch_red|snatch_yellow,Snatch,Action,ArmoryDeckAurora|ArmoryDeckBoltyn|ArmoryDeckIra|FaiSilverAgeDeck|HistoryPack1|Promos|WelcomeToRathe,Arakni|Aurora|Aurora2|Azalea|Benji|Betsy|Blaze|Bolfar|Boltyn|Bravo|Brevant|Briar|Broscilio|Brutus|Chane|Cindra|Crackni|Crix|Dash|DataDoll|Dorinthea|Dromai|Emperor|Enigma|Fai|Fang|Florian|Frankie|Genis|GravyBones|Hala|Ira|Iyslander|Jarl|Kano|Kassai|Katsu|Kavdaen|Kayo|Kox|Levia|Lexi|Librarian|Lyath|Marlynn|Maxx|Melody|Nuu|Oldhim|Olympia|Oscilio|Pleiades|Prism|Puffin|RKO|Reya|Rhinar|Riptide|Ruudi|Scurv|Shiyana|Slippy|Squizzy|Starvo|Taipanis|Taylor|Teklovossen|Terra|Theryon|Tuffnut|Uzuri|Valda|Verdance|Victor|Viserai|Vynnset|Yoji|Yorick|Zen|Zyggy,Blitz|Clash|ClassicConstructed|Draft|LivingLegend|Open|Sealed|SilverAge|UltimatePitFight,,False,False,True,True,True,P0,170,template_expandable
bite,bite_blue|bite_red|bite_yellow,Bite,Action,ArakniWebOfDeceitBlitzDeck|TheHunted,Arakni|Crackni|Nuu|Slippy|Uzuri,Blitz|Clash|ClassicConstructed|Draft|LivingLegend|Open|Sealed|SilverAge|UltimatePitFight,Stealth,False,False,True,True,True,P0,155,template_expandable
bleed_out,bleed_out_blue|bleed_out_red|bleed_out_yellow,Bleed Out,Action,BenjiBlitzDeck|Outsiders,Arakni|Benji|Cindra|Crackni|Fai|Ira|Katsu|Nuu|Slippy|Uzuri|Zen,Blitz|Clash|ClassicConstructed|Draft|LivingLegend|Open|Sealed|SilverAge|UltimatePitFight,GoAgain,False,False,True,True,True,P0,155,template_expandable
fate_foreseen,fate_foreseen_blue|fate_foreseen_red|fate_foreseen_yellow,Fate Foreseen,DefenseReaction,ArcaneRising|HistoryPack1|Promos,Arakni|Aurora|Aurora2|Azalea|Benji|Betsy|Blaze|Bolfar|Boltyn|Bravo|Brevant|Briar|Broscilio|Brutus|Chane|Cindra|Crackni|Crix|Dash|DataDoll|Dorinthea|Dromai|Emperor|Enigma|Fai|Fang|Florian|Frankie|Genis|GravyBones|Hala|Ira|Iyslander|Jarl|Kano|Kassai|Katsu|Kavdaen|Kayo|Kox|Levia|Lexi|Librarian|Lyath|Marlynn|Maxx|Melody|Nuu|Oldhim|Olympia|Oscilio|Pleiades|Prism|Puffin|RKO|Reya|Rhinar|Riptide|Ruudi|Scurv|Shiyana|Slippy|Squizzy|Starvo|Taipanis|Taylor|Teklovossen|Terra|Theryon|Tuffnut|Uzuri|Valda|Verdance|Victor|Viserai|Vynnset|Yoji|Yorick|Zen|Zyggy,Blitz|ClassicConstructed|Draft|LivingLegend|Open|Sealed|UltimatePitFight,Opt,False,False,True,True,True,P0,155,template_expandable
hurl,hurl_blue|hurl_red|hurl_yellow,Hurl,Action,ArakniBlitzDeck|Outsiders,Arakni|Benji|Cindra|Crackni|Fai|Ira|Katsu|Nuu|Slippy|Uzuri|Zen,Blitz|Clash|ClassicConstructed|Draft|LivingLegend|Open|Sealed|SilverAge|UltimatePitFight,GoAgain,False,False,True,True,True,P0,155,template_expandable
infect,infect_blue|infect_red|infect_yellow,Infect,Action,ArakniBlitzDeck|ArakniSilverAgeDeck|ArmoryDeckArakni|Outsiders|UzuriBlitzDeck,Arakni|Crackni|Nuu|Slippy|Uzuri,Blitz|Clash|ClassicConstructed|Draft|LivingLegend|Open|Sealed|SilverAge|UltimatePitFight,Stealth,False,False,True,True,True,P0,155,template_expandable
isolate,isolate_blue|isolate_red|isolate_yellow,Isolate,Action,ArakniBlitzDeck|Outsiders|UzuriBlitzDeck,Arakni|Crackni|Nuu|Slippy|Uzuri,Blitz|Clash|ClassicConstructed|Draft|LivingLegend|Open|Sealed|SilverAge|UltimatePitFight,Dominate|Stealth,False,False,True,True,True,P0,155,template_expandable
ravenous_rabble,ravenous_rabble_blue|ravenous_rabble_red|ravenous_rabble_yellow,Ravenous Rabble,Action,ArcaneRising|ArmoryDeckAzalea|AzaleaBlitzDeck|AzaleaSilverAgeDeck|DromaiBlitzDeck|HighSeas|HistoryPack1|Outsiders|Promos|RiptideBlitzDeck,Arakni|Aurora|Aurora2|Azalea|Benji|Betsy|Blaze|Bolfar|Boltyn|Bravo|Brevant|Briar|Broscilio|Brutus|Chane|Cindra|Crackni|Crix|Dash|DataDoll|Dorinthea|Dromai|Emperor|Enigma|Fai|Fang|Florian|Frankie|Genis|GravyBones|Hala|Ira|Iyslander|Jarl|Kano|Kassai|Katsu|Kavdaen|Kayo|Kox|Levia|Lexi|Librarian|Lyath|Marlynn|Maxx|Melody|Nuu|Oldhim|Olympia|Oscilio|Pleiades|Prism|Puffin|RKO|Reya|Rhinar|Riptide|Ruudi|Scurv|Shiyana|Slippy|Squizzy|Starvo|Taipanis|Taylor|Teklovossen|Terra|Theryon|Tuffnut|Uzuri|Valda|Verdance|Victor|Viserai|Vynnset|Yoji|Yorick|Zen|Zyggy,Blitz|Clash|ClassicConstructed|Draft|LivingLegend|Open|Sealed|SilverAge|UltimatePitFight,GoAgain,False,False,True,True,True,P0,155,template_expandable
arakni,arakni,Arakni,Hero,ArakniBlitzDeckARK|Dynasty|Promos|TheHunted,Arakni,Blitz|Clash|Open|SilverAge|UltimatePitFight,,False,False,True,False,True,P0,145,manual_custom
back_stab,back_stab_blue|back_stab_red|back_stab_yellow,Back Stab,Action,ArakniWebOfDeceitBlitzDeck|Outsiders|TheHunted,Arakni|Crackni|Nuu|Slippy|Uzuri,Blitz|Clash|ClassicConstructed|Draft|LivingLegend|Open|Sealed|SilverAge|UltimatePitFight,Stealth,False,False,True,False,True,P0,130,manual_or_keyword_gap
malign,malign_blue|malign_red|malign_yellow,Malign,Action,ArakniBlitzDeck|Outsiders,Arakni|Crackni|Nuu|Slippy|Uzuri,Blitz|Clash|ClassicConstructed|Draft|LivingLegend|Open|Sealed|SilverAge|UltimatePitFight,Stealth,False,False,True,False,True,P0,130,manual_or_keyword_gap
red_in_the_ledger,red_in_the_ledger_red,Red in the Ledger,Action,ArcaneRising|ArmoryDeckAzalea|HistoryPack1,Azalea|Shiyana,Blitz|Clash|ClassicConstructed|Draft|LivingLegend|Open|Sealed|UltimatePitFight,Specialization,False,False,True,False,True,P0,130,manual_or_keyword_gap
scar_for_a_scar,scar_for_a_scar_blue|scar_for_a_scar_red|scar_for_a_scar_yellow,Scar for a Scar,Action,ArmoryDeckGravyBones|ArmoryDeckIra|DorintheaSilverAgeDeck|FaiSilverAgeDeck|HighSeas|HistoryPack1|IraWelcomeDeck|KatsuBlitzDeck|KatsuHeroDeck|Promos|Uprising|WelcomeToRathe,Arakni|Aurora|Aurora2|Azalea|Benji|Betsy|Blaze|Bolfar|Boltyn|Bravo|Brevant|Briar|Broscilio|Brutus|Chane|Cindra|Crackni|Crix|Dash|DataDoll|Dorinthea|Dromai|Emperor|Enigma|Fai|Fang|Florian|Frankie|Genis|GravyBones|Hala|Ira|Iyslander|Jarl|Kano|Kassai|Katsu|Kavdaen|Kayo|Kox|Levia|Lexi|Librarian|Lyath|Marlynn|Maxx|Melody|Nuu|Oldhim|Olympia|Oscilio|Pleiades|Prism|Puffin|RKO|Reya|Rhinar|Riptide|Ruudi|Scurv|Shiyana|Slippy|Squizzy|Starvo|Taipanis|Taylor|Teklovossen|Terra|Theryon|Tuffnut|Uzuri|Valda|Verdance|Victor|Viserai|Vynnset|Yoji|Yorick|Zen|Zyggy,Blitz|Clash|ClassicConstructed|Draft|LivingLegend|Open|Sealed|SilverAge|UltimatePitFight,GoAgain,False,False,True,False,True,P0,130,manual_or_keyword_gap
aether_slash,aether_slash_blue|aether_slash_red|aether_slash_yellow,Aether Slash,Action,Dynasty,Aurora|Aurora2|Briar|Chane|Florian|Viserai|Vynnset,Blitz|Clash|ClassicConstructed|LivingLegend|Open|SilverAge|UltimatePitFight,,False,False,True,True,False,P1,70,template_expandable
affirm_loyalty,affirm_loyalty_red,Affirm Loyalty,AttackReaction,FangBlitzDeck|GEM|TheHunted,Emperor|Fang,Blitz|Clash|ClassicConstructed|Draft|LivingLegend|Open|Sealed|SilverAge|UltimatePitFight,,False,False,True,True,False,P1,70,template_expandable
aftershock,aftershock_blue|aftershock_red|aftershock_yellow,Aftershock,Action,MasteryPackGuardian,Betsy|Bolfar|Bravo|Brevant|Crix|Jarl|Kox|Lyath|Oldhim|Pleiades|Reya|Starvo|Terra|Valda|Victor|Yoji,Blitz|Clash|ClassicConstructed|LivingLegend|Open|SilverAge|UltimatePitFight,,False,False,True,True,False,P1,70,template_expandable
agile_windup,agile_windup_blue|agile_windup_red|agile_windup_yellow,Agile Windup,Action,HeavyHitters|KayoBlitzDeck|RhinarBlitzDeck,Boltyn|Dorinthea|Emperor|Fang|Hala|Kassai|Kayo|Levia|Olympia|RKO|Rhinar|Tuffnut,Blitz|Clash|ClassicConstructed|Draft|LivingLegend|Open|Sealed|SilverAge|UltimatePitFight,,False,False,True,True,False,P1,70,template_expandable
anaphylactic_shock,anaphylactic_shock_blue,Anaphylactic Shock,Instant,TheHunted,Arakni|Crackni|Nuu|Slippy|Uzuri,Blitz|ClassicConstructed|Draft|LivingLegend|Open|Sealed|UltimatePitFight,,False,False,True,True,False,P1,70,template_expandable
ancestral_empowerment,ancestral_empowerment_red,Ancestral Empowerment,AttackReaction,HistoryPack1|WelcomeToRathe,Benji|Cindra|Fai|Ira|Katsu|Zen,Blitz|ClassicConstructed|Draft|LivingLegend|Open|Sealed|UltimatePitFight,,False,False,True,True,False,P1,70,template_expandable
angry_bones,angry_bones_blue|angry_bones_red|angry_bones_yellow,Angry Bones,Action,HighSeas,GravyBones,Blitz|Clash|ClassicConstructed|Draft|LivingLegend|Open|Sealed|SilverAge|UltimatePitFight,,False,False,True,True,False,P1,70,template_expandable
arakni_tarantula,arakni_tarantula,"Arakni, Tarantula",DemiHero,ArakniSilverAgeDeck|ArakniWebOfDeceitBlitzDeck|Promos|TheHunted,Arakni|Crackni|Slippy,Blitz|Clash|ClassicConstructed|Draft|LivingLegend|Open|Sealed|SilverAge|UltimatePitFight,,False,False,True,True,False,P1,70,template_expandable
arcane_polarity,arcane_polarity_blue|arcane_polarity_red|arcane_polarity_yellow,Arcane Polarity,Instant,FaiSilverAgeDeck|Rosetta,Arakni|Aurora|Aurora2|Azalea|Benji|Betsy|Blaze|Bolfar|Boltyn|Bravo|Brevant|Briar|Broscilio|Brutus|Chane|Cindra|Crackni|Crix|Dash|DataDoll|Dorinthea|Dromai|Emperor|Enigma|Fai|Fang|Florian|Frankie|Genis|GravyBones|Hala|Ira|Iyslander|Jarl|Kano|Kassai|Katsu|Kavdaen|Kayo|Kox|Levia|Lexi|Librarian|Lyath|Marlynn|Maxx|Melody|Nuu|Oldhim|Olympia|Oscilio|Pleiades|Prism|Puffin|RKO|Reya|Rhinar|Riptide|Ruudi|Scurv|Shiyana|Slippy|Squizzy|Starvo|Taipanis|Taylor|Teklovossen|Terra|Theryon|Tuffnut|Uzuri|Valda|Verdance|Victor|Viserai|Vynnset|Yoji|Yorick|Zen|Zyggy,Blitz|Clash|ClassicConstructed|Draft|LivingLegend|Open|Sealed|SilverAge|UltimatePitFight,,False,False,True,True,False,P1,70,template_expandable
arcanic_crackle,arcanic_crackle_blue|arcanic_crackle_red|arcanic_crackle_yellow,Arcanic Crackle,Action,ArmoryDeckAurora|Monarch,Aurora|Aurora2|Briar|Chane|Florian|Viserai|Vynnset,Blitz|Clash|ClassicConstructed|Draft|LivingLegend|Open|Sealed|SilverAge|UltimatePitFight,,False,False,True,True,False,P1,70,template_expandable
arcanic_spike,arcanic_spike_blue|arcanic_spike_red|arcanic_spike_yellow,Arcanic Spike,Action,Rosetta,Aurora|Aurora2|Briar|Chane|Florian|Viserai|Vynnset,Blitz|Clash|ClassicConstructed|Draft|LivingLegend|Open|Sealed|SilverAge|UltimatePitFight,,False,False,True,True,False,P1,70,template_expandable
arctic_incarceration,arctic_incarceration_blue|arctic_incarceration_red|arctic_incarceration_yellow,Arctic Incarceration,Action,Uprising,Iyslander|Jarl|Lexi|Oldhim|Starvo,Blitz|Clash|ClassicConstructed|Draft|LivingLegend|Open|Sealed|SilverAge|UltimatePitFight,,False,False,True,True,False,P1,70,template_expandable
art_of_the_dragon_fire,art_of_the_dragon_fire_red,Art of the Dragon: Fire,Action,CindraBlitzDeck|FaiSilverAgeDeck|Promos|TheHunted,Benji|Cindra|Fai|Ira|Katsu|Zen,Blitz|Clash|ClassicConstructed|Draft|LivingLegend|Open|Sealed|SilverAge|UltimatePitFight,,False,False,True,True,False,P1,70,template_expandable
art_of_the_phoenix_war,art_of_the_phoenix_war_red,Art of the Phoenix: War,Instant,CompendiumOfRathe,Cindra|Dromai|Emperor|Fai|Fang|Taipanis,Blitz|ClassicConstructed|LivingLegend|Open|UltimatePitFight,,False,False,True,True,False,P1,70,template_expandable
art_of_war,art_of_war_yellow,Art of War,Instant,ArcaneRising|HistoryPack1|Promos,Arakni|Aurora|Aurora2|Azalea|Benji|Betsy|Blaze|Bolfar|Boltyn|Bravo|Brevant|Briar|Broscilio|Brutus|Chane|Cindra|Crackni|Crix|Dash|DataDoll|Dorinthea|Dromai|Enigma|Fai|Fang|Florian|Frankie|Genis|GravyBones|Hala|Ira|Iyslander|Jarl|Kano|Kassai|Katsu|Kavdaen|Kayo|Kox|Levia|Lexi|Librarian|Lyath|Marlynn|Maxx|Melody|Nuu|Oldhim|Olympia|Oscilio|Pleiades|Prism|Puffin|RKO|Reya|Rhinar|Riptide|Ruudi|Scurv|Shiyana|Slippy|Squizzy|Starvo|Taipanis|Taylor|Teklovossen|Terra|Theryon|Tuffnut|Uzuri|Valda|Verdance|Victor|Viserai|Vynnset|Yoji|Yorick|Zen|Zyggy,Blitz|Draft|LivingLegend|Open|Sealed|UltimatePitFight,,False,False,True,True,False,P1,70,template_expandable
asking_for_trouble,asking_for_trouble_yellow,Asking for Trouble,Block,SuperSlam,Kayo|Levia|RKO|Rhinar|Tuffnut,Blitz|Clash|ClassicConstructed|Draft|LivingLegend|Open|Sealed|SilverAge|UltimatePitFight,,False,False,True,True,False,P1,70,template_expandable
astravolt_elemental,astravolt_elemental_red,Astravolt Elemental,Action,CompendiumOfRathe,Aurora|Aurora2|Briar|Broscilio|Lexi|Oscilio|Starvo|Zyggy,Blitz|ClassicConstructed|LivingLegend|Open|UltimatePitFight,,False,False,True,True,False,P1,70,template_expandable
aurora_emissary_of_lightning,aurora_emissary_of_lightning,"Aurora, Emissary of Lightning",Hero,OmensOfTheThirdAge,Aurora2,Blitz|Clash|Draft|Open|Sealed|SilverAge|UltimatePitFight,,False,False,True,True,False,P1,70,template_expandable
azvolai,azvolai,Azvolai,,Uprising,Dromai,Blitz|Clash|ClassicConstructed|Draft|LivingLegend|Open|Sealed|SilverAge|UltimatePitFight,,False,False,True,True,False,P1,70,template_expandable
ball_breaker,ball_breaker,Ball Breaker,Weapon,HeavyHitters|Promos|RhinarBlitzDeck,Kayo|Levia|RKO|Rhinar|Tuffnut,Blitz|Clash|ClassicConstructed|Draft|LivingLegend|Open|Sealed|SilverAge|UltimatePitFight,,False,False,True,True,False,P1,70,template_expandable
barbed_barrage,barbed_barrage_red,Barbed Barrage,Action,HighSeas,Azalea|Lexi|Marlynn|Riptide,Blitz|ClassicConstructed|Draft|LivingLegend|Open|Sealed|UltimatePitFight,,False,False,True,True,False,P1,70,template_expandable
bare_fangs,bare_fangs_blue|bare_fangs_red|bare_fangs_yellow,Bare Fangs,Action,ArmoryDeckKayo|ClassicBattlesRhinarDorinthea|Everfest|HeavyHitters|KayoBlitzDeck|KayoSilverAgeDeck|RhinarBlitzDeck,Kayo|Levia|RKO|Rhinar|Tuffnut,Blitz|Clash|ClassicConstructed|Draft|LivingLegend|Open|Sealed|SilverAge|UltimatePitFight,,False,False,True,True,False,P1,70,template_expandable
barraging_brawnhide,barraging_brawnhide_blue|barraging_brawnhide_red|barraging_brawnhide_yellow,Barraging Brawnhide,Action,WelcomeToRathe,Arakni|Aurora|Aurora2|Azalea|Benji|Betsy|Blaze|Bolfar|Boltyn|Bravo|Brevant|Briar|Broscilio|Brutus|Chane|Cindra|Crackni|Crix|Dash|DataDoll|Dorinthea|Dromai|Emperor|Enigma|Fai|Fang|Florian|Frankie|Genis|GravyBones|Hala|Ira|Iyslander|Jarl|Kano|Kassai|Katsu|Kavdaen|Kayo|Kox|Levia|Lexi|Librarian|Lyath|Marlynn|Maxx|Melody|Nuu|Oldhim|Olympia|Oscilio|Pleiades|Prism|Puffin|RKO|Reya|Rhinar|Riptide|Ruudi|Scurv|Shiyana|Slippy|Squizzy|Starvo|Taipanis|Taylor|Teklovossen|Terra|Theryon|Tuffnut|Uzuri|Valda|Verdance|Victor|Viserai|Vynnset|Yoji|Yorick|Zen|Zyggy,Blitz|Clash|ClassicConstructed|Draft|LivingLegend|Open|Sealed|SilverAge|UltimatePitFight,,False,False,True,True,False,P1,70,template_expandable
bash_brute,bash_brute_red,Bash Brute,Action,SuperSlam,Betsy|Bolfar|Bravo|Brevant|Crix|Jarl|Kox|Lyath|Oldhim|Pleiades|Reya|Starvo|Terra|Valda|Victor|Yoji,Blitz|Clash|ClassicConstructed|Draft|LivingLegend|Open|Sealed|SilverAge|UltimatePitFight,,False,False,True,True,False,P1,70,template_expandable
bash_guardian,bash_guardian_red,Bash Guardian,Action,SuperSlam,Kayo|Levia|RKO|Rhinar|Tuffnut,Blitz|Clash|ClassicConstructed|Draft|LivingLegend|Open|Sealed|SilverAge|UltimatePitFight,,False,False,True,True,False,P1,70,template_expandable
battered_not_broken,battered_not_broken_red,Battered Not Broken,Instant,HeavyHitters|Promos,Betsy|Bolfar|Bravo|Brevant|Crix|Jarl|Kayo|Kox|Levia|Lyath|Oldhim|Pleiades|RKO|Reya|Rhinar|Starvo|Terra|Tuffnut|Valda|Victor|Yoji,Blitz|Clash|ClassicConstructed|Draft|LivingLegend|Open|Sealed|SilverAge|UltimatePitFight,,False,False,True,True,False,P1,70,template_expandable
battlefront_bastion,battlefront_bastion_blue|battlefront_bastion_red|battlefront_bastion_yellow,Battlefront Bastion,Action,EnigmaBlitzDeck|PartTheMistveil|Promos,Arakni|Aurora|Aurora2|Azalea|Benji|Betsy|Blaze|Bolfar|Boltyn|Bravo|Brevant|Briar|Broscilio|Brutus|Chane|Cindra|Crackni|Crix|Dash|DataDoll|Dorinthea|Dromai|Emperor|Enigma|Fai|Fang|Florian|Frankie|Genis|GravyBones|Hala|Ira|Iyslander|Jarl|Kano|Kassai|Katsu|Kavdaen|Kayo|Kox|Levia|Lexi|Librarian|Lyath|Marlynn|Maxx|Melody|Nuu|Oldhim|Olympia|Oscilio|Pleiades|Prism|Puffin|RKO|Reya|Rhinar|Riptide|Ruudi|Scurv|Shiyana|Slippy|Squizzy|Starvo|Taipanis|Taylor|Teklovossen|Terra|Theryon|Tuffnut|Uzuri|Valda|Verdance|Victor|Viserai|Vynnset|Yoji|Yorick|Zen|Zyggy,Blitz|Clash|ClassicConstructed|Draft|LivingLegend|Open|Sealed|SilverAge|UltimatePitFight,,False,False,True,True,False,P1,70,template_expandable
big_shot,big_shot_red,Big Shot,Action,BrightLights,Dash|DataDoll|Maxx|Puffin|Teklovossen,Blitz|Clash|ClassicConstructed|Draft|LivingLegend|Open|Sealed|SilverAge|UltimatePitFight,,False,False,True,True,False,P1,70,template_expandable
blade_flurry,blade_flurry_red,Blade Flurry,AttackReaction,HeavyHitters,Boltyn|Dorinthea|Emperor|Fang|Hala|Kassai|Olympia,Blitz|ClassicConstructed|Draft|LivingLegend|Open|Sealed|UltimatePitFight,,False,False,True,True,False,P1,70,template_expandable
blessing_of_occult,blessing_of_occult_blue|blessing_of_occult_red|blessing_of_occult_yellow,Blessing of Occult,Action,Dynasty,Aurora|Aurora2|Briar|Chane|Florian|Viserai|Vynnset,Blitz|Clash|ClassicConstructed|LivingLegend|Open|SilverAge|UltimatePitFight,,False,False,True,True,False,P1,70,template_expandable
blessing_of_salvation,blessing_of_salvation_blue|blessing_of_salvation_red|blessing_of_salvation_yellow,Blessing of Salvation,Action,DuskTillDawn,Boltyn|Librarian|Prism|Theryon,Blitz|Clash|ClassicConstructed|LivingLegend|Open|SilverAge|UltimatePitFight,,False,False,True,True,False,P1,70,template_expandable
blessing_of_steel,blessing_of_steel_blue|blessing_of_steel_red|blessing_of_steel_yellow,Blessing of Steel,Action,Dynasty,Boltyn|Dorinthea|Emperor|Fang|Hala|Kassai|Olympia,Blitz|Clash|ClassicConstructed|LivingLegend|Open|SilverAge|UltimatePitFight,,False,False,True,True,False,P1,70,template_expandable
blessing_of_vynserakai,blessing_of_vynserakai_red,Blessing of Vynserakai,Action,TheHunted,Cindra|Dromai|Emperor|Fai|Fang|Taipanis,Blitz|Clash|ClassicConstructed|Draft|LivingLegend|Open|Sealed|SilverAge|UltimatePitFight,,False,False,True,True,False,P1,70,template_expandable
blink,blink_blue,Blink,Instant,TalesOfAria,Aurora|Aurora2|Briar|Broscilio|Lexi|Oscilio|Starvo|Zyggy,Blitz|ClassicConstructed|Draft|LivingLegend|Open|Sealed|UltimatePitFight,,False,False,True,True,False,P1,70,template_expandable
blood_in_the_water,blood_in_the_water_red,Blood in the Water,DefenseReaction,HighSeas,GravyBones,Blitz|ClassicConstructed|Draft|LivingLegend|Open|Sealed|UltimatePitFight,,False,False,True,True,False,P1,70,template_expandable
blood_runs_deep,blood_runs_deep_red,Blood Runs Deep,Action,Promos|TheHunted,Cindra|Fai,Blitz|ClassicConstructed|Draft|LivingLegend|Open|Sealed|UltimatePitFight,,False,False,True,True,False,P1,70,template_expandable
bloodrot_trap,bloodrot_trap_red,Bloodrot Trap,DefenseReaction,ArakniBlitzDeck|Outsiders|RiptideBlitzDeck,Arakni|Azalea|Crackni|Lexi|Marlynn|Nuu|Riptide|Slippy|Uzuri,Blitz|Clash|ClassicConstructed|Draft|LivingLegend|Open|Sealed|SilverAge|UltimatePitFight,,False,False,True,True,False,P1,70,template_expandable
blunten,blunten_yellow,Blunten,Block,CompendiumOfRathe,Boltyn|Dorinthea|Fang|Hala|Kassai|Olympia,Blitz|ClassicConstructed|LivingLegend|Open|UltimatePitFight,,False,False,True,True,False,P1,70,template_expandable
brainstorm,brainstorm_blue,Brainstorm,Instant,Dynasty,Blaze|Broscilio|Iyslander|Kano|Oscilio|Verdance,Blitz|ClassicConstructed|LivingLegend|Open|UltimatePitFight,,False,False,True,True,False,P1,70,template_expandable
break_ground,break_ground_blue|break_ground_red|break_ground_yellow,Break Ground,Action,TalesOfAria,Briar|Florian|Jarl|Oldhim|Starvo|Terra|Verdance,Blitz|Clash|ClassicConstructed|Draft|LivingLegend|Open|Sealed|SilverAge|UltimatePitFight,,False,False,True,True,False,P1,70,template_expandable
brothers_in_arms,brothers_in_arms_blue|brothers_in_arms_red|brothers_in_arms_yellow,Brothers in Arms,Action,SuperSlam|Uprising,Arakni|Aurora|Aurora2|Azalea|Benji|Betsy|Blaze|Bolfar|Boltyn|Bravo|Brevant|Briar|Broscilio|Brutus|Chane|Cindra|Crackni|Crix|Dash|DataDoll|Dorinthea|Dromai|Emperor|Enigma|Fai|Fang|Florian|Frankie|Genis|GravyBones|Hala|Ira|Iyslander|Jarl|Kano|Kassai|Katsu|Kavdaen|Kayo|Kox|Levia|Lexi|Librarian|Lyath|Marlynn|Maxx|Melody|Nuu|Oldhim|Olympia|Oscilio|Pleiades|Prism|Puffin|RKO|Reya|Rhinar|Riptide|Ruudi|Scurv|Shiyana|Slippy|Squizzy|Starvo|Taipanis|Taylor|Teklovossen|Terra|Theryon|Tuffnut|Uzuri|Valda|Verdance|Victor|Viserai|Vynnset|Yoji|Yorick|Zen|Zyggy,Blitz|Clash|ClassicConstructed|Draft|LivingLegend|Open|Sealed|SilverAge|UltimatePitFight,,False,False,True,True,False,P1,70,template_expandable
brothers_of_flame,brothers_of_flame_red,Brothers of Flame,AttackReaction,TheHunted,Emperor|Fang,Blitz|Clash|ClassicConstructed|Draft|LivingLegend|Open|Sealed|SilverAge|UltimatePitFight,,False,False,True,True,False,P1,70,template_expandable
burn_bare,burn_bare,Burn Bare,Action,HighSeas,Blaze|Broscilio|Iyslander|Kano|Oscilio|Verdance,Blitz|ClassicConstructed|LivingLegend|Open|UltimatePitFight,,False,False,True,True,False,P1,70,template_expandable
burn_rubber,burn_rubber_red,Burn Rubber,Action,BrightLights,Dash|DataDoll|Maxx|Puffin|Teklovossen,Blitz|Clash|ClassicConstructed|Draft|LivingLegend|Open|Sealed|SilverAge|UltimatePitFight,,False,False,True,True,False,P1,70,template_expandable
canopy_shelter,canopy_shelter_blue,Canopy Shelter,Block,FirstStrikeTerra,Briar|Florian|Jarl|Oldhim|Starvo|Terra|Verdance,Blitz|Clash|ClassicConstructed|LivingLegend|Open|SilverAge|UltimatePitFight,,False,False,True,True,False,P1,70,template_expandable
cap_of_quick_thinking,cap_of_quick_thinking,Cap of Quick Thinking,Equipment,ArmoryDeckAurora,Aurora|Aurora2|Briar|Broscilio|Lexi|Oscilio|Starvo|Taylor|Zyggy,Blitz|ClassicConstructed|LivingLegend|Open|UltimatePitFight,,False,False,True,True,False,P1,70,template_expandable
captain_of_the_guard,captain_of_the_guard_blue,Captain of the Guard,Action,MasteryPackGuardian,Arakni|Aurora|Aurora2|Azalea|Benji|Betsy|Blaze|Bolfar|Boltyn|Bravo|Brevant|Briar|Broscilio|Brutus|Chane|Cindra|Crackni|Crix|Dash|DataDoll|Dorinthea|Dromai|Enigma|Fai|Fang|Florian|Frankie|Genis|GravyBones|Hala|Ira|Iyslander|Jarl|Kano|Kassai|Katsu|Kavdaen|Kayo|Kox|Levia|Lexi|Librarian|Lyath|Marlynn|Maxx|Melody|Nuu|Oldhim|Olympia|Oscilio|Pleiades|Prism|Puffin|RKO|Reya|Rhinar|Riptide|Ruudi|Scurv|Shiyana|Slippy|Squizzy|Starvo|Taipanis|Taylor|Teklovossen|Terra|Theryon|Tuffnut|Uzuri|Valda|Verdance|Victor|Viserai|Vynnset|Yoji|Yorick|Zen|Zyggy,Blitz|ClassicConstructed|LivingLegend|Open|UltimatePitFight,,False,False,True,True,False,P1,70,template_expandable
celestial_resolve,celestial_resolve_blue|celestial_resolve_red|celestial_resolve_yellow,Celestial Resolve,Instant,DuskTillDawn,Prism,Blitz|Clash|ClassicConstructed|LivingLegend|Open|SilverAge|UltimatePitFight,,False,False,True,True,False,P1,70,template_expandable
challenge_the_alpha,challenge_the_alpha_yellow,Challenge the Alpha,Action,SuperSlam,Kayo|Levia|RKO|Rhinar|Tuffnut,Blitz|ClassicConstructed|Draft|LivingLegend|Open|Sealed|UltimatePitFight,,False,False,True,True,False,P1,70,template_expandable
chorus_of_the_amphitheater,chorus_of_the_amphitheater_blue|chorus_of_the_amphitheater_red|chorus_of_the_amphitheater_yellow,Chorus of the Amphitheater,Action,Rosetta,Blaze|Broscilio|Emperor|Iyslander|Kano|Oscilio|Verdance,Blitz|Clash|ClassicConstructed|Draft|LivingLegend|Open|Sealed|SilverAge|UltimatePitFight,,False,False,True,True,False,P1,70,template_expandable
cloud_city_steamboat,cloud_city_steamboat_blue|cloud_city_steamboat_red|cloud_city_steamboat_yellow,Cloud City Steamboat,Action,HighSeas,Dash|DataDoll|Maxx|Puffin|Teklovossen,Blitz|Clash|ClassicConstructed|Draft|LivingLegend|Open|Sealed|SilverAge|UltimatePitFight,,False,False,True,True,False,P1,70,template_expandable
cog_in_the_machine,cog_in_the_machine_red,Cog in the Machine,Action,HighSeas,Dash|DataDoll|Maxx|Puffin|Teklovossen,Blitz|ClassicConstructed|Draft|LivingLegend|Open|Sealed|UltimatePitFight,,False,False,True,True,False,P1,70,template_expandable
cogwerx_workshop,cogwerx_workshop_blue,Cogwerx Workshop,Action,HighSeas,Dash|DataDoll|Maxx|Puffin|Teklovossen,Blitz|ClassicConstructed|Draft|LivingLegend|Open|Sealed|UltimatePitFight,,False,False,True,True,False,P1,70,template_expandable
cogwerx_zeppelin,cogwerx_zeppelin_blue|cogwerx_zeppelin_red|cogwerx_zeppelin_yellow,Cogwerx Zeppelin,Action,HighSeas,Dash|DataDoll|Maxx|Puffin|Teklovossen,Blitz|Clash|ClassicConstructed|Draft|LivingLegend|Open|Sealed|SilverAge|UltimatePitFight,,False,False,True,True,False,P1,70,template_expandable
concuss,concuss_blue|concuss_red|concuss_yellow,Concuss,Action,FirstStrikeTerra|BetsyBlitzDeck|HeavyHitters|VictorBlitzDeck,Betsy|Bolfar|Bravo|Brevant|Crix|Jarl|Kox|Lyath|Oldhim|Pleiades|Reya|Starvo|Terra|Valda|Victor|Yoji,Blitz|Clash|ClassicConstructed|Draft|LivingLegend|Open|Sealed|SilverAge|UltimatePitFight,,False,False,True,True,False,P1,70,template_expandable
consuming_volition,consuming_volition_blue|consuming_volition_red|consuming_volition_yellow,Consuming Volition,Action,ChaneBlitzDeck|CrucibleOfWar|Rosetta,Aurora|Aurora2|Briar|Chane|Florian|Viserai|Vynnset,Blitz|Clash|ClassicConstructed|Draft|LivingLegend|Open|Sealed|SilverAge|UltimatePitFight,,False,False,True,True,False,P1,70,template_expandable
crash_and_bash,crash_and_bash_blue|crash_and_bash_red|crash_and_bash_yellow,Crash and Bash,Block,BravoSilverAgeDeck|MasteryPackGuardian,Betsy|Bolfar|Bravo|Brevant|Crix|Jarl|Kox|Lyath|Oldhim|Pleiades|Reya|Starvo|Terra|Valda|Victor|Yoji,Blitz|Clash|ClassicConstructed|LivingLegend|Open|SilverAge|UltimatePitFight,,False,False,True,True,False,P1,70,template_expandable
crash_down,crash_down_red|crash_down_yellow,Crash Down,Action,BravoDemoDeck|RoundTheTable,Betsy|Bolfar|Bravo|Brevant|Crix|Jarl|Kox|Lyath|Oldhim|Pleiades|Reya|Starvo|Terra|Valda|Victor|Yoji,Blitz|Clash|ClassicConstructed|LivingLegend|Open|SilverAge|UltimatePitFight,,False,False,True,True,False,P1,70,template_expandable
cromai,cromai,Cromai,,Uprising,Dromai,Blitz|Clash|ClassicConstructed|Draft|LivingLegend|Open|Sealed|SilverAge|UltimatePitFight,,False,False,True,True,False,P1,70,template_expandable
crown_of_seeds,crown_of_seeds,Crown of Seeds,Equipment,Promos|TalesOfAria,Briar|Florian|Jarl|Oldhim|Starvo|Taylor|Terra|Verdance,Blitz|Draft|Open|Sealed|UltimatePitFight,,False,False,True,True,False,P1,70,template_expandable
cut_down_to_size,cut_down_to_size_blue|cut_down_to_size_red|cut_down_to_size_yellow,Cut Down to Size,Action,Outsiders|UzuriBlitzDeck,Arakni|Aurora|Aurora2|Azalea|Benji|Betsy|Blaze|Bolfar|Boltyn|Bravo|Brevant|Briar|Broscilio|Brutus|Chane|Cindra|Crackni|Crix|Dash|DataDoll|Dorinthea|Dromai|Emperor|Enigma|Fai|Fang|Florian|Frankie|Genis|GravyBones|Hala|Ira|Iyslander|Jarl|Kano|Kassai|Katsu|Kavdaen|Kayo|Kox|Levia|Lexi|Librarian|Lyath|Marlynn|Maxx|Melody|Nuu|Oldhim|Olympia|Oscilio|Pleiades|Prism|Puffin|RKO|Reya|Rhinar|Riptide|Ruudi|Scurv|Shiyana|Slippy|Squizzy|Starvo|Taipanis|Taylor|Teklovossen|Terra|Theryon|Tuffnut|Uzuri|Valda|Verdance|Victor|Viserai|Vynnset|Yoji|Yorick|Zen|Zyggy,Blitz|Clash|ClassicConstructed|Draft|LivingLegend|Open|Sealed|SilverAge|UltimatePitFight,,False,False,True,True,False,P1,70,template_expandable
dampen,dampen_blue|dampen_red|dampen_yellow,Dampen,Action,Uprising,Blaze|Broscilio|Emperor|Iyslander|Kano|Oscilio|Verdance,Blitz|Clash|ClassicConstructed|Draft|LivingLegend|Open|Sealed|SilverAge|UltimatePitFight,,False,False,True,True,False,P1,70,template_expandable
darling_of_the_crowd,darling_of_the_crowd_yellow,Darling of the Crowd,Block,SuperSlam,Pleiades|Tuffnut,Blitz|Clash|ClassicConstructed|Draft|LivingLegend|Open|Sealed|SilverAge|UltimatePitFight,,False,False,True,True,False,P1,70,template_expandable
deathly_duet,deathly_duet_blue|deathly_duet_red|deathly_duet_yellow,Deathly Duet,Action,Dynasty,Aurora|Aurora2|Briar|Chane|Florian|Viserai|Vynnset,Blitz|Clash|ClassicConstructed|LivingLegend|Open|SilverAge|UltimatePitFight,,False,False,True,True,False,P1,70,template_expandable
defender_of_daybreak,defender_of_daybreak_blue|defender_of_daybreak_red|defender_of_daybreak_yellow,Defender of Daybreak,Action,DuskTillDawn,Boltyn|Librarian|Prism|Theryon,Blitz|Clash|ClassicConstructed|LivingLegend|Open|SilverAge|UltimatePitFight,,False,False,True,True,False,P1,70,template_expandable
deny_redemption,deny_redemption_red,Deny Redemption,Action,HighSeas,Aurora|Aurora2|Briar|Chane|Florian|Viserai|Vynnset,Blitz|ClassicConstructed|LivingLegend|Open|UltimatePitFight,,False,False,True,True,False,P1,70,template_expandable
descend_into_madness,descend_into_madness_blue,Descend into Madness,AttackReaction,CompendiumOfRathe,Crackni|Slippy,Blitz|Clash|ClassicConstructed|LivingLegend|Open|SilverAge|UltimatePitFight,,False,False,True,True,False,P1,70,template_expandable
destructive_deliberation,destructive_deliberation_blue|destructive_deliberation_red|destructive_deliberation_yellow,Destructive Deliberation,Action,Outsiders|UzuriBlitzDeck,Arakni|Aurora|Aurora2|Azalea|Benji|Betsy|Blaze|Bolfar|Boltyn|Bravo|Brevant|Briar|Broscilio|Brutus|Chane|Cindra|Crackni|Crix|Dash|DataDoll|Dorinthea|Dromai|Emperor|Enigma|Fai|Fang|Florian|Frankie|Genis|GravyBones|Hala|Ira|Iyslander|Jarl|Kano|Kassai|Katsu|Kavdaen|Kayo|Kox|Levia|Lexi|Librarian|Lyath|Marlynn|Maxx|Melody|Nuu|Oldhim|Olympia|Oscilio|Pleiades|Prism|Puffin|RKO|Reya|Rhinar|Riptide|Ruudi|Scurv|Shiyana|Slippy|Squizzy|Starvo|Taipanis|Taylor|Teklovossen|Terra|Theryon|Tuffnut|Uzuri|Valda|Verdance|Victor|Viserai|Vynnset|Yoji|Yorick|Zen|Zyggy,Blitz|Clash|ClassicConstructed|Draft|LivingLegend|Open|Sealed|SilverAge|UltimatePitFight,,False,False,True,True,False,P1,70,template_expandable
diced,diced_blue|diced_red|diced_yellow,Diced,AttackReaction,TheHunted,Boltyn|Dorinthea|Emperor|Fang|Hala|Kassai|Olympia,Blitz|Clash|ClassicConstructed|Draft|LivingLegend|Open|Sealed|SilverAge|UltimatePitFight,,False,False,True,True,False,P1,70,template_expandable
disarm,disarm_yellow,Disarm,Action,SuperSlam,Pleiades|Tuffnut,Blitz|Clash|ClassicConstructed|Draft|LivingLegend|Open|Sealed|SilverAge|UltimatePitFight,,False,False,True,True,False,P1,70,template_expandable
disdainful_delight,disdainful_delight_yellow,Disdainful Delight,Block,SuperSlam,Lyath|RKO,Blitz|Clash|ClassicConstructed|Draft|LivingLegend|Open|Sealed|SilverAge|UltimatePitFight,,False,False,True,True,False,P1,70,template_expandable
disembody,disembody_red,Disembody,Action,SuperSlam,Pleiades|Tuffnut,Blitz|Clash|ClassicConstructed|Draft|LivingLegend|Open|Sealed|SilverAge|UltimatePitFight,,False,False,True,True,False,P1,70,template_expandable
disperse,disperse_blue,Disperse,Action,SuperSlam,Pleiades|Tuffnut,Blitz|Clash|ClassicConstructed|Draft|LivingLegend|Open|Sealed|SilverAge|UltimatePitFight,,False,False,True,True,False,P1,70,template_expandable
distant_rumbling,distant_rumbling_blue|distant_rumbling_red|distant_rumbling_yellow,Distant Rumbling,Action,CompendiumOfRathe,Betsy|Bolfar|Bravo|Brevant|Crix|Jarl|Kox|Lyath|Oldhim|Pleiades|Reya|Starvo|Terra|Valda|Victor|Yoji,Blitz|Clash|ClassicConstructed|LivingLegend|Open|SilverAge|UltimatePitFight,,False,False,True,True,False,P1,70,template_expandable
dragon_power,dragon_power_blue|dragon_power_red|dragon_power_yellow,Dragon Power,Action,TheHunted,Benji|Cindra|Fai|Ira|Katsu|Zen,Blitz|Clash|ClassicConstructed|Draft|LivingLegend|Open|Sealed|SilverAge|UltimatePitFight,,False,False,True,True,False,P1,70,template_expandable
drawn_to_the_dark_dimension,drawn_to_the_dark_dimension_blue|drawn_to_the_dark_dimension_red|drawn_to_the_dark_dimension_yellow,Drawn to the Dark Dimension,Action,ArcaneRising|ArmoryDeckLegendsViserai,Aurora|Aurora2|Briar|Chane|Florian|Viserai|Vynnset,Blitz|Clash|ClassicConstructed|Draft|LivingLegend|Open|Sealed|SilverAge|UltimatePitFight,,False,False,True,True,False,P1,70,template_expandable
dread_scythe,dread_scythe,Dread Scythe,Weapon,Monarch|Promos,Aurora|Aurora2|Briar|Chane|Florian|Viserai|Vynnset,Blitz|Clash|ClassicConstructed|Draft|LivingLegend|Open|Sealed|UltimatePitFight,,False,False,True,True,False,P1,70,template_expandable
dread_triptych,dread_triptych_blue,Dread Triptych,Action,CrucibleOfWar|HistoryPack1,Aurora|Aurora2|Briar|Chane|Florian|Viserai|Vynnset,Blitz|ClassicConstructed|LivingLegend|Open|UltimatePitFight,,False,False,True,True,False,P1,70,template_expandable
droplet,droplet_blue,Droplet,Action,PartTheMistveil,Enigma|Nuu|Zen,Blitz|Clash|ClassicConstructed|Draft|LivingLegend|Open|Sealed|SilverAge|UltimatePitFight,,False,False,True,True,False,P1,70,template_expandable
dynastic_dedication,dynastic_dedication_red,Dynastic Dedication,AttackReaction,FangBlitzDeck|TheHunted,Emperor|Fang,Blitz|Clash|ClassicConstructed|Draft|LivingLegend|Open|Sealed|SilverAge|UltimatePitFight,,False,False,True,True,False,P1,70,template_expandable
earth_form,earth_form_blue|earth_form_red|earth_form_yellow,Earth Form,Action,ArmoryDeckOriginsJarl|Promos|Rosetta,Briar|Florian|Jarl|Oldhim|Starvo|Terra|Verdance,Blitz|Clash|ClassicConstructed|Draft|LivingLegend|Open|Sealed|SilverAge|UltimatePitFight,,False,False,True,True,False,P1,70,template_expandable
earthlore_empowerment,earthlore_empowerment_red|earthlore_empowerment_yellow,Earthlore Empowerment,Action,RoundTheTable,Betsy|Bolfar|Bravo|Brevant|Crix|Jarl|Kox|Lyath|Oldhim|Pleiades|Reya|Starvo|Terra|Valda|Victor|Yoji,Blitz|Clash|ClassicConstructed|LivingLegend|Open|SilverAge|UltimatePitFight,,False,False,True,True,False,P1,70,template_expandable
eclipse_existence,eclipse_existence_blue,Eclipse Existence,Instant,Monarch|Promos,Chane|Levia|Vynnset,Blitz|Clash|ClassicConstructed|Draft|LivingLegend|Open|Sealed|SilverAge|UltimatePitFight,,False,False,True,True,False,P1,70,template_expandable
electrostatic_discharge,electrostatic_discharge_blue|electrostatic_discharge_red|electrostatic_discharge_yellow,Electrostatic Discharge,Instant,ArmoryDeckAurora|AuroraBlitzDeck|OscilioBlitzDeck|Promos|Rosetta,Aurora|Aurora2|Briar|Broscilio|Lexi|Oscilio|Starvo|Zyggy,Blitz|Clash|ClassicConstructed|Draft|LivingLegend|Open|Sealed|SilverAge|UltimatePitFight,,False,False,True,True,False,P1,70,template_expandable
emissary_of_moon,emissary_of_moon_red,Emissary of Moon,Action,PartTheMistveil|Promos,Arakni|Aurora|Aurora2|Azalea|Benji|Betsy|Blaze|Bolfar|Boltyn|Bravo|Brevant|Briar|Broscilio|Brutus|Chane|Cindra|Crackni|Crix|Dash|DataDoll|Dorinthea|Dromai|Emperor|Enigma|Fai|Fang|Florian|Frankie|Genis|GravyBones|Hala|Ira|Iyslander|Jarl|Kano|Kassai|Katsu|Kavdaen|Kayo|Kox|Levia|Lexi|Librarian|Lyath|Marlynn|Maxx|Melody|Nuu|Oldhim|Olympia|Oscilio|Pleiades|Prism|Puffin|RKO|Reya|Rhinar|Riptide|Ruudi|Scurv|Shiyana|Slippy|Squizzy|Starvo|Taipanis|Taylor|Teklovossen|Terra|Theryon|Tuffnut|Uzuri|Valda|Verdance|Victor|Viserai|Vynnset|Yoji|Yorick|Zen|Zyggy,Blitz|Clash|ClassicConstructed|Draft|LivingLegend|Open|Sealed|SilverAge|UltimatePitFight,,False,False,True,True,False,P1,70,template_expandable
emissary_of_tides,emissary_of_tides_red,Emissary of Tides,Action,PartTheMistveil|Promos,Arakni|Aurora|Aurora2|Azalea|Benji|Betsy|Blaze|Bolfar|Boltyn|Bravo|Brevant|Briar|Broscilio|Brutus|Chane|Cindra|Crackni|Crix|Dash|DataDoll|Dorinthea|Dromai|Emperor|Enigma|Fai|Fang|Florian|Frankie|Genis|GravyBones|Hala|Ira|Iyslander|Jarl|Kano|Kassai|Katsu|Kavdaen|Kayo|Kox|Levia|Lexi|Librarian|Lyath|Marlynn|Maxx|Melody|Nuu|Oldhim|Olympia|Oscilio|Pleiades|Prism|Puffin|RKO|Reya|Rhinar|Riptide|Ruudi|Scurv|Shiyana|Slippy|Squizzy|Starvo|Taipanis|Taylor|Teklovossen|Terra|Theryon|Tuffnut|Uzuri|Valda|Verdance|Victor|Viserai|Vynnset|Yoji|Yorick|Zen|Zyggy,Blitz|Clash|ClassicConstructed|Draft|LivingLegend|Open|Sealed|SilverAge|UltimatePitFight,,False,False,True,True,False,P1,70,template_expandable
empowering_ruckus,empowering_ruckus_yellow,Empowering Ruckus,Action,SuperSlam,Pleiades|Tuffnut,Blitz|Clash|ClassicConstructed|Draft|LivingLegend|Open|Sealed|SilverAge|UltimatePitFight,,False,False,True,True,False,P1,70,template_expandable
endear_devotion,endear_devotion_red,Endear Devotion,AttackReaction,FangBlitzDeck|GEM|TheHunted,Emperor|Fang,Blitz|Clash|ClassicConstructed|Draft|LivingLegend|Open|Sealed|SilverAge|UltimatePitFight,,False,False,True,True,False,P1,70,template_expandable
energetic_impact,energetic_impact_blue,Energetic Impact,Action,GEM|SuperSlam,Kayo|Levia|RKO|Rhinar|Tuffnut,Blitz|ClassicConstructed|Draft|LivingLegend|Open|Sealed|UltimatePitFight,,False,False,True,True,False,P1,70,template_expandable
enigma,enigma,Enigma,Hero,EnigmaBlitzDeck|EnigmaSilverAgeDeck|PartTheMistveil,Enigma,Blitz|Clash|Draft|Open|Sealed|SilverAge|UltimatePitFight,,False,False,True,True,False,P1,70,template_expandable
enigma_ledger_of_ancestry,enigma_ledger_of_ancestry,"Enigma, Ledger of Ancestry",Hero,PartTheMistveil|Promos,Enigma,LivingLegend|Open,,False,False,True,True,False,P1,70,template_expandable
escalate_bloodshed,escalate_bloodshed_red,Escalate Bloodshed,Instant,HighSeas,Boltyn|Dorinthea|Emperor|Fang|Hala|Kassai|Olympia,Blitz|ClassicConstructed|LivingLegend|Open|UltimatePitFight,,False,False,True,True,False,P1,70,template_expandable
fabricate,fabricate_red,Fabricate,Instant,BrightLights,Dash|DataDoll|Maxx|Puffin|Teklovossen,Blitz|ClassicConstructed|Draft|LivingLegend|Open|Sealed|UltimatePitFight,,False,False,True,True,False,P1,70,template_expandable
fatal_engagement,fatal_engagement_blue|fatal_engagement_red|fatal_engagement_yellow,Fatal Engagement,AttackReaction,HeavyHitters|OlympiaBlitzDeck,Boltyn|Dorinthea|Emperor|Fang|Hala|Kassai|Olympia,Blitz|Clash|ClassicConstructed|Draft|LivingLegend|Open|Sealed|SilverAge|UltimatePitFight,,False,False,True,True,False,P1,70,template_expandable
fearless_confrontation,fearless_confrontation_blue,Fearless Confrontation,Action,MasteryPackGuardian,Arakni|Aurora|Aurora2|Azalea|Benji|Betsy|Blaze|Bolfar|Boltyn|Bravo|Brevant|Briar|Broscilio|Brutus|Chane|Cindra|Crackni|Crix|Dash|DataDoll|Dorinthea|Dromai|Enigma|Fai|Fang|Florian|Frankie|Genis|GravyBones|Hala|Ira|Iyslander|Jarl|Kano|Kassai|Katsu|Kavdaen|Kayo|Kox|Levia|Lexi|Librarian|Lyath|Marlynn|Maxx|Melody|Nuu|Oldhim|Olympia|Oscilio|Pleiades|Prism|Puffin|RKO|Reya|Rhinar|Riptide|Ruudi|Scurv|Shiyana|Slippy|Squizzy|Starvo|Taipanis|Taylor|Teklovossen|Terra|Theryon|Tuffnut|Uzuri|Valda|Verdance|Victor|Viserai|Vynnset|Yoji|Yorick|Zen|Zyggy,Blitz|ClassicConstructed|LivingLegend|Open|UltimatePitFight,,False,False,True,True,False,P1,70,template_expandable
feisty_locals,feisty_locals_blue|feisty_locals_red|feisty_locals_yellow,Feisty Locals,Action,BenjiBlitzDeck|Outsiders|SuperSlam,Arakni|Aurora|Aurora2|Azalea|Benji|Betsy|Blaze|Bolfar|Boltyn|Bravo|Brevant|Briar|Broscilio|Brutus|Chane|Cindra|Crackni|Crix|Dash|DataDoll|Dorinthea|Dromai|Emperor|Enigma|Fai|Fang|Florian|Frankie|Genis|GravyBones|Hala|Ira|Iyslander|Jarl|Kano|Kassai|Katsu|Kavdaen|Kayo|Kox|Levia|Lexi|Librarian|Lyath|Marlynn|Maxx|Melody|Nuu|Oldhim|Olympia|Oscilio|Pleiades|Prism|Puffin|RKO|Reya|Rhinar|Riptide|Ruudi|Scurv|Shiyana|Slippy|Squizzy|Starvo|Taipanis|Taylor|Teklovossen|Terra|Theryon|Tuffnut|Uzuri|Valda|Verdance|Victor|Viserai|Vynnset|Yoji|Yorick|Zen|Zyggy,Blitz|Clash|ClassicConstructed|Draft|LivingLegend|Open|Sealed|SilverAge|UltimatePitFight,,False,False,True,True,False,P1,70,template_expandable
fertile_ground,fertile_ground_blue|fertile_ground_red|fertile_ground_yellow,Fertile Ground,Instant,Rosetta|VerdanceBlitzDeck,Briar|Florian|Jarl|Oldhim|Starvo|Terra|Verdance,Blitz|Clash|ClassicConstructed|Draft|LivingLegend|Open|Sealed|SilverAge|UltimatePitFight,,False,False,True,True,False,P1,70,template_expandable
fight_dirty,fight_dirty_red,Fight Dirty,Action,SuperSlam,Lyath|RKO,Blitz|Clash|ClassicConstructed|Draft|LivingLegend|Open|Sealed|SilverAge|UltimatePitFight,,False,False,True,True,False,P1,70,template_expandable
fight_fair,fight_fair_red,Fight Fair,Action,SuperSlam,Pleiades|Tuffnut,Blitz|Clash|ClassicConstructed|Draft|LivingLegend|Open|Sealed|SilverAge|UltimatePitFight,,False,False,True,True,False,P1,70,template_expandable
flex_strength,flex_strength_blue|flex_strength_red|flex_strength_yellow,Flex Strength,Action,SuperSlam,Kayo|Levia|RKO|Rhinar|Tuffnut,Blitz|Clash|ClassicConstructed|Draft|LivingLegend|Open|Sealed|SilverAge|UltimatePitFight,,False,False,True,True,False,P1,70,template_expandable
flock_of_the_feather_walkers,flock_of_the_feather_walkers_blue|flock_of_the_feather_walkers_red|flock_of_the_feather_walkers_yellow,Flock of the Feather Walkers,Action,ClassicBattlesRhinarDorinthea|HistoryPack1|WelcomeToRathe,Arakni|Aurora|Aurora2|Azalea|Benji|Betsy|Blaze|Bolfar|Boltyn|Bravo|Brevant|Briar|Broscilio|Brutus|Chane|Cindra|Crackni|Crix|Dash|DataDoll|Dorinthea|Dromai|Emperor|Enigma|Fai|Fang|Florian|Frankie|Genis|GravyBones|Hala|Ira|Iyslander|Jarl|Kano|Kassai|Katsu|Kavdaen|Kayo|Kox|Levia|Lexi|Librarian|Lyath|Marlynn|Maxx|Melody|Nuu|Oldhim|Olympia|Oscilio|Pleiades|Prism|Puffin|RKO|Reya|Rhinar|Riptide|Ruudi|Scurv|Shiyana|Slippy|Squizzy|Starvo|Taipanis|Taylor|Teklovossen|Terra|Theryon|Tuffnut|Uzuri|Valda|Verdance|Victor|Viserai|Vynnset|Yoji|Yorick|Zen|Zyggy,Blitz|Clash|ClassicConstructed|Draft|LivingLegend|Open|Sealed|SilverAge|UltimatePitFight,,False,False,True,True,False,P1,70,template_expandable
flowing_stormstrike,flowing_stormstrike_red,Flowing Stormstrike,Action,OmensOfTheThirdAge|Promos,Aurora|Aurora2|Briar|Broscilio|Lexi|Oscilio|Starvo|Zyggy,Blitz|Clash|ClassicConstructed|Draft|LivingLegend|Open|Sealed|SilverAge|UltimatePitFight,,False,False,True,True,False,P1,70,template_expandable
flurry_foot_dance,flurry_foot_dance_yellow,Flurry Foot Dance,DefenseReaction,ArmoryDeckOriginsHala,Boltyn|Dorinthea|Fang|Hala|Kassai|Olympia,Blitz|Clash|ClassicConstructed|LivingLegend|Open|SilverAge|UltimatePitFight,,False,False,True,True,False,P1,70,template_expandable
fog_down,fog_down_yellow,Fog Down,Action,Uprising,Arakni|Aurora|Aurora2|Azalea|Benji|Betsy|Blaze|Bolfar|Boltyn|Bravo|Brevant|Briar|Broscilio|Brutus|Chane|Cindra|Crackni|Crix|Dash|DataDoll|Dorinthea|Dromai|Enigma|Fai|Fang|Florian|Frankie|Genis|GravyBones|Hala|Ira|Iyslander|Jarl|Kano|Kassai|Katsu|Kavdaen|Kayo|Kox|Levia|Lexi|Librarian|Lyath|Marlynn|Maxx|Melody|Nuu|Oldhim|Olympia|Oscilio|Pleiades|Prism|Puffin|RKO|Reya|Rhinar|Riptide|Ruudi|Scurv|Shiyana|Slippy|Squizzy|Starvo|Taipanis|Taylor|Teklovossen|Terra|Theryon|Tuffnut|Uzuri|Valda|Verdance|Victor|Viserai|Vynnset|Yoji|Yorick|Zen|Zyggy,Blitz|ClassicConstructed|Draft|LivingLegend|Open|Sealed|UltimatePitFight,,False,False,True,True,False,P1,70,template_expandable
for_the_dracai,for_the_dracai_red,For the Dracai,Action,FangBlitzDeck|Promos|TheHunted,Cindra|Dromai|Emperor|Fai|Fang|Taipanis,Blitz|Clash|ClassicConstructed|Draft|LivingLegend|Open|Sealed|SilverAge|UltimatePitFight,,False,False,True,True,False,P1,70,template_expandable
for_the_emperor,for_the_emperor_red,For the Emperor,Action,Promos|TheHunted,Cindra|Dromai|Emperor|Fai|Fang|Taipanis,Blitz|Clash|ClassicConstructed|Draft|LivingLegend|Open|Sealed|SilverAge|UltimatePitFight,,False,False,True,True,False,P1,70,template_expandable
for_the_realm,for_the_realm_red,For the Realm,Action,Promos|TheHunted,Cindra|Dromai|Emperor|Fai|Fang|Taipanis,Blitz|Clash|ClassicConstructed|Draft|LivingLegend|Open|Sealed|SilverAge|UltimatePitFight,,False,False,True,True,False,P1,70,template_expandable
frailty_trap,frailty_trap_red,Frailty Trap,DefenseReaction,ArakniSilverAgeDeck|Outsiders|RiptideBlitzDeck,Arakni|Azalea|Crackni|Lexi|Marlynn|Nuu|Riptide|Slippy|Uzuri,Blitz|Clash|ClassicConstructed|Draft|LivingLegend|Open|Sealed|SilverAge|UltimatePitFight,,False,False,True,True,False,P1,70,template_expandable
frost_spike,frost_spike_blue,Frost Spike,Instant,CompendiumOfRathe|GEM|IyslanderSilverAgeDeck,Iyslander,Blitz|Clash|ClassicConstructed|LivingLegend|Open|SilverAge|UltimatePitFight,,False,False,True,True,False,P1,70,template_expandable
frosting,frosting_blue|frosting_red|frosting_yellow,Frosting,Action,Uprising,Iyslander,Blitz|Clash|ClassicConstructed|Draft|LivingLegend|Open|Sealed|SilverAge|UltimatePitFight,,False,False,True,True,False,P1,70,template_expandable
fruits_of_the_forest,fruits_of_the_forest_blue|fruits_of_the_forest_red|fruits_of_the_forest_yellow,Fruits of the Forest,Action,FlorianBlitzDeck|Promos|Rosetta|VerdanceBlitzDeck,Briar|Florian|Jarl|Oldhim|Starvo|Terra|Verdance,Blitz|Clash|ClassicConstructed|Draft|LivingLegend|Open|Sealed|SilverAge|UltimatePitFight,,False,False,True,True,False,P1,70,template_expandable
fuel_injector,fuel_injector_blue,Fuel Injector,Action,BrightLights,Dash|DataDoll|Maxx|Puffin|Teklovossen,Blitz|Clash|ClassicConstructed|Draft|LivingLegend|Open|Sealed|SilverAge|UltimatePitFight,,False,False,True,True,False,P1,70,template_expandable
full_of_bravado,full_of_bravado_blue|full_of_bravado_red|full_of_bravado_yellow,Full of Bravado,Action,SuperSlam,Betsy|Bolfar|Bravo|Brevant|Crix|Jarl|Kox|Lyath|Oldhim|Pleiades|Reya|Starvo|Terra|Valda|Victor|Yoji,Blitz|Clash|ClassicConstructed|Draft|LivingLegend|Open|Sealed|SilverAge|UltimatePitFight,,False,False,True,True,False,P1,70,template_expandable
fyendals_fighting_spirit,fyendals_fighting_spirit_blue|fyendals_fighting_spirit_red|fyendals_fighting_spirit_yellow,Fyendal's Fighting Spirit,Action,IyslanderSilverAgeDeck|Promos|Rosetta|Uprising|VerdanceBlitzDeck,Arakni|Aurora|Aurora2|Azalea|Benji|Betsy|Blaze|Bolfar|Boltyn|Bravo|Brevant|Briar|Broscilio|Brutus|Chane|Cindra|Crackni|Crix|Dash|DataDoll|Dorinthea|Dromai|Emperor|Enigma|Fai|Fang|Florian|Frankie|Genis|GravyBones|Hala|Ira|Iyslander|Jarl|Kano|Kassai|Katsu|Kavdaen|Kayo|Kox|Levia|Lexi|Librarian|Lyath|Marlynn|Maxx|Melody|Nuu|Oldhim|Olympia|Oscilio|Pleiades|Prism|Puffin|RKO|Reya|Rhinar|Riptide|Ruudi|Scurv|Shiyana|Slippy|Squizzy|Starvo|Taipanis|Taylor|Teklovossen|Terra|Theryon|Tuffnut|Uzuri|Valda|Verdance|Victor|Viserai|Vynnset|Yoji|Yorick|Zen|Zyggy,Blitz|Clash|ClassicConstructed|Draft|LivingLegend|Open|Sealed|SilverAge|UltimatePitFight,,False,False,True,True,False,P1,70,template_expandable
galaxxi_black,galaxxi_black,Galaxxi Black,Weapon,ChaneBlitzDeck|Monarch|Promos,Chane|Vynnset,Blitz|Clash|Draft|LivingLegend|Open|Sealed|SilverAge|UltimatePitFight,,False,False,True,True,False,P1,70,template_expandable
gleam_of_the_blade,gleam_of_the_blade_red,Gleam of the Blade,AttackReaction,ArmoryDeckOriginsHala,Boltyn|Dorinthea|Emperor|Fang|Hala|Kassai|Olympia,Blitz|Clash|ClassicConstructed|LivingLegend|Open|SilverAge|UltimatePitFight,,False,False,True,True,False,P1,70,template_expandable
glory_seeker,glory_seeker,Glory Seeker,Equipment,HeavyHitters,Arakni|Aurora|Aurora2|Azalea|Benji|Betsy|Blaze|Bolfar|Boltyn|Bravo|Brevant|Briar|Broscilio|Brutus|Chane|Cindra|Crackni|Crix|Dash|DataDoll|Dorinthea|Dromai|Emperor|Enigma|Fai|Fang|Florian|Frankie|Genis|GravyBones|Hala|Ira|Iyslander|Jarl|Kano|Kassai|Katsu|Kavdaen|Kayo|Kox|Levia|Lexi|Librarian|Lyath|Marlynn|Maxx|Melody|Nuu|Oldhim|Olympia|Oscilio|Pleiades|Prism|Puffin|RKO|Reya|Rhinar|Riptide|Ruudi|Scurv|Shiyana|Slippy|Squizzy|Starvo|Taipanis|Taylor|Teklovossen|Terra|Theryon|Tuffnut|Uzuri|Valda|Verdance|Victor|Viserai|Vynnset|Yoji|Yorick|Zen|Zyggy,Blitz|Clash|ClassicConstructed|Draft|LivingLegend|Open|Sealed|SilverAge|UltimatePitFight,,False,False,True,True,False,P1,70,template_expandable
glyph_destruction_nodes,glyph_destruction_nodes_yellow,Glyph Destruction Nodes,Action,CompendiumOfRathe,Blaze|Broscilio|Iyslander|Kano|Oscilio|Verdance,Blitz|ClassicConstructed|LivingLegend|Open|UltimatePitFight,,False,False,True,True,False,P1,70,template_expandable
gold_hunter_lightsail,gold_hunter_lightsail_yellow,Gold Hunter Lightsail,Action,HighSeas,GravyBones|Marlynn|Puffin|Scurv,Blitz|Clash|ClassicConstructed|Draft|LivingLegend|Open|Sealed|SilverAge|UltimatePitFight,,False,False,True,True,False,P1,70,template_expandable
goldwing_turbine,goldwing_turbine_blue|goldwing_turbine_red|goldwing_turbine_yellow,Goldwing Turbine,Action,GEM|HighSeas,Dash|DataDoll|Maxx|Puffin|Teklovossen,Blitz|Clash|ClassicConstructed|Draft|LivingLegend|Open|Sealed|SilverAge|UltimatePitFight,,False,False,True,True,False,P1,70,template_expandable
gravy_bones,gravy_bones,Gravy Bones,Hero,ArmoryDeckGravyBones|GravyBonesSilverAgeDeck|HighSeas,GravyBones,Blitz|Clash|Draft|Open|Sealed|SilverAge|UltimatePitFight,,False,False,True,True,False,P1,70,template_expandable
grimoire_of_fellingsong,grimoire_of_fellingsong,Grimoire of Fellingsong,Equipment,CompendiumOfRathe|GEM,Aurora|Aurora2|Briar|Chane|Florian|Taylor|Viserai|Vynnset,Blitz|ClassicConstructed|LivingLegend|Open|UltimatePitFight,,False,False,True,True,False,P1,70,template_expandable
healing_balm,healing_balm_blue|healing_balm_red|healing_balm_yellow,Healing Balm,Action,DromaiBlitzDeck|Uprising,Arakni|Aurora|Aurora2|Azalea|Benji|Betsy|Blaze|Bolfar|Boltyn|Bravo|Brevant|Briar|Broscilio|Brutus|Chane|Cindra|Crackni|Crix|Dash|DataDoll|Dorinthea|Dromai|Emperor|Enigma|Fai|Fang|Florian|Frankie|Genis|GravyBones|Hala|Ira|Iyslander|Jarl|Kano|Kassai|Katsu|Kavdaen|Kayo|Kox|Levia|Lexi|Librarian|Lyath|Marlynn|Maxx|Melody|Nuu|Oldhim|Olympia|Oscilio|Pleiades|Prism|Puffin|RKO|Reya|Rhinar|Riptide|Ruudi|Scurv|Shiyana|Slippy|Squizzy|Starvo|Taipanis|Taylor|Teklovossen|Terra|Theryon|Tuffnut|Uzuri|Valda|Verdance|Victor|Viserai|Vynnset|Yoji|Yorick|Zen|Zyggy,Blitz|Clash|ClassicConstructed|Draft|LivingLegend|Open|Sealed|SilverAge|UltimatePitFight,,False,False,True,True,False,P1,70,template_expandable
hearty_block,hearty_block_red,Hearty Block,Block,HeavyHitters|Promos,Betsy|Bolfar|Boltyn|Bravo|Brevant|Crix|Dorinthea|Emperor|Fang|Hala|Jarl|Kassai|Kox|Lyath|Oldhim|Olympia|Pleiades|Reya|Starvo|Terra|Valda|Victor|Yoji,Blitz|Clash|ClassicConstructed|Draft|LivingLegend|Open|Sealed|SilverAge|UltimatePitFight,,False,False,True,True,False,P1,70,template_expandable
high_pitched_howl,high_pitched_howl_blue|high_pitched_howl_red|high_pitched_howl_yellow,High Pitched Howl,Action,KayoSilverAgeDeck|SuperSlam,Kayo|Levia|RKO|Rhinar|Tuffnut,Blitz|Clash|ClassicConstructed|Draft|LivingLegend|Open|Sealed|SilverAge|UltimatePitFight,,False,False,True,True,False,P1,70,template_expandable
high_riser,high_riser,High Riser,Weapon,BetsyBlitzDeck|HeavyHitters|MasteryPackGuardian|Promos,Betsy|Bolfar|Bravo|Brevant|Crix|Jarl|Kox|Lyath|Oldhim|Pleiades|Reya|Starvo|Terra|Valda|Victor|Yoji,Blitz|Clash|ClassicConstructed|Draft|LivingLegend|Open|Sealed|SilverAge|UltimatePitFight,,False,False,True,True,False,P1,70,template_expandable
hiss,hiss_blue|hiss_red|hiss_yellow,Hiss,AttackReaction,NuuBlitzDeck|PartTheMistveil,Nuu,Blitz|Clash|ClassicConstructed|Draft|LivingLegend|Open|Sealed|SilverAge|UltimatePitFight,,False,False,True,True,False,P1,70,template_expandable
hocus_pocus,hocus_pocus_blue|hocus_pocus_red|hocus_pocus_yellow,Hocus Pocus,Action,ArmoryDeckLegendsViserai|Rosetta,Aurora|Aurora2|Briar|Chane|Florian|Viserai|Vynnset,Blitz|Clash|ClassicConstructed|Draft|LivingLegend|Open|Sealed|SilverAge|UltimatePitFight,,False,False,True,True,False,P1,70,template_expandable
hoist_em_up,hoist_em_up_red,Hoist 'Em Up,Block,HighSeas|Promos,GravyBones,Blitz|Clash|ClassicConstructed|Draft|LivingLegend|Open|Sealed|SilverAge|UltimatePitFight,,False,False,True,True,False,P1,70,template_expandable
hunted_or_hunter,hunted_or_hunter_red,Hunted or Hunter,DefenseReaction,ArakniBlitzDeckARK|TheHunted,Arakni|Crackni|Nuu|Slippy|Uzuri,Blitz|Clash|ClassicConstructed|Draft|LivingLegend|Open|Sealed|SilverAge|UltimatePitFight,,False,False,True,True,False,P1,70,template_expandable
hunts_end,hunts_end_red,Hunt's End,AttackReaction,TheHunted,Emperor|Fang,Blitz|ClassicConstructed|Draft|LivingLegend|Open|Sealed|UltimatePitFight,,False,False,True,True,False,P1,70,template_expandable
hyper_scrapper,hyper_scrapper_blue,Hyper Scrapper,Action,BrightLights,Dash|DataDoll|Maxx|Puffin|Teklovossen,Blitz|ClassicConstructed|Draft|LivingLegend|Open|Sealed|UltimatePitFight,,False,False,True,True,False,P1,70,template_expandable
hypothermia,hypothermia_blue,Hypothermia,Action,Uprising,Iyslander|Jarl|Lexi|Oldhim|Starvo,Blitz|ClassicConstructed|Draft|LivingLegend|Open|Sealed|UltimatePitFight,,False,False,True,True,False,P1,70,template_expandable
ice_bolt,ice_bolt_blue|ice_bolt_red|ice_bolt_yellow,Ice Bolt,Action,IyslanderSilverAgeDeck|Uprising,Iyslander,Blitz|Clash|ClassicConstructed|Draft|LivingLegend|Open|Sealed|SilverAge|UltimatePitFight,,False,False,True,True,False,P1,70,template_expandable
icy_encounter,icy_encounter_blue|icy_encounter_red|icy_encounter_yellow,Icy Encounter,Action,ArmoryDeckOriginsJarl|TalesOfAria,Iyslander|Jarl|Lexi|Oldhim|Starvo,Blitz|Clash|ClassicConstructed|Draft|LivingLegend|Open|Sealed|SilverAge|UltimatePitFight,,False,False,True,True,False,P1,70,template_expandable
imperial_intent,imperial_intent_red,Imperial Intent,AttackReaction,TheHunted,Emperor|Fang,Blitz|Clash|ClassicConstructed|Draft|LivingLegend|Open|Sealed|SilverAge|UltimatePitFight,,False,False,True,True,False,P1,70,template_expandable
incision,incision_blue|incision_red|incision_yellow,Incision,AttackReaction,ArakniBlitzDeckARK|FangBlitzDeck|GEM|TheHunted,Arakni|Boltyn|Crackni|Dorinthea|Emperor|Fang|Hala|Kassai|Nuu|Olympia|Slippy|Uzuri,Blitz|Clash|ClassicConstructed|Draft|LivingLegend|Open|Sealed|SilverAge|UltimatePitFight,,False,False,True,True,False,P1,70,template_expandable
inertia_trap,inertia_trap_red,Inertia Trap,DefenseReaction,ArakniSilverAgeDeck|Outsiders|RiptideBlitzDeck,Arakni|Azalea|Crackni|Lexi|Marlynn|Nuu|Riptide|Slippy|Uzuri,Blitz|Clash|ClassicConstructed|Draft|LivingLegend|Open|Sealed|SilverAge|UltimatePitFight,,False,False,True,True,False,P1,70,template_expandable
infecting_shot,infecting_shot_blue|infecting_shot_red|infecting_shot_yellow,Infecting Shot,Action,ArmoryDeckAzalea|AzaleaBlitzDeck|AzaleaSilverAgeDeck|Outsiders|TournamentPack,Azalea|Lexi|Marlynn|Riptide,Blitz|Clash|ClassicConstructed|Draft|LivingLegend|Open|Sealed|SilverAge|UltimatePitFight,,False,False,True,True,False,P1,70,template_expandable
infectious_host,infectious_host_blue|infectious_host_red|infectious_host_yellow,Infectious Host,Action,Outsiders,Arakni|Aurora|Aurora2|Azalea|Benji|Betsy|Blaze|Bolfar|Boltyn|Bravo|Brevant|Briar|Broscilio|Brutus|Chane|Cindra|Crackni|Crix|Dash|DataDoll|Dorinthea|Dromai|Emperor|Enigma|Fai|Fang|Florian|Frankie|Genis|GravyBones|Hala|Ira|Iyslander|Jarl|Kano|Kassai|Katsu|Kavdaen|Kayo|Kox|Levia|Lexi|Librarian|Lyath|Marlynn|Maxx|Melody|Nuu|Oldhim|Olympia|Oscilio|Pleiades|Prism|Puffin|RKO|Reya|Rhinar|Riptide|Ruudi|Scurv|Shiyana|Slippy|Squizzy|Starvo|Taipanis|Taylor|Teklovossen|Terra|Theryon|Tuffnut|Uzuri|Valda|Verdance|Victor|Viserai|Vynnset|Yoji|Yorick|Zen|Zyggy,Blitz|Clash|ClassicConstructed|Draft|LivingLegend|Open|Sealed|SilverAge|UltimatePitFight,,False,False,True,True,False,P1,70,template_expandable
intimate_inducement,intimate_inducement_blue|intimate_inducement_red|intimate_inducement_yellow,Intimate Inducement,AttackReaction,PartTheMistveil,Nuu,Blitz|Clash|ClassicConstructed|Draft|LivingLegend|Open|Sealed|SilverAge|UltimatePitFight,,False,False,True,True,False,P1,70,template_expandable
ion_charged,ion_charged_yellow,Ion Charged,Instant,CompendiumOfRathe|GEM,Aurora|Aurora2|Briar|Broscilio|Lexi|Oscilio|Starvo|Zyggy,Blitz|Clash|ClassicConstructed|LivingLegend|Open|SilverAge|UltimatePitFight,,False,False,True,True,False,P1,70,template_expandable
ira_crimson_haze,ira_crimson_haze,"Ira, Crimson Haze",Hero,CrucibleOfWar|HistoryPack1|IraWelcomeDeck|Promos|RoundTheTable,Ira,Blitz|Clash|Open|SilverAge|UltimatePitFight,,False,False,True,True,False,P1,70,template_expandable
jagged_edge,jagged_edge_red,Jagged Edge,AttackReaction,Promos|TheHunted,Boltyn|Dorinthea|Emperor|Fang|Hala|Kassai|Olympia,Blitz|ClassicConstructed|Draft|LivingLegend|Open|Sealed|UltimatePitFight,,False,False,True,True,False,P1,70,template_expandable
kayo_armed_and_dangerous,kayo_armed_and_dangerous,"Kayo, Armed and Dangerous",Hero,ArmoryDeckKayo|HeavyHitters|Promos,Kayo,LivingLegend|Open,,False,False,True,True,False,P1,70,template_expandable
kyloria,kyloria,Kyloria,,Uprising,Dromai,Blitz|Clash|ClassicConstructed|Draft|LivingLegend|Open|Sealed|SilverAge|UltimatePitFight,,False,False,True,True,False,P1,70,template_expandable
lay_to_rest,lay_to_rest_blue|lay_to_rest_red|lay_to_rest_yellow,Lay to Rest,Action,DuskTillDawn,Boltyn|Librarian|Prism|Theryon,Blitz|Clash|ClassicConstructed|LivingLegend|Open|SilverAge|UltimatePitFight,,False,False,True,True,False,P1,70,template_expandable
legacy_of_ikaru,legacy_of_ikaru_blue,Legacy of Ikaru,AttackReaction,ArmoryDeckIra,Benji|Cindra|Fai|Ira|Katsu|Zen,Blitz|Clash|ClassicConstructed|LivingLegend|Open|SilverAge|UltimatePitFight,,False,False,True,True,False,P1,70,template_expandable
light_up_the_leaves,light_up_the_leaves_red,Light Up the Leaves,Action,SuperSlam,Verdance,Blitz|ClassicConstructed|LivingLegend|Open|UltimatePitFight,,False,False,True,True,False,P1,70,template_expandable
lightning_form,lightning_form_blue|lightning_form_red|lightning_form_yellow,Lightning Form,Action,AuroraBlitzDeck|Promos|Rosetta,Aurora|Aurora2|Briar|Broscilio|Lexi|Oscilio|Starvo|Zyggy,Blitz|Clash|ClassicConstructed|Draft|LivingLegend|Open|Sealed|SilverAge|UltimatePitFight,,False,False,True,True,False,P1,70,template_expandable
lost_in_transit,lost_in_transit_yellow,Lost in Transit,Block,HighSeas,GravyBones|Marlynn|Puffin|Scurv,Blitz|Clash|ClassicConstructed|Draft|LivingLegend|Open|Sealed|SilverAge|UltimatePitFight,,False,False,True,True,False,P1,70,template_expandable
loyalty_beyond_the_grave,loyalty_beyond_the_grave_red,Loyalty Beyond the Grave,DefenseReaction,TheHunted,Cindra|Dromai|Emperor|Fai|Fang|Taipanis,Blitz|ClassicConstructed|Draft|LivingLegend|Open|Sealed|UltimatePitFight,,False,False,True,True,False,P1,70,template_expandable
madcap_muscle,madcap_muscle_blue|madcap_muscle_red|madcap_muscle_yellow,Madcap Muscle,Action,Dynasty,Kayo|Levia|RKO|Rhinar|Tuffnut,Blitz|Clash|ClassicConstructed|LivingLegend|Open|SilverAge|UltimatePitFight,,False,False,True,True,False,P1,70,template_expandable
manifest_muscle,manifest_muscle_blue,Manifest Muscle,Action,CompendiumOfRathe|EnigmaSilverAgeDeck,Enigma|Nuu|Zen,Blitz|Clash|ClassicConstructed|LivingLegend|Open|SilverAge|UltimatePitFight,,False,False,True,True,False,P1,70,template_expandable
medkit,medkit_blue,Medkit,Action,BrightLights,Dash|DataDoll|Maxx|Puffin|Teklovossen,Blitz|Clash|ClassicConstructed|Draft|LivingLegend|Open|Sealed|SilverAge|UltimatePitFight,,False,False,True,True,False,P1,70,template_expandable
meganetic_lockwave,meganetic_lockwave_blue,Meganetic Lockwave,Action,BrightLights,Dash|DataDoll|Maxx|Puffin|Teklovossen,Blitz|ClassicConstructed|Draft|LivingLegend|Open|Sealed|UltimatePitFight,,False,False,True,True,False,P1,70,template_expandable
meteoric_rise,meteoric_rise_red,Meteoric Rise,Action,OmensOfTheThirdAge|Promos,Aurora|Aurora2|Briar|Broscilio|Lexi|Oscilio|Starvo|Zyggy,Blitz|Clash|ClassicConstructed|Draft|LivingLegend|Open|Sealed|SilverAge|UltimatePitFight,,False,False,True,True,False,P1,70,template_expandable
mighty_windup,mighty_windup_blue|mighty_windup_red|mighty_windup_yellow,Mighty Windup,Action,HeavyHitters|RhinarBlitzDeck,Betsy|Bolfar|Bravo|Brevant|Crix|Jarl|Kayo|Kox|Levia|Lyath|Oldhim|Pleiades|RKO|Reya|Rhinar|Starvo|Terra|Tuffnut|Valda|Victor|Yoji,Blitz|Clash|ClassicConstructed|Draft|LivingLegend|Open|Sealed|SilverAge|UltimatePitFight,,False,False,True,True,False,P1,70,template_expandable
mini_meataxe,mini_meataxe,Mini Meataxe,Weapon,HeavyHitters|KayoBlitzDeck|Promos,Kayo|Levia|RKO|Rhinar|Tuffnut,Blitz|Clash|ClassicConstructed|Draft|LivingLegend|Open|Sealed|SilverAge|UltimatePitFight,,False,False,True,True,False,P1,70,template_expandable
mistborn_protector,mistborn_protector_blue,Mistborn Protector,DefenseReaction,CompendiumOfRathe,Enigma|Nuu|Zen,Blitz|Clash|ClassicConstructed|LivingLegend|Open|SilverAge|UltimatePitFight,,False,False,True,True,False,P1,70,template_expandable
nebula_blade,nebula_blade,Nebula Blade,Weapon,ArcaneRising|ArmoryDeckLegendsViserai|CrucibleOfWar|HistoryPack1|Promos,Aurora|Aurora2|Briar|Chane|Florian|Viserai|Vynnset,Blitz|Clash|Draft|LivingLegend|Open|Sealed|SilverAge|UltimatePitFight,,False,False,True,True,False,P1,70,template_expandable
never_yield,never_yield_blue,Never Yield,Action,Dynasty,Betsy|Bolfar|Bravo|Brevant|Crix|Jarl|Kox|Lyath|Oldhim|Pleiades|Reya|Starvo|Terra|Valda|Victor|Yoji,Blitz|ClassicConstructed|LivingLegend|Open|UltimatePitFight,,False,False,True,True,False,P1,70,template_expandable
nights_embrace,nights_embrace_blue,Night's Embrace,AttackReaction,ArakniSilverAgeDeck|ArmoryDeckArakni,Arakni|Crackni|Nuu|Slippy|Uzuri,Blitz|Clash|ClassicConstructed|LivingLegend|Open|SilverAge|UltimatePitFight,,False,False,True,True,False,P1,70,template_expandable
nimble_strike,nimble_strike_blue|nimble_strike_red|nimble_strike_yellow,Nimble Strike,Action,PartTheMistveil|WelcomeToRathe,Arakni|Aurora|Aurora2|Azalea|Benji|Betsy|Blaze|Bolfar|Boltyn|Bravo|Brevant|Briar|Broscilio|Brutus|Chane|Cindra|Crackni|Crix|Dash|DataDoll|Dorinthea|Dromai|Emperor|Enigma|Fai|Fang|Florian|Frankie|Genis|GravyBones|Hala|Ira|Iyslander|Jarl|Kano|Kassai|Katsu|Kavdaen|Kayo|Kox|Levia|Lexi|Librarian|Lyath|Marlynn|Maxx|Melody|Nuu|Oldhim|Olympia|Oscilio|Pleiades|Prism|Puffin|RKO|Reya|Rhinar|Riptide|Ruudi|Scurv|Shiyana|Slippy|Squizzy|Starvo|Taipanis|Taylor|Teklovossen|Terra|Theryon|Tuffnut|Uzuri|Valda|Verdance|Victor|Viserai|Vynnset|Yoji|Yorick|Zen|Zyggy,Blitz|Clash|ClassicConstructed|Draft|LivingLegend|Open|Sealed|SilverAge|UltimatePitFight,,False,False,True,True,False,P1,70,template_expandable
nip_at_the_heels,nip_at_the_heels_blue,Nip at the Heels,AttackReaction,DorintheaSilverAgeDeck|FaiSilverAgeDeck|Promos|TheHunted,Arakni|Aurora|Aurora2|Azalea|Benji|Betsy|Blaze|Bolfar|Boltyn|Bravo|Brevant|Briar|Broscilio|Brutus|Chane|Cindra|Crackni|Crix|Dash|DataDoll|Dorinthea|Dromai|Enigma|Fai|Fang|Florian|Frankie|Genis|GravyBones|Hala|Ira|Iyslander|Jarl|Kano|Kassai|Katsu|Kavdaen|Kayo|Kox|Levia|Lexi|Librarian|Lyath|Marlynn|Maxx|Melody|Nuu|Oldhim|Olympia|Oscilio|Pleiades|Prism|Puffin|RKO|Reya|Rhinar|Riptide|Ruudi|Scurv|Shiyana|Slippy|Squizzy|Starvo|Taipanis|Taylor|Teklovossen|Terra|Theryon|Tuffnut|Uzuri|Valda|Verdance|Victor|Viserai|Vynnset|Yoji|Yorick|Zen|Zyggy,Blitz|Clash|ClassicConstructed|Draft|LivingLegend|Open|Sealed|SilverAge|UltimatePitFight,,False,False,True,True,False,P1,70,template_expandable
not_so_mighty,not_so_mighty_blue,Not So Mighty,Block,SuperSlam,Pleiades|Tuffnut,Blitz|Clash|ClassicConstructed|Draft|LivingLegend|Open|Sealed|SilverAge|UltimatePitFight,,False,False,True,True,False,P1,70,template_expandable
not_so_tuff,not_so_tuff_blue,Not So Tuff,Block,SuperSlam,Lyath|RKO,Blitz|Clash|ClassicConstructed|Draft|LivingLegend|Open|Sealed|SilverAge|UltimatePitFight,,False,False,True,True,False,P1,70,template_expandable
oath_of_oak,oath_of_oak_blue|oath_of_oak_red|oath_of_oak_yellow,Oath of Oak,Action,CompendiumOfRathe,Briar|Florian|Jarl|Oldhim|Starvo|Terra|Verdance,Blitz|Clash|ClassicConstructed|LivingLegend|Open|SilverAge|UltimatePitFight,,False,False,True,True,False,P1,70,template_expandable
old_favorite,old_favorite_yellow,Old Favorite,Action,SuperSlam,Pleiades|Tuffnut,Blitz|ClassicConstructed|Draft|LivingLegend|Open|Sealed|UltimatePitFight,,False,False,True,True,False,P1,70,template_expandable
ole,ole_blue,Olé,AttackReaction,ArmoryDeckOriginsHala,Boltyn|Dorinthea|Fang|Hala|Kassai|Olympia,Blitz|Clash|ClassicConstructed|LivingLegend|Open|SilverAge|UltimatePitFight,,False,False,True,True,False,P1,70,template_expandable
ornate_tessen,ornate_tessen,Ornate Tessen,Equipment,Dynasty,Arakni|Aurora|Aurora2|Azalea|Benji|Betsy|Blaze|Bolfar|Boltyn|Bravo|Brevant|Briar|Broscilio|Brutus|Chane|Cindra|Crackni|Crix|Dash|DataDoll|Dorinthea|Dromai|Emperor|Enigma|Fai|Fang|Florian|Frankie|Genis|GravyBones|Hala|Ira|Iyslander|Jarl|Kano|Kassai|Katsu|Kavdaen|Kayo|Kox|Levia|Lexi|Librarian|Lyath|Marlynn|Maxx|Melody|Nuu|Oldhim|Olympia|Oscilio|Pleiades|Prism|Puffin|RKO|Reya|Rhinar|Riptide|Ruudi|Scurv|Shiyana|Slippy|Squizzy|Starvo|Taipanis|Taylor|Teklovossen|Terra|Theryon|Tuffnut|Uzuri|Valda|Verdance|Victor|Viserai|Vynnset|Yoji|Yorick|Zen|Zyggy,Blitz|Clash|ClassicConstructed|LivingLegend|Open|SilverAge|UltimatePitFight,,False,False,True,True,False,P1,70,template_expandable
painful_premonition,painful_premonition_blue|painful_premonition_red|painful_premonition_yellow,Painful Premonition,Action,CompendiumOfRathe,Blaze|Broscilio|Emperor|Iyslander|Kano|Oscilio|Verdance,Blitz|Clash|ClassicConstructed|LivingLegend|Open|SilverAge|UltimatePitFight,,False,False,True,True,False,P1,70,template_expandable
peace_of_mind,peace_of_mind_blue|peace_of_mind_red|peace_of_mind_yellow,Peace of Mind,Instant,Outsiders|Promos|UzuriBlitzDeck,Arakni|Aurora|Aurora2|Azalea|Benji|Betsy|Blaze|Bolfar|Boltyn|Bravo|Brevant|Briar|Broscilio|Brutus|Chane|Cindra|Crackni|Crix|Dash|DataDoll|Dorinthea|Dromai|Emperor|Enigma|Fai|Fang|Florian|Frankie|Genis|GravyBones|Hala|Ira|Iyslander|Jarl|Kano|Kassai|Katsu|Kavdaen|Kayo|Kox|Levia|Lexi|Librarian|Lyath|Marlynn|Maxx|Melody|Nuu|Oldhim|Olympia|Oscilio|Pleiades|Prism|Puffin|RKO|Reya|Rhinar|Riptide|Ruudi|Scurv|Shiyana|Slippy|Squizzy|Starvo|Taipanis|Taylor|Teklovossen|Terra|Theryon|Tuffnut|Uzuri|Valda|Verdance|Victor|Viserai|Vynnset|Yoji|Yorick|Zen|Zyggy,Blitz|Clash|ClassicConstructed|Draft|LivingLegend|Open|Sealed|SilverAge|UltimatePitFight,,False,False,True,True,False,P1,70,template_expandable
perforate,perforate_yellow,Perforate,AttackReaction,TheHunted,Arakni|Boltyn|Crackni|Dorinthea|Fang|Hala|Kassai|Nuu|Olympia|Slippy|Uzuri,Blitz|ClassicConstructed|Draft|LivingLegend|Open|Sealed|UltimatePitFight,,False,False,True,True,False,P1,70,template_expandable
pilfer_the_wreck,pilfer_the_wreck_blue|pilfer_the_wreck_red|pilfer_the_wreck_yellow,Pilfer the Wreck,Action,HighSeas,GravyBones|Marlynn|Puffin|Scurv,Blitz|Clash|ClassicConstructed|Draft|LivingLegend|Open|Sealed|SilverAge|UltimatePitFight,,False,False,True,True,False,P1,70,template_expandable
pinion_sentry,pinion_sentry_blue,Pinion Sentry,Block,GEM|HighSeas,Dash|DataDoll|Maxx|Puffin|Teklovossen,Blitz|Clash|ClassicConstructed|Draft|LivingLegend|Open|Sealed|SilverAge|UltimatePitFight,,False,False,True,True,False,P1,70,template_expandable
pledge_fealty,pledge_fealty_red,Pledge Fealty,Instant,FangBlitzDeck|Promos|TheHunted,Cindra|Dromai|Emperor|Fai|Fang|Taipanis,Blitz|Clash|ClassicConstructed|Draft|LivingLegend|Open|Sealed|SilverAge|UltimatePitFight,,False,False,True,True,False,P1,70,template_expandable
polished_blade,polished_blade_red,Polished Blade,AttackReaction,ArmoryDeckOriginsHala,Boltyn|Dorinthea|Emperor|Fang|Hala|Kassai|Olympia,Blitz|ClassicConstructed|LivingLegend|Open|UltimatePitFight,,False,False,True,True,False,P1,70,template_expandable
power_play,power_play_blue|power_play_red|power_play_yellow,Power Play,Action,SuperSlam,Betsy|Bolfar|Bravo|Brevant|Crix|Jarl|Kox|Lyath|Oldhim|Pleiades|Reya|Starvo|Terra|Valda|Victor|Yoji,Blitz|Clash|ClassicConstructed|Draft|LivingLegend|Open|Sealed|SilverAge|UltimatePitFight,,False,False,True,True,False,P1,70,template_expandable
primed_to_fight,primed_to_fight_red,Primed to Fight,Action,HeavyHitters,Betsy|Bolfar|Bravo|Brevant|Crix|Jarl|Kox|Lyath|Oldhim|Pleiades|Reya|Starvo|Terra|Valda|Victor|Yoji,Blitz|ClassicConstructed|Draft|LivingLegend|Open|Sealed|UltimatePitFight,,False,False,True,True,False,P1,70,template_expandable
prism,prism,Prism,Hero,CompendiumOfRathe|Monarch|PrismBlitzDeck|Promos,Prism,Blitz|Clash|Draft|Open|Sealed|SilverAge|UltimatePitFight,,False,False,True,True,False,P1,70,template_expandable
prism_sculptor_of_arc_light,prism_sculptor_of_arc_light,"Prism, Sculptor of Arc Light",Hero,ArmoryDeckLegendsPrism|Monarch|Promos,Prism,LivingLegend|Open,,False,False,True,True,False,P1,70,template_expandable
prismatic_shield,prismatic_shield_blue|prismatic_shield_red|prismatic_shield_yellow,Prismatic Shield,Instant,Monarch|PrismBlitzDeck,Dromai|Enigma|Prism|Zyggy,Blitz|Clash|ClassicConstructed|Draft|LivingLegend|Open|Sealed|SilverAge|UltimatePitFight,,False,False,True,True,False,P1,70,template_expandable
puffin,puffin,Puffin,Hero,HighSeas,Puffin,Blitz|Clash|Draft|Open|Sealed|SilverAge|UltimatePitFight,,False,False,True,True,False,P1,70,template_expandable
punch_above_your_weight,punch_above_your_weight_blue|punch_above_your_weight_red|punch_above_your_weight_yellow,Punch Above Your Weight,Action,Promos|SuperSlam,Arakni|Aurora|Aurora2|Azalea|Benji|Betsy|Blaze|Bolfar|Boltyn|Bravo|Brevant|Briar|Broscilio|Brutus|Chane|Cindra|Crackni|Crix|Dash|DataDoll|Dorinthea|Dromai|Emperor|Enigma|Fai|Fang|Florian|Frankie|Genis|GravyBones|Hala|Ira|Iyslander|Jarl|Kano|Kassai|Katsu|Kavdaen|Kayo|Kox|Levia|Lexi|Librarian|Lyath|Marlynn|Maxx|Melody|Nuu|Oldhim|Olympia|Oscilio|Pleiades|Prism|Puffin|RKO|Reya|Rhinar|Riptide|Ruudi|Scurv|Shiyana|Slippy|Squizzy|Starvo|Taipanis|Taylor|Teklovossen|Terra|Theryon|Tuffnut|Uzuri|Valda|Verdance|Victor|Viserai|Vynnset|Yoji|Yorick|Zen|Zyggy,Blitz|Clash|ClassicConstructed|Draft|LivingLegend|Open|Sealed|SilverAge|UltimatePitFight,,False,False,True,True,False,P1,70,template_expandable
rake_over_the_coals,rake_over_the_coals_red,Rake Over the Coals,Instant,GEM|TheHunted,Cindra|Dromai|Emperor|Fai|Fang|Taipanis,Blitz|Clash|ClassicConstructed|Draft|LivingLegend|Open|Sealed|SilverAge|UltimatePitFight,,False,False,True,True,False,P1,70,template_expandable
read_the_runes,read_the_runes_blue|read_the_runes_red|read_the_runes_yellow,Read the Runes,Action,ArcaneRising|ArmoryDeckLegendsViserai|HistoryPack1|ViseraiSilverAgeDeck,Aurora|Aurora2|Briar|Chane|Florian|Viserai|Vynnset,Blitz|Clash|ClassicConstructed|Draft|LivingLegend|Open|Sealed|SilverAge|UltimatePitFight,,False,False,True,True,False,P1,70,template_expandable
reckless_swing,reckless_swing_blue,Reckless Swing,DefenseReaction,HistoryPack1|WelcomeToRathe,Kayo|Levia|RKO|Rhinar|Tuffnut,Blitz|ClassicConstructed|Draft|LivingLegend|Open|Sealed|UltimatePitFight,,False,False,True,True,False,P1,70,template_expandable
reduce_to_runechant,reduce_to_runechant_blue|reduce_to_runechant_red|reduce_to_runechant_yellow,Reduce to Runechant,DefenseReaction,ArcaneRising|HistoryPack1|Promos|ViseraiSilverAgeDeck,Aurora|Aurora2|Briar|Chane|Florian|Viserai|Vynnset,Blitz|Clash|ClassicConstructed|Draft|LivingLegend|Open|Sealed|SilverAge|UltimatePitFight,,False,False,True,True,False,P1,70,template_expandable
reek_of_corruption,reek_of_corruption_blue|reek_of_corruption_red|reek_of_corruption_yellow,Reek of Corruption,Action,Everfest,Aurora|Aurora2|Briar|Chane|Florian|Viserai|Vynnset,Blitz|Clash|ClassicConstructed|LivingLegend|Open|SilverAge|UltimatePitFight,,False,False,True,True,False,P1,70,template_expandable
reinforce_the_line,reinforce_the_line_blue|reinforce_the_line_red|reinforce_the_line_yellow,Reinforce the Line,Instant,CrucibleOfWar|GEM|HeavyHitters,Arakni|Aurora|Aurora2|Azalea|Benji|Betsy|Blaze|Bolfar|Boltyn|Bravo|Brevant|Briar|Broscilio|Brutus|Chane|Cindra|Crackni|Crix|Dash|DataDoll|Dorinthea|Dromai|Emperor|Enigma|Fai|Fang|Florian|Frankie|Genis|GravyBones|Hala|Ira|Iyslander|Jarl|Kano|Kassai|Katsu|Kavdaen|Kayo|Kox|Levia|Lexi|Librarian|Lyath|Marlynn|Maxx|Melody|Nuu|Oldhim|Olympia|Oscilio|Pleiades|Prism|Puffin|RKO|Reya|Rhinar|Riptide|Ruudi|Scurv|Shiyana|Slippy|Squizzy|Starvo|Taipanis|Taylor|Teklovossen|Terra|Theryon|Tuffnut|Uzuri|Valda|Verdance|Victor|Viserai|Vynnset|Yoji|Yorick|Zen|Zyggy,Blitz|Clash|ClassicConstructed|Draft|LivingLegend|Open|Sealed|SilverAge|UltimatePitFight,,False,False,True,True,False,P1,70,template_expandable
rejuvenate,rejuvenate_blue|rejuvenate_red|rejuvenate_yellow,Rejuvenate,Action,TalesOfAria,Aurora|Briar|Florian|Iyslander|Jarl|Lexi|Oldhim|Oscilio|Starvo|Terra|Verdance,Blitz|Clash|ClassicConstructed|Draft|LivingLegend|Open|Sealed|SilverAge|UltimatePitFight,,False,False,True,True,False,P1,70,template_expandable
remorseless,remorseless_red,Remorseless,Action,CrucibleOfWar|HistoryPack1,Azalea|Lexi|Marlynn|Riptide,Blitz|ClassicConstructed|LivingLegend|Open|UltimatePitFight,,False,False,True,True,False,P1,70,template_expandable
resounding_courage,resounding_courage_blue|resounding_courage_red|resounding_courage_yellow,Resounding Courage,AttackReaction,ArmoryDeckBoltyn|DuskTillDawn,Boltyn,Blitz|Clash|ClassicConstructed|LivingLegend|Open|SilverAge|UltimatePitFight,,False,False,True,True,False,P1,70,template_expandable
return_fire,return_fire_red,Return Fire,Block,HighSeas,Azalea|Lexi|Marlynn|Riptide,Blitz|ClassicConstructed|Draft|LivingLegend|Open|Sealed|UltimatePitFight,,False,False,True,True,False,P1,70,template_expandable
reverberate,reverberate_blue|reverberate_red|reverberate_yellow,Reverberate,Action,ArcaneRising|HistoryPack1,Blaze|Broscilio|Emperor|Iyslander|Kano|Oscilio|Verdance,Blitz|Clash|ClassicConstructed|Draft|LivingLegend|Open|Sealed|SilverAge|UltimatePitFight,,False,False,True,True,False,P1,70,template_expandable
riled_up,riled_up_blue|riled_up_red|riled_up_yellow,Riled Up,Action,CrucibleOfWar|HistoryPack1,Kayo|Levia|RKO|Rhinar|Tuffnut,Blitz|Clash|ClassicConstructed|LivingLegend|Open|SilverAge|UltimatePitFight,,False,False,True,True,False,P1,70,template_expandable
rising_power,rising_power_blue|rising_power_red|rising_power_yellow,Rising Power,Action,HeavyHitters|KayoBlitzDeck,Betsy|Bolfar|Bravo|Brevant|Crix|Jarl|Kayo|Kox|Levia|Lyath|Oldhim|Pleiades|RKO|Reya|Rhinar|Starvo|Terra|Tuffnut|Valda|Victor|Yoji,Blitz|Clash|ClassicConstructed|Draft|LivingLegend|Open|Sealed|SilverAge|UltimatePitFight,,False,False,True,True,False,P1,70,template_expandable
rising_tide,rising_tide_blue,Rising Tide,Action,NuuBlitzDeck|PartTheMistveil,Enigma|Nuu|Zen,Blitz|Clash|ClassicConstructed|Draft|LivingLegend|Open|Sealed|SilverAge|UltimatePitFight,,False,False,True,True,False,P1,70,template_expandable
rites_of_earthlore,rites_of_earthlore_blue|rites_of_earthlore_red|rites_of_earthlore_yellow,Rites of Earthlore,Action,CompendiumOfRathe,Betsy|Bolfar|Bravo|Brevant|Crix|Jarl|Kox|Lyath|Oldhim|Pleiades|Reya|Starvo|Terra|Valda|Victor|Yoji,Blitz|Clash|ClassicConstructed|LivingLegend|Open|SilverAge|UltimatePitFight,,False,False,True,True,False,P1,70,template_expandable
romping_club,romping_club,Romping Club,Weapon,ArmoryDeckRhinar|CrucibleOfWar|HistoryPack1|Promos|RhinarHeroDeck|WelcomeToRathe,Kayo|Levia|RKO|Rhinar|Tuffnut,Blitz|Clash|ClassicConstructed|Draft|LivingLegend|Open|Sealed|SilverAge|UltimatePitFight,,False,False,True,True,False,P1,70,template_expandable
rosetta_thorn,rosetta_thorn,Rosetta Thorn,Weapon,BriarBlitzDeck|Promos|Rosetta|TalesOfAria,Aurora|Aurora2|Briar|Chane|Florian|Viserai|Vynnset,Blitz|Clash|Draft|Open|Sealed|UltimatePitFight,,False,False,True,True,False,P1,70,template_expandable
rotten_remains,rotten_remains_blue,Rotten Remains,Action,TheHunted,Arakni|Aurora|Aurora2|Azalea|Benji|Betsy|Blaze|Bolfar|Boltyn|Bravo|Brevant|Briar|Broscilio|Brutus|Chane|Cindra|Crackni|Crix|Dash|DataDoll|Dorinthea|Dromai|Enigma|Fai|Fang|Florian|Frankie|Genis|GravyBones|Hala|Ira|Iyslander|Jarl|Kano|Kassai|Katsu|Kavdaen|Kayo|Kox|Levia|Lexi|Librarian|Lyath|Marlynn|Maxx|Melody|Nuu|Oldhim|Olympia|Oscilio|Pleiades|Prism|Puffin|RKO|Reya|Rhinar|Riptide|Ruudi|Scurv|Shiyana|Slippy|Squizzy|Starvo|Taipanis|Taylor|Teklovossen|Terra|Theryon|Tuffnut|Uzuri|Valda|Verdance|Victor|Viserai|Vynnset|Yoji|Yorick|Zen|Zyggy,Blitz|ClassicConstructed|Draft|LivingLegend|Open|Sealed|UltimatePitFight,,False,False,True,True,False,P1,70,template_expandable
rough_up,rough_up_blue|rough_up_red|rough_up_yellow,Rough Up,Action,KayoSilverAgeDeck|SuperSlam,Kayo|Levia|RKO|Rhinar|Tuffnut,Blitz|Clash|ClassicConstructed|Draft|LivingLegend|Open|Sealed|SilverAge|UltimatePitFight,,False,False,True,True,False,P1,70,template_expandable
rousing_aether,rousing_aether_blue|rousing_aether_red|rousing_aether_yellow,Rousing Aether,Action,CrucibleOfWar,Blaze|Broscilio|Emperor|Iyslander|Kano|Oscilio|Verdance,Blitz|Clash|ClassicConstructed|LivingLegend|Open|SilverAge|UltimatePitFight,,False,False,True,True,False,P1,70,template_expandable
rowdy_locals,rowdy_locals_blue,Rowdy Locals,Action,PartTheMistveil,Arakni|Aurora|Aurora2|Azalea|Benji|Betsy|Blaze|Bolfar|Boltyn|Bravo|Brevant|Briar|Broscilio|Brutus|Chane|Cindra|Crackni|Crix|Dash|DataDoll|Dorinthea|Dromai|Enigma|Fai|Fang|Florian|Frankie|Genis|GravyBones|Hala|Ira|Iyslander|Jarl|Kano|Kassai|Katsu|Kavdaen|Kayo|Kox|Levia|Lexi|Librarian|Lyath|Marlynn|Maxx|Melody|Nuu|Oldhim|Olympia|Oscilio|Pleiades|Prism|Puffin|RKO|Reya|Rhinar|Riptide|Ruudi|Scurv|Shiyana|Slippy|Squizzy|Starvo|Taipanis|Taylor|Teklovossen|Terra|Theryon|Tuffnut|Uzuri|Valda|Verdance|Victor|Viserai|Vynnset|Yoji|Yorick|Zen|Zyggy,Blitz|ClassicConstructed|Draft|LivingLegend|Open|Sealed|UltimatePitFight,,False,False,True,True,False,P1,70,template_expandable
runeblood_barrier,runeblood_barrier_yellow,Runeblood Barrier,Action,CrucibleOfWar|HistoryPack1,Aurora|Aurora2|Briar|Chane|Florian|Viserai|Vynnset,Blitz|ClassicConstructed|LivingLegend|Open|UltimatePitFight,,False,False,True,True,False,P1,70,template_expandable
runic_fellingsong,runic_fellingsong_blue|runic_fellingsong_red|runic_fellingsong_yellow,Runic Fellingsong,Action,CompendiumOfRathe|ViseraiSilverAgeDeck,Aurora|Aurora2|Briar|Chane|Florian|Viserai|Vynnset,Blitz|Clash|ClassicConstructed|LivingLegend|Open|SilverAge|UltimatePitFight,,False,False,True,True,False,P1,70,template_expandable
runic_reclamation,runic_reclamation_red,Runic Reclamation,Action,Everfest,Aurora|Aurora2|Briar|Chane|Florian|Viserai|Vynnset,Blitz|ClassicConstructed|LivingLegend|Open|UltimatePitFight,,False,False,True,True,False,P1,70,template_expandable
runner_runner,runner_runner_red,Runner Runner,Action,HeavyHitters|Promos,Boltyn|Dorinthea|Emperor|Fang|Hala|Kassai|Kayo|Levia|Olympia|RKO|Rhinar|Tuffnut,Blitz|ClassicConstructed|Draft|LivingLegend|Open|Sealed|UltimatePitFight,,False,False,True,True,False,P1,70,template_expandable
savage_beatdown,savage_beatdown_red,Savage Beatdown,Action,ArmoryDeckKayo|Dynasty,Kayo|Levia|RKO|Rhinar|Tuffnut,Blitz|ClassicConstructed|LivingLegend|Open|UltimatePitFight,,False,False,True,True,False,P1,70,template_expandable
savage_feast,savage_feast_blue|savage_feast_red|savage_feast_yellow,Savage Feast,Action,HistoryPack1|KayoSilverAgeDeck|RhinarHeroDeck|WelcomeToRathe,Kayo|Levia|RKO|Rhinar|Tuffnut,Blitz|Clash|ClassicConstructed|Draft|LivingLegend|Open|Sealed|SilverAge|UltimatePitFight,,False,False,True,True,False,P1,70,template_expandable
savage_swing,savage_swing_blue|savage_swing_red|savage_swing_yellow,Savage Swing,Action,HistoryPack1|RhinarHeroDeck|WelcomeToRathe,Kayo|Levia|RKO|Rhinar|Tuffnut,Blitz|Clash|ClassicConstructed|Draft|LivingLegend|Open|Sealed|SilverAge|UltimatePitFight,,False,False,True,True,False,P1,70,template_expandable
save_the_thought,save_the_thought_blue|save_the_thought_red|save_the_thought_yellow,Save the Thought,Instant,Rosetta,Blaze|Broscilio|Emperor|Iyslander|Kano|Oscilio|Verdance,Blitz|Clash|ClassicConstructed|Draft|LivingLegend|Open|Sealed|SilverAge|UltimatePitFight,,False,False,True,True,False,P1,70,template_expandable
scalding_rain,scalding_rain_blue|scalding_rain_red|scalding_rain_yellow,Scalding Rain,Action,ArcaneRising|HistoryPack1,Blaze|Broscilio|Emperor|Iyslander|Kano|Oscilio|Verdance,Blitz|Clash|ClassicConstructed|Draft|LivingLegend|Open|Sealed|SilverAge|UltimatePitFight,,False,False,True,True,False,P1,70,template_expandable
scorpio_comet_tail,scorpio_comet_tail,"Scorpio, Comet Tail",Weapon,OmensOfTheThirdAge,Aurora|Aurora2|Briar,Blitz|Clash|ClassicConstructed|Draft|LivingLegend|Open|Sealed|SilverAge|UltimatePitFight,,False,False,True,True,False,P1,70,template_expandable
searing_ray,searing_ray_blue|searing_ray_red|searing_ray_yellow,Searing Ray,Action,DuskTillDawn,Boltyn|Librarian|Prism|Theryon,Blitz|Clash|ClassicConstructed|LivingLegend|Open|SilverAge|UltimatePitFight,,False,False,True,True,False,P1,70,template_expandable
searing_shot,searing_shot_blue|searing_shot_red|searing_shot_yellow,Searing Shot,Action,ArcaneRising|AzaleaSilverAgeDeck|HistoryPack1|RiptideBlitzDeck,Azalea|Lexi|Marlynn|Riptide,Blitz|Clash|ClassicConstructed|Draft|LivingLegend|Open|Sealed|SilverAge|UltimatePitFight,,False,False,True,True,False,P1,70,template_expandable
sedation_shot,sedation_shot_blue|sedation_shot_red|sedation_shot_yellow,Sedation Shot,Action,ArmoryDeckAzalea|AzaleaBlitzDeck|Outsiders|RiptideBlitzDeck,Azalea|Lexi|Marlynn|Riptide,Blitz|Clash|ClassicConstructed|Draft|LivingLegend|Open|Sealed|SilverAge|UltimatePitFight,,False,False,True,True,False,P1,70,template_expandable
seduce_secrets,seduce_secrets_yellow,Seduce Secrets,Instant,HeavyHitters|Promos,Arakni|Aurora|Aurora2|Azalea|Benji|Betsy|Blaze|Bolfar|Boltyn|Bravo|Brevant|Briar|Broscilio|Brutus|Chane|Cindra|Crackni|Crix|Dash|DataDoll|Dorinthea|Dromai|Enigma|Fai|Fang|Florian|Frankie|Genis|GravyBones|Hala|Ira|Iyslander|Jarl|Kano|Kassai|Katsu|Kavdaen|Kayo|Kox|Levia|Lexi|Librarian|Lyath|Marlynn|Maxx|Melody|Nuu|Oldhim|Olympia|Oscilio|Pleiades|Prism|Puffin|RKO|Reya|Rhinar|Riptide|Ruudi|Scurv|Shiyana|Slippy|Squizzy|Starvo|Taipanis|Taylor|Teklovossen|Terra|Theryon|Tuffnut|Uzuri|Valda|Verdance|Victor|Viserai|Vynnset|Yoji|Yorick|Zen|Zyggy,Blitz|ClassicConstructed|Draft|LivingLegend|Open|Sealed|UltimatePitFight,,False,False,True,True,False,P1,70,template_expandable
seeds_of_tomorrow,seeds_of_tomorrow_blue,Seeds of Tomorrow,Instant,Rosetta,Briar|Florian|Jarl|Oldhim|Starvo|Terra|Verdance,Blitz|ClassicConstructed|Draft|LivingLegend|Open|Sealed|UltimatePitFight,,False,False,True,True,False,P1,70,template_expandable
seismic_eruption,seismic_eruption_yellow,Seismic Eruption,Instant,MasteryPackGuardian,Betsy|Bolfar|Bravo|Brevant|Crix|Jarl|Kox|Lyath|Oldhim|Pleiades|Reya|Starvo|Terra|Valda|Victor|Yoji,Blitz|ClassicConstructed|LivingLegend|Open|UltimatePitFight,,False,False,True,True,False,P1,70,template_expandable
shallow_water_shark_harpoon,shallow_water_shark_harpoon_yellow,Shallow Water Shark Harpoon,Action,CompendiumOfRathe|GEM,Marlynn,Blitz|Clash|ClassicConstructed|LivingLegend|Open|SilverAge|UltimatePitFight,,False,False,True,True,False,P1,70,template_expandable
shock_striker,shock_striker_blue|shock_striker_red|shock_striker_yellow,Shock Striker,Action,LexiBlitzDeck|TalesOfAria,Aurora|Aurora2|Briar|Broscilio|Lexi|Oscilio|Starvo|Zyggy,Blitz|Clash|ClassicConstructed|Draft|LivingLegend|Open|Sealed|SilverAge|UltimatePitFight,,False,False,True,True,False,P1,70,template_expandable
sigil_of_forethought,sigil_of_forethought_blue,Sigil of Forethought,Instant,OscilioBlitzDeck|Promos|Rosetta,Blaze|Broscilio|Iyslander|Kano|Oscilio|Verdance,Blitz|Clash|ClassicConstructed|Draft|LivingLegend|Open|Sealed|SilverAge|UltimatePitFight,,False,False,True,True,False,P1,70,template_expandable
sigil_of_lightning,sigil_of_lightning_blue,Sigil of Lightning,Instant,AuroraBlitzDeck|OscilioBlitzDeck|Promos|Rosetta,Aurora|Aurora2|Briar|Broscilio|Lexi|Oscilio|Starvo|Zyggy,Blitz|Clash|ClassicConstructed|Draft|LivingLegend|Open|Sealed|SilverAge|UltimatePitFight,,False,False,True,True,False,P1,70,template_expandable
sigil_of_suffering,sigil_of_suffering_blue|sigil_of_suffering_red|sigil_of_suffering_yellow,Sigil of Suffering,DefenseReaction,TalesOfAria|ViseraiSilverAgeDeck,Aurora|Aurora2|Briar|Chane|Florian|Viserai|Vynnset,Blitz|Clash|ClassicConstructed|Draft|LivingLegend|Open|Sealed|SilverAge|UltimatePitFight,,False,False,True,True,False,P1,70,template_expandable
sigil_of_voltaris,sigil_of_voltaris_blue,Sigil of Voltaris,Instant,CompendiumOfRathe,Aurora|Aurora2|Briar,Blitz|Clash|ClassicConstructed|LivingLegend|Open|SilverAge|UltimatePitFight,,False,False,True,True,False,P1,70,template_expandable
silver_talons,silver_talons_blue|silver_talons_red|silver_talons_yellow,Silver Talons,Action,CindraBlitzDeck|TheHunted,Benji|Cindra|Fai|Ira|Katsu|Zen,Blitz|Clash|ClassicConstructed|Draft|LivingLegend|Open|Sealed|SilverAge|UltimatePitFight,,False,False,True,True,False,P1,70,template_expandable
silverdrop_downpour,silverdrop_downpour_red,Silverdrop Downpour,AttackReaction,ArmoryDeckOriginsHala,Boltyn|Dorinthea|Emperor|Fang|Hala|Kassai|Olympia,Blitz|Clash|ClassicConstructed|LivingLegend|Open|SilverAge|UltimatePitFight,,False,False,True,True,False,P1,70,template_expandable
singe,singe_blue|singe_red|singe_yellow,Singe,Action,Uprising,Blaze|Broscilio|Emperor|Iyslander|Kano|Oscilio|Verdance,Blitz|Clash|ClassicConstructed|Draft|LivingLegend|Open|Sealed|SilverAge|UltimatePitFight,,False,False,True,True,False,P1,70,template_expandable
singeing_steelblade,singeing_steelblade_blue|singeing_steelblade_red|singeing_steelblade_yellow,Singeing Steelblade,Action,TalesOfAria,Aurora|Aurora2|Briar|Chane|Florian|Viserai|Vynnset,Blitz|Clash|ClassicConstructed|Draft|LivingLegend|Open|Sealed|SilverAge|UltimatePitFight,,False,False,True,True,False,P1,70,template_expandable
sisters_of_fire,sisters_of_fire_red,Sisters of Fire,AttackReaction,TheHunted,Emperor|Fang,Blitz|Clash|ClassicConstructed|Draft|LivingLegend|Open|Sealed|SilverAge|UltimatePitFight,,False,False,True,True,False,P1,70,template_expandable
sit,sit_red,Sit!,Block,SuperSlam,Betsy|Bolfar|Bravo|Brevant|Crix|Jarl|Kox|Lyath|Oldhim|Pleiades|Reya|Starvo|Terra|Valda|Victor|Yoji,Blitz|Clash|ClassicConstructed|Draft|LivingLegend|Open|Sealed|SilverAge|UltimatePitFight,,False,False,True,True,False,P1,70,template_expandable
slap_happy,slap_happy_red,Slap-Happy,Instant,HeavyHitters|Promos,Betsy|Bolfar|Boltyn|Bravo|Brevant|Crix|Dorinthea|Emperor|Fang|Hala|Jarl|Kassai|Kox|Lyath|Oldhim|Olympia|Pleiades|Reya|Starvo|Terra|Valda|Victor|Yoji,Blitz|Clash|ClassicConstructed|Draft|LivingLegend|Open|Sealed|SilverAge|UltimatePitFight,,False,False,True,True,False,P1,70,template_expandable
smash_and_grab,smash_and_grab_red,Smash and Grab,Action,BrightLights,Dash|DataDoll|Maxx|Puffin|Teklovossen,Blitz|Clash|ClassicConstructed|Draft|LivingLegend|Open|Sealed|SilverAge|UltimatePitFight,,False,False,True,True,False,P1,70,template_expandable
smashing_performance,smashing_performance_yellow,Smashing Performance,Action,BrightLights,Kayo|Levia|RKO|Rhinar|Tuffnut,Blitz|ClassicConstructed|LivingLegend|Open|UltimatePitFight,,False,False,True,True,False,P1,70,template_expandable
smoldering_steel,smoldering_steel_red,Smoldering Steel,AttackReaction,CompendiumOfRathe,Emperor|Fang,Blitz|Clash|ClassicConstructed|LivingLegend|Open|SilverAge|UltimatePitFight,,False,False,True,True,False,P1,70,template_expandable
snapback,snapback_blue|snapback_red|snapback_yellow,Snapback,Action,CrucibleOfWar|HistoryPack1,Blaze|Broscilio|Emperor|Iyslander|Kano|Oscilio|Verdance,Blitz|Clash|ClassicConstructed|LivingLegend|Open|SilverAge|UltimatePitFight,,False,False,True,True,False,P1,70,template_expandable
snuff_out,snuff_out_red,Snuff Out,Action,Rosetta,Aurora|Aurora2|Briar|Chane|Florian|Viserai|Vynnset,Blitz|ClassicConstructed|Draft|LivingLegend|Open|Sealed|UltimatePitFight,,False,False,True,True,False,P1,70,template_expandable
song_of_jack_be_quick,song_of_jack_be_quick_blue,Song of Jack-be-Quick,Action,Promos|RoundTheTable,Melody|Yorick,Blitz|Clash|ClassicConstructed|LivingLegend|Open|SilverAge|UltimatePitFight,,False,False,True,True,False,P1,70,template_expandable
song_of_larinkmorth_white,song_of_larinkmorth_white_blue,Song of Larinkmorth White,Action,CompendiumOfRathe,Melody|Yorick,Blitz|Clash|ClassicConstructed|LivingLegend|Open|SilverAge|UltimatePitFight,,False,False,True,True,False,P1,70,template_expandable
song_of_the_rosen_matador,song_of_the_rosen_matador_blue,Song of the Rosen Matador,Action,Promos|RoundTheTable,Melody|Yorick,Blitz|Clash|ClassicConstructed|LivingLegend|Open|SilverAge|UltimatePitFight,,False,False,True,True,False,P1,70,template_expandable
song_of_the_shining_knight,song_of_the_shining_knight_blue,Song of the Shining Knight,Action,Promos|RoundTheTable,Melody|Yorick,Blitz|Clash|ClassicConstructed|LivingLegend|Open|SilverAge|UltimatePitFight,,False,False,True,True,False,P1,70,template_expandable
sonic_boom,sonic_boom_yellow,Sonic Boom,Action,ArcaneRising|HistoryPack1,Blaze|Broscilio|Iyslander|Kano|Oscilio|Verdance,Blitz|ClassicConstructed|Draft|LivingLegend|Open|Sealed|UltimatePitFight,,False,False,True,True,False,P1,70,template_expandable
spellblade_assault,spellblade_assault_blue|spellblade_assault_red|spellblade_assault_yellow,Spellblade Assault,Action,ArcaneRising|HistoryPack1|ViseraiSilverAgeDeck,Aurora|Aurora2|Briar|Chane|Florian|Viserai|Vynnset,Blitz|Clash|ClassicConstructed|Draft|LivingLegend|Open|Sealed|SilverAge|UltimatePitFight,,False,False,True,True,False,P1,70,template_expandable
spellblade_strike,spellblade_strike_blue|spellblade_strike_red|spellblade_strike_yellow,Spellblade Strike,Action,ArcaneRising,Aurora|Aurora2|Briar|Chane|Florian|Viserai|Vynnset,Blitz|Clash|ClassicConstructed|Draft|LivingLegend|Open|Sealed|SilverAge|UltimatePitFight,,False,False,True,True,False,P1,70,template_expandable
spike_with_bloodrot,spike_with_bloodrot_red,Spike with Bloodrot,AttackReaction,ArakniBlitzDeck|ArakniSilverAgeDeck|ArmoryDeckArakni|Outsiders|Promos,Arakni|Crackni|Nuu|Slippy|Uzuri,Blitz|Clash|ClassicConstructed|Draft|LivingLegend|Open|Sealed|SilverAge|UltimatePitFight,,False,False,True,True,False,P1,70,template_expandable
spike_with_frailty,spike_with_frailty_red,Spike with Frailty,AttackReaction,Outsiders|Promos,Arakni|Crackni|Nuu|Slippy|Uzuri,Blitz|Clash|ClassicConstructed|Draft|LivingLegend|Open|Sealed|SilverAge|UltimatePitFight,,False,False,True,True,False,P1,70,template_expandable
spike_with_inertia,spike_with_inertia_red,Spike with Inertia,AttackReaction,Outsiders|Promos,Arakni|Crackni|Nuu|Slippy|Uzuri,Blitz|Clash|ClassicConstructed|Draft|LivingLegend|Open|Sealed|SilverAge|UltimatePitFight,,False,False,True,True,False,P1,70,template_expandable
spillover,spillover_blue,Spillover,Action,EnigmaBlitzDeck|PartTheMistveil,Enigma|Nuu|Zen,Blitz|Clash|ClassicConstructed|Draft|LivingLegend|Open|Sealed|SilverAge|UltimatePitFight,,False,False,True,True,False,P1,70,template_expandable
splintering_deadwood,splintering_deadwood_blue|splintering_deadwood_red|splintering_deadwood_yellow,Splintering Deadwood,Action,Rosetta,Aurora|Aurora2|Briar|Chane|Florian|Viserai|Vynnset,Blitz|Clash|ClassicConstructed|Draft|LivingLegend|Open|Sealed|SilverAge|UltimatePitFight,,False,False,True,True,False,P1,70,template_expandable
squires_bracers,squires_bracers,Squire's Bracers,Equipment,DorintheaDemoDeck,Boltyn|Dorinthea|Emperor|Fang|Hala|Kassai|Olympia|Taylor,Blitz|Clash|ClassicConstructed|LivingLegend|Open|SilverAge|UltimatePitFight,,False,False,True,True,False,P1,70,template_expandable
stand_tall,stand_tall_yellow,Stand Tall,Block,MasteryPackWarrior,Boltyn|Dorinthea|Fang|Hala|Kassai|Olympia,Blitz|ClassicConstructed|LivingLegend|Open|UltimatePitFight,,False,False,True,True,False,P1,70,template_expandable
standing_order,standing_order_red,Standing Order,Action,HeavyHitters,Arakni|Aurora|Aurora2|Azalea|Benji|Betsy|Blaze|Bolfar|Boltyn|Bravo|Brevant|Briar|Broscilio|Brutus|Chane|Cindra|Crackni|Crix|Dash|DataDoll|Dorinthea|Dromai|Emperor|Enigma|Fai|Fang|Florian|Frankie|Genis|GravyBones|Hala|Ira|Iyslander|Jarl|Kano|Kassai|Katsu|Kavdaen|Kayo|Kox|Levia|Lexi|Librarian|Lyath|Marlynn|Maxx|Melody|Nuu|Oldhim|Olympia|Oscilio|Pleiades|Prism|Puffin|RKO|Reya|Rhinar|Riptide|Ruudi|Scurv|Shiyana|Slippy|Squizzy|Starvo|Taipanis|Taylor|Teklovossen|Terra|Theryon|Tuffnut|Uzuri|Valda|Verdance|Victor|Viserai|Vynnset|Yoji|Yorick|Zen|Zyggy,Blitz|ClassicConstructed|Draft|LivingLegend|Open|Sealed|UltimatePitFight,,False,False,True,True,False,P1,70,template_expandable
staunch_response,staunch_response_blue|staunch_response_red|staunch_response_yellow,Staunch Response,DefenseReaction,BravoSilverAgeDeck|HistoryPack1|TournamentPack|WelcomeToRathe,Betsy|Bolfar|Bravo|Brevant|Crix|Jarl|Kox|Lyath|Oldhim|Pleiades|Reya|Starvo|Terra|Valda|Victor|Yoji,Blitz|Clash|ClassicConstructed|Draft|LivingLegend|Open|Sealed|SilverAge|UltimatePitFight,,False,False,True,True,False,P1,70,template_expandable
steadfast,steadfast_blue|steadfast_red|steadfast_yellow,Steadfast,Instant,Everfest,Betsy|Bolfar|Bravo|Brevant|Crix|Jarl|Kox|Lyath|Oldhim|Pleiades|Reya|Starvo|Terra|Valda|Victor|Yoji,Blitz|Clash|ClassicConstructed|LivingLegend|Open|SilverAge|UltimatePitFight,,False,False,True,True,False,P1,70,template_expandable
steel_on_steel,steel_on_steel_blue|steel_on_steel_red|steel_on_steel_yellow,Steel on Steel,DefenseReaction,MasteryPackWarrior,Boltyn|Dorinthea|Emperor|Fang|Hala|Kassai|Olympia,Blitz|Clash|ClassicConstructed|LivingLegend|Open|SilverAge|UltimatePitFight,,False,False,True,True,False,P1,70,template_expandable
stony_woottonhog,stony_woottonhog_blue|stony_woottonhog_red|stony_woottonhog_yellow,Stony Woottonhog,Action,Monarch,Arakni|Aurora|Aurora2|Azalea|Benji|Betsy|Blaze|Bolfar|Boltyn|Bravo|Brevant|Briar|Broscilio|Brutus|Chane|Cindra|Crackni|Crix|Dash|DataDoll|Dorinthea|Dromai|Emperor|Enigma|Fai|Fang|Florian|Frankie|Genis|GravyBones|Hala|Ira|Iyslander|Jarl|Kano|Kassai|Katsu|Kavdaen|Kayo|Kox|Levia|Lexi|Librarian|Lyath|Marlynn|Maxx|Melody|Nuu|Oldhim|Olympia|Oscilio|Pleiades|Prism|Puffin|RKO|Reya|Rhinar|Riptide|Ruudi|Scurv|Shiyana|Slippy|Squizzy|Starvo|Taipanis|Taylor|Teklovossen|Terra|Theryon|Tuffnut|Uzuri|Valda|Verdance|Victor|Viserai|Vynnset|Yoji|Yorick|Zen|Zyggy,Blitz|Clash|ClassicConstructed|Draft|LivingLegend|Open|Sealed|SilverAge|UltimatePitFight,,False,False,True,True,False,P1,70,template_expandable
strength_of_four_seasons,strength_of_four_seasons_blue|strength_of_four_seasons_red|strength_of_four_seasons_yellow,Strength of Four Seasons,Action,Rosetta,Briar|Florian|Jarl|Oldhim|Starvo|Terra|Verdance,Blitz|Clash|ClassicConstructed|Draft|LivingLegend|Open|Sealed|SilverAge|UltimatePitFight,,False,False,True,True,False,P1,70,template_expandable
strike_gold,strike_gold_blue|strike_gold_red|strike_gold_yellow,Strike Gold,Action,GEM|HighSeas,Arakni|Aurora|Aurora2|Azalea|Benji|Betsy|Blaze|Bolfar|Boltyn|Bravo|Brevant|Briar|Broscilio|Brutus|Chane|Cindra|Crackni|Crix|Dash|DataDoll|Dorinthea|Dromai|Emperor|Enigma|Fai|Fang|Florian|Frankie|Genis|GravyBones|Hala|Ira|Iyslander|Jarl|Kano|Kassai|Katsu|Kavdaen|Kayo|Kox|Levia|Lexi|Librarian|Lyath|Marlynn|Maxx|Melody|Nuu|Oldhim|Olympia|Oscilio|Pleiades|Prism|Puffin|RKO|Reya|Rhinar|Riptide|Ruudi|Scurv|Shiyana|Slippy|Squizzy|Starvo|Taipanis|Taylor|Teklovossen|Terra|Theryon|Tuffnut|Uzuri|Valda|Verdance|Victor|Viserai|Vynnset|Yoji|Yorick|Zen|Zyggy,Blitz|Clash|ClassicConstructed|Draft|LivingLegend|Open|Sealed|SilverAge|UltimatePitFight,,False,False,True,True,False,P1,70,template_expandable
strike_twice,strike_twice_red,Strike Twice,Action,CompendiumOfRathe,Broscilio|Oscilio,Blitz|Clash|ClassicConstructed|LivingLegend|Open|SilverAge|UltimatePitFight,,False,False,True,True,False,P1,70,template_expandable
submerge,submerge_blue|submerge_red|submerge_yellow,Submerge,Action,CompendiumOfRathe|GEM,GravyBones|Marlynn|Puffin|Scurv,Blitz|Clash|ClassicConstructed|LivingLegend|Open|SilverAge|UltimatePitFight,,False,False,True,True,False,P1,70,template_expandable
sunken_treasure,sunken_treasure_blue,Sunken Treasure,Block,HighSeas,GravyBones|Marlynn|Puffin|Scurv,Blitz|ClassicConstructed|Draft|LivingLegend|Open|Sealed|UltimatePitFight,,False,False,True,True,False,P1,70,template_expandable
swindlers_grift,swindlers_grift_blue|swindlers_grift_red|swindlers_grift_yellow,Swindler's Grift,Action,HighSeas,GravyBones|Marlynn|Puffin|Scurv,Blitz|Clash|ClassicConstructed|Draft|LivingLegend|Open|Sealed|SilverAge|UltimatePitFight,,False,False,True,True,False,P1,70,template_expandable
swordmasters_shine,swordmasters_shine_red,Swordmaster's Shine,AttackReaction,CompendiumOfRathe,Boltyn|Dorinthea|Emperor|Fang|Hala|Kassai|Olympia,Blitz|ClassicConstructed|LivingLegend|Open|UltimatePitFight,,False,False,True,True,False,P1,70,template_expandable
take_a_stab,take_a_stab_blue|take_a_stab_red|take_a_stab_yellow,Take a Stab,AttackReaction,TheHunted,Arakni|Boltyn|Crackni|Dorinthea|Emperor|Fang|Hala|Kassai|Nuu|Olympia|Slippy|Uzuri,Blitz|Clash|ClassicConstructed|Draft|LivingLegend|Open|Sealed|SilverAge|UltimatePitFight,,False,False,True,True,False,P1,70,template_expandable
take_it_on_the_chin,take_it_on_the_chin_red,Take it on the Chin,Instant,HeavyHitters|KassaiBlitzDeck|Promos,Boltyn|Dorinthea|Emperor|Fang|Hala|Kassai|Kayo|Levia|Olympia|RKO|Rhinar|Tuffnut,Blitz|Clash|ClassicConstructed|Draft|LivingLegend|Open|Sealed|SilverAge|UltimatePitFight,,False,False,True,True,False,P1,70,template_expandable
take_the_upper_hand,take_the_upper_hand_blue|take_the_upper_hand_red|take_the_upper_hand_yellow,Take the Upper Hand,AttackReaction,HeavyHitters|OlympiaBlitzDeck,Boltyn|Dorinthea|Emperor|Fang|Hala|Kassai|Olympia,Blitz|Clash|ClassicConstructed|Draft|LivingLegend|Open|Sealed|SilverAge|UltimatePitFight,,False,False,True,True,False,P1,70,template_expandable
tame_the_beastly_behavior,tame_the_beastly_behavior_red,Tame the Beastly Behavior,Action,SuperSlam,Pleiades|Tuffnut,Blitz|ClassicConstructed|Draft|LivingLegend|Open|Sealed|UltimatePitFight,,False,False,True,True,False,P1,70,template_expandable
tarantula_toxin,tarantula_toxin_red,Tarantula Toxin,AttackReaction,Promos|TheHunted,Arakni|Crackni|Nuu|Slippy|Uzuri,Blitz|ClassicConstructed|Draft|LivingLegend|Open|Sealed|UltimatePitFight,,False,False,True,True,False,P1,70,template_expandable
teklonetic_force_field,teklonetic_force_field_blue|teklonetic_force_field_red|teklonetic_force_field_yellow,Teklonetic Force Field,Block,BrightLights,Dash|DataDoll|Maxx|Puffin|Teklovossen,Blitz|Clash|ClassicConstructed|Draft|LivingLegend|Open|Sealed|SilverAge|UltimatePitFight,,False,False,True,True,False,P1,70,template_expandable
territorial_domain,territorial_domain_blue,Territorial Domain,DefenseReaction,PartTheMistveil,Benji|Cindra|Fai|Ira|Katsu|Zen,Blitz|ClassicConstructed|Draft|LivingLegend|Open|Sealed|UltimatePitFight,,False,False,True,True,False,P1,70,template_expandable
that_all_you_got,that_all_you_got_yellow,That All You Got?,DefenseReaction,Promos|Uprising,Arakni|Aurora|Aurora2|Azalea|Benji|Betsy|Blaze|Bolfar|Boltyn|Bravo|Brevant|Briar|Broscilio|Brutus|Chane|Cindra|Crackni|Crix|Dash|DataDoll|Dorinthea|Dromai|Enigma|Fai|Fang|Florian|Frankie|Genis|GravyBones|Hala|Ira|Iyslander|Jarl|Kano|Kassai|Katsu|Kavdaen|Kayo|Kox|Levia|Lexi|Librarian|Lyath|Marlynn|Maxx|Melody|Nuu|Oldhim|Olympia|Oscilio|Pleiades|Prism|Puffin|RKO|Reya|Rhinar|Riptide|Ruudi|Scurv|Shiyana|Slippy|Squizzy|Starvo|Taipanis|Taylor|Teklovossen|Terra|Theryon|Tuffnut|Uzuri|Valda|Verdance|Victor|Viserai|Vynnset|Yoji|Yorick|Zen|Zyggy,Blitz|ClassicConstructed|Draft|LivingLegend|Open|Sealed|UltimatePitFight,,False,False,True,True,False,P1,70,template_expandable
the_weakest_link,the_weakest_link_red,The Weakest Link,Action,PartTheMistveil|Promos,Arakni|Aurora|Aurora2|Azalea|Benji|Betsy|Blaze|Bolfar|Boltyn|Bravo|Brevant|Briar|Broscilio|Brutus|Chane|Cindra|Crackni|Crix|Dash|DataDoll|Dorinthea|Dromai|Emperor|Enigma|Fai|Fang|Florian|Frankie|Genis|GravyBones|Hala|Ira|Iyslander|Jarl|Kano|Kassai|Katsu|Kavdaen|Kayo|Kox|Levia|Lexi|Librarian|Lyath|Marlynn|Maxx|Melody|Nuu|Oldhim|Olympia|Oscilio|Pleiades|Prism|Puffin|RKO|Reya|Rhinar|Riptide|Ruudi|Scurv|Shiyana|Slippy|Squizzy|Starvo|Taipanis|Taylor|Teklovossen|Terra|Theryon|Tuffnut|Uzuri|Valda|Verdance|Victor|Viserai|Vynnset|Yoji|Yorick|Zen|Zyggy,Blitz|ClassicConstructed|Draft|LivingLegend|Open|Sealed|UltimatePitFight,,False,False,True,True,False,P1,70,template_expandable
thick_hide_hunter,thick_hide_hunter_yellow,Thick Hide Hunter,Action,TheHunted,Kayo|Levia|RKO|Rhinar|Tuffnut,Blitz|ClassicConstructed|LivingLegend|Open|UltimatePitFight,,False,False,True,True,False,P1,70,template_expandable
thievn_varmints,thievn_varmints_red,Thiev'n Varmints,Action,HighSeas,GravyBones|Marlynn|Puffin|Scurv,Blitz|Clash|ClassicConstructed|Draft|LivingLegend|Open|Sealed|SilverAge|UltimatePitFight,,False,False,True,True,False,P1,70,template_expandable
tidal_surge,tidal_surge_blue,Tidal Surge,Action,PartTheMistveil,Enigma|Nuu|Zen,Blitz|Clash|ClassicConstructed|Draft|LivingLegend|Open|Sealed|SilverAge|UltimatePitFight,,False,False,True,True,False,P1,70,template_expandable
timekeepers_whim,timekeepers_whim_blue|timekeepers_whim_red|timekeepers_whim_yellow,Timekeeper's Whim,Action,Everfest,Blaze|Broscilio|Emperor|Iyslander|Kano|Oscilio|Verdance,Blitz|Clash|ClassicConstructed|LivingLegend|Open|SilverAge|UltimatePitFight,,False,False,True,True,False,P1,70,template_expandable
timidity_point,timidity_point_blue|timidity_point_red|timidity_point_yellow,Timidity Point,Action,Everfest,Azalea|Lexi|Marlynn|Riptide,Blitz|Clash|ClassicConstructed|LivingLegend|Open|SilverAge|UltimatePitFight,,False,False,True,True,False,P1,70,template_expandable
tome_of_divinity,tome_of_divinity_yellow,Tome of Divinity,Instant,Monarch,Boltyn|Librarian|Prism|Theryon,Blitz|Draft|LivingLegend|Open|Sealed|UltimatePitFight,,False,False,True,True,False,P1,70,template_expandable
tome_of_firebrand,tome_of_firebrand_red,Tome of Firebrand,Instant,Uprising,Cindra|Dromai|Emperor|Fai|Fang|Librarian|Taipanis,Blitz|Draft|LivingLegend|Open|Sealed|UltimatePitFight,,False,False,True,True,False,P1,70,template_expandable
tome_of_fyendal,tome_of_fyendal_yellow,Tome of Fyendal,Action,HistoryPack1|WelcomeToRathe,Arakni|Aurora|Aurora2|Azalea|Benji|Betsy|Blaze|Bolfar|Boltyn|Bravo|Brevant|Briar|Broscilio|Brutus|Chane|Cindra|Crackni|Crix|Dash|DataDoll|Dorinthea|Dromai|Enigma|Fai|Fang|Florian|Frankie|Genis|GravyBones|Hala|Ira|Iyslander|Jarl|Kano|Kassai|Katsu|Kavdaen|Kayo|Kox|Levia|Lexi|Librarian|Lyath|Marlynn|Maxx|Melody|Nuu|Oldhim|Olympia|Oscilio|Pleiades|Prism|Puffin|RKO|Reya|Rhinar|Riptide|Ruudi|Scurv|Shiyana|Slippy|Squizzy|Starvo|Taipanis|Taylor|Teklovossen|Terra|Theryon|Tuffnut|Uzuri|Valda|Verdance|Victor|Viserai|Vynnset|Yoji|Yorick|Zen|Zyggy,Blitz|Draft|LivingLegend|Open|Sealed|UltimatePitFight,,False,False,True,True,False,P1,70,template_expandable
tooth_of_the_dragon,tooth_of_the_dragon_red,Tooth of the Dragon,Instant,FangBlitzDeck|GEM|TheHunted,Cindra|Dromai|Emperor|Fai|Fang|Taipanis,Blitz|Clash|ClassicConstructed|Draft|LivingLegend|Open|Sealed|SilverAge|UltimatePitFight,,False,False,True,True,False,P1,70,template_expandable
towering_titan,towering_titan_blue|towering_titan_red|towering_titan_yellow,Towering Titan,Action,CrucibleOfWar|HistoryPack1,Betsy|Bolfar|Bravo|Brevant|Crix|Jarl|Kox|Lyath|Oldhim|Pleiades|Reya|Starvo|Terra|Valda|Victor|Yoji,Blitz|Clash|ClassicConstructed|LivingLegend|Open|SilverAge|UltimatePitFight,,False,False,True,True,False,P1,70,template_expandable
trip_the_light_fantastic,trip_the_light_fantastic_blue|trip_the_light_fantastic_red|trip_the_light_fantastic_yellow,Trip the Light Fantastic,Action,Promos|Rosetta,Aurora|Aurora2|Briar|Broscilio|Lexi|Oscilio|Starvo|Zyggy,Blitz|Clash|ClassicConstructed|Draft|LivingLegend|Open|Sealed|SilverAge|UltimatePitFight,,False,False,True,True,False,P1,70,template_expandable
truce,truce_blue,Truce,Action,Promos|Rosetta,Arakni|Aurora|Aurora2|Azalea|Benji|Betsy|Blaze|Bolfar|Boltyn|Bravo|Brevant|Briar|Broscilio|Brutus|Chane|Cindra|Crackni|Crix|Dash|DataDoll|Dorinthea|Dromai|Enigma|Fai|Fang|Florian|Frankie|Genis|GravyBones|Hala|Ira|Iyslander|Jarl|Kano|Kassai|Katsu|Kavdaen|Kayo|Kox|Levia|Lexi|Librarian|Lyath|Marlynn|Maxx|Melody|Nuu|Oldhim|Olympia|Oscilio|Pleiades|Prism|Puffin|RKO|Reya|Rhinar|Riptide|Ruudi|Scurv|Shiyana|Slippy|Squizzy|Starvo|Taipanis|Taylor|Teklovossen|Terra|Theryon|Tuffnut|Uzuri|Valda|Verdance|Victor|Viserai|Vynnset|Yoji|Yorick|Zen|Zyggy,Blitz|ClassicConstructed|Draft|LivingLegend|Open|Sealed|UltimatePitFight,,False,False,True,True,False,P1,70,template_expandable
truth_or_trickery,truth_or_trickery_yellow,Truth or Trickery,Block,SuperSlam,Lyath,Blitz|ClassicConstructed|Draft|LivingLegend|Open|Sealed|UltimatePitFight,,False,False,True,True,False,P1,70,template_expandable
unmovable,unmovable_blue|unmovable_red|unmovable_yellow,Unmovable,DefenseReaction,EnigmaSilverAgeDeck|HistoryPack1|Promos|WelcomeToRathe,Arakni|Aurora|Aurora2|Azalea|Benji|Betsy|Blaze|Bolfar|Boltyn|Bravo|Brevant|Briar|Broscilio|Brutus|Chane|Cindra|Crackni|Crix|Dash|DataDoll|Dorinthea|Dromai|Emperor|Enigma|Fai|Fang|Florian|Frankie|Genis|GravyBones|Hala|Ira|Iyslander|Jarl|Kano|Kassai|Katsu|Kavdaen|Kayo|Kox|Levia|Lexi|Librarian|Lyath|Marlynn|Maxx|Melody|Nuu|Oldhim|Olympia|Oscilio|Pleiades|Prism|Puffin|RKO|Reya|Rhinar|Riptide|Ruudi|Scurv|Shiyana|Slippy|Squizzy|Starvo|Taipanis|Taylor|Teklovossen|Terra|Theryon|Tuffnut|Uzuri|Valda|Verdance|Victor|Viserai|Vynnset|Yoji|Yorick|Zen|Zyggy,Blitz|Clash|ClassicConstructed|Draft|LivingLegend|Open|Sealed|SilverAge|UltimatePitFight,,False,False,True,True,False,P1,70,template_expandable
venomous_bite,venomous_bite_blue|venomous_bite_red|venomous_bite_yellow,Venomous Bite,AttackReaction,NuuBlitzDeck|PartTheMistveil,Nuu,Blitz|Clash|ClassicConstructed|Draft|LivingLegend|Open|Sealed|SilverAge|UltimatePitFight,,False,False,True,True,False,P1,70,template_expandable
vest_of_the_first_fist,vest_of_the_first_fist,Vest of the First Fist,Equipment,ArcaneRising|HistoryPack1|Promos,Arakni|Aurora|Aurora2|Azalea|Benji|Betsy|Blaze|Bolfar|Boltyn|Bravo|Brevant|Briar|Broscilio|Brutus|Chane|Cindra|Crackni|Crix|Dash|DataDoll|Dorinthea|Dromai|Emperor|Enigma|Fai|Fang|Florian|Frankie|Genis|GravyBones|Hala|Ira|Iyslander|Jarl|Kano|Kassai|Katsu|Kavdaen|Kayo|Kox|Levia|Lexi|Librarian|Lyath|Marlynn|Maxx|Melody|Nuu|Oldhim|Olympia|Oscilio|Pleiades|Prism|Puffin|RKO|Reya|Rhinar|Riptide|Ruudi|Scurv|Shiyana|Slippy|Squizzy|Starvo|Taipanis|Taylor|Teklovossen|Terra|Theryon|Tuffnut|Uzuri|Valda|Verdance|Victor|Viserai|Vynnset|Yoji|Yorick|Zen|Zyggy,Blitz|ClassicConstructed|Draft|LivingLegend|Open|Sealed|UltimatePitFight,,False,False,True,True,False,P1,70,template_expandable
vexing_malice,vexing_malice_blue|vexing_malice_red|vexing_malice_yellow,Vexing Malice,Action,ChaneBlitzDeck|Monarch|Promos,Aurora|Aurora2|Briar|Chane|Florian|Viserai|Vynnset,Blitz|Clash|ClassicConstructed|Draft|LivingLegend|Open|Sealed|SilverAge|UltimatePitFight,,False,False,True,True,False,P1,70,template_expandable
vigorous_windup,vigorous_windup_blue|vigorous_windup_red|vigorous_windup_yellow,Vigorous Windup,Action,HeavyHitters,Betsy|Bolfar|Boltyn|Bravo|Brevant|Crix|Dorinthea|Emperor|Fang|Hala|Jarl|Kassai|Kox|Lyath|Oldhim|Olympia|Pleiades|Reya|Starvo|Terra|Valda|Victor|Yoji,Blitz|Clash|ClassicConstructed|Draft|LivingLegend|Open|Sealed|SilverAge|UltimatePitFight,,False,False,True,True,False,P1,70,template_expandable
visit_the_boneyard,visit_the_boneyard_blue,Visit the Boneyard,Instant,SuperSlam,Kayo|Levia|RKO|Rhinar|Tuffnut,Blitz|Clash|ClassicConstructed|Draft|LivingLegend|Open|Sealed|SilverAge|UltimatePitFight,,False,False,True,True,False,P1,70,template_expandable
voltic_bolt,voltic_bolt_blue|voltic_bolt_red|voltic_bolt_yellow,Voltic Bolt,Action,ArcaneRising|HistoryPack1|Promos,Blaze|Broscilio|Emperor|Iyslander|Kano|Oscilio|Verdance,Blitz|Clash|ClassicConstructed|Draft|LivingLegend|Open|Sealed|SilverAge|UltimatePitFight,,False,False,True,True,False,P1,70,template_expandable
voltic_impact,voltic_impact_red,Voltic Impact,Action,OmensOfTheThirdAge|Promos,Aurora|Aurora2|Briar|Broscilio|Lexi|Oscilio|Starvo|Zyggy,Blitz|Clash|ClassicConstructed|Draft|LivingLegend|Open|Sealed|SilverAge|UltimatePitFight,,False,False,True,True,False,P1,70,template_expandable
war_cry_of_bellona,war_cry_of_bellona_yellow,War Cry of Bellona,AttackReaction,TheHunted,Boltyn,Blitz|ClassicConstructed|LivingLegend|Open|UltimatePitFight,,False,False,True,True,False,P1,70,template_expandable
wash_away,wash_away_blue,Wash Away,DefenseReaction,PartTheMistveil,Enigma|Nuu|Zen,Blitz|Clash|ClassicConstructed|Draft|LivingLegend|Open|Sealed|SilverAge|UltimatePitFight,,False,False,True,True,False,P1,70,template_expandable
weeping_battleground,weeping_battleground_blue|weeping_battleground_red|weeping_battleground_yellow,Weeping Battleground,DefenseReaction,CompendiumOfRathe|GEM,Aurora|Aurora2|Briar|Chane|Florian|Viserai|Vynnset,Blitz|Clash|ClassicConstructed|LivingLegend|Open|SilverAge|UltimatePitFight,,False,False,True,True,False,P1,70,template_expandable
whispering_mist,whispering_mist_blue,Whispering Mist,Instant,CompendiumOfRathe,Enigma|Nuu|Zen,Blitz|ClassicConstructed|LivingLegend|Open|UltimatePitFight,,False,False,True,True,False,P1,70,template_expandable
will_of_the_crowd,will_of_the_crowd_blue,Will of the Crowd,Block,SuperSlam,Pleiades|Tuffnut,Blitz|Clash|ClassicConstructed|Draft|LivingLegend|Open|Sealed|SilverAge|UltimatePitFight,,False,False,True,True,False,P1,70,template_expandable
winters_wail,winters_wail,Winter's Wail,Weapon,TalesOfAria,Jarl|Oldhim|Starvo|Terra,Blitz|Clash|Draft|LivingLegend|Open|Sealed|UltimatePitFight,,False,False,True,True,False,P1,70,template_expandable
withering_shot,withering_shot_blue|withering_shot_red|withering_shot_yellow,Withering Shot,Action,AzaleaBlitzDeck|Outsiders|RiptideBlitzDeck,Azalea|Lexi|Marlynn|Riptide,Blitz|Clash|ClassicConstructed|Draft|LivingLegend|Open|Sealed|SilverAge|UltimatePitFight,,False,False,True,True,False,P1,70,template_expandable
wrecker_romp,wrecker_romp_blue|wrecker_romp_red|wrecker_romp_yellow,Wrecker Romp,Action,HistoryPack1|Promos|RhinarHeroDeck|WelcomeToRathe,Kayo|Levia|RKO|Rhinar|Tuffnut,Blitz|Clash|ClassicConstructed|Draft|LivingLegend|Open|Sealed|SilverAge|UltimatePitFight,,False,False,True,True,False,P1,70,template_expandable
written_in_the_stars,written_in_the_stars_blue,Written in the Stars,Action,ArmoryDeckAurora,Aurora|Aurora2|Briar,Blitz|ClassicConstructed|LivingLegend|Open|UltimatePitFight,,False,False,True,True,False,P1,70,template_expandable
yinti_yanti,yinti_yanti_blue|yinti_yanti_red|yinti_yanti_yellow,Yinti Yanti,Action,Monarch,Arakni|Aurora|Aurora2|Azalea|Benji|Betsy|Blaze|Bolfar|Boltyn|Bravo|Brevant|Briar|Broscilio|Brutus|Chane|Cindra|Crackni|Crix|Dash|DataDoll|Dorinthea|Dromai|Emperor|Enigma|Fai|Fang|Florian|Frankie|Genis|GravyBones|Hala|Ira|Iyslander|Jarl|Kano|Kassai|Katsu|Kavdaen|Kayo|Kox|Levia|Lexi|Librarian|Lyath|Marlynn|Maxx|Melody|Nuu|Oldhim|Olympia|Oscilio|Pleiades|Prism|Puffin|RKO|Reya|Rhinar|Riptide|Ruudi|Scurv|Shiyana|Slippy|Squizzy|Starvo|Taipanis|Taylor|Teklovossen|Terra|Theryon|Tuffnut|Uzuri|Valda|Verdance|Victor|Viserai|Vynnset|Yoji|Yorick|Zen|Zyggy,Blitz|Clash|ClassicConstructed|Draft|LivingLegend|Open|Sealed|SilverAge|UltimatePitFight,,False,False,True,True,False,P1,70,template_expandable
zap,zap_blue|zap_red|zap_yellow,Zap,Action,ArcaneRising|HistoryPack1,Blaze|Broscilio|Emperor|Iyslander|Kano|Oscilio|Verdance,Blitz|Clash|ClassicConstructed|Draft|LivingLegend|Open|Sealed|SilverAge|UltimatePitFight,,False,False,True,True,False,P1,70,template_expandable
might,might,Might,Token,FirstStrikeTerra|ArmoryDeckKayo|ArmoryDeckRhinar|BetsyBlitzDeck|HeavyHitters|KayoBlitzDeck|KayoSilverAgeDeck|Promos|RhinarBlitzDeck|RoundTheTable|SuperSlam|VictorBlitzDeck,Arakni|Aurora|Aurora2|Azalea|Benji|Betsy|Blaze|Bolfar|Boltyn|Bravo|Brevant|Briar|Broscilio|Brutus|Chane|Cindra|Crackni|Crix|Dash|DataDoll|Dorinthea|Dromai|Emperor|Enigma|Fai|Fang|Florian|Frankie|Genis|GravyBones|Hala|Ira|Iyslander|Jarl|Kano|Kassai|Katsu|Kavdaen|Kayo|Kox|Levia|Lexi|Librarian|Lyath|Marlynn|Maxx|Melody|Nuu|Oldhim|Olympia|Oscilio|Pleiades|Prism|Puffin|RKO|Reya|Rhinar|Riptide|Ruudi|Scurv|Shiyana|Slippy|Squizzy|Starvo|Taipanis|Taylor|Teklovossen|Terra|Theryon|Tuffnut|Uzuri|Valda|Verdance|Victor|Viserai|Vynnset|Yoji|Yorick|Zen|Zyggy,Blitz|Clash|ClassicConstructed|Draft|LivingLegend|Open|Sealed|SilverAge|UltimatePitFight,,False,False,True,True,False,P1,60,template_expandable
nasreth_the_soul_harrower,nasreth_the_soul_harrower,"Nasreth, the Soul Harrower",Token,DuskTillDawn,Chane|Levia|Shiyana|Vynnset|Yorick,Blitz|Clash|ClassicConstructed|LivingLegend|Open|SilverAge|UltimatePitFight,,False,False,True,True,False,P1,60,template_expandable
ponder,ponder,Ponder,Token,Dynasty|OscilioBlitzDeck|Outsiders|Promos|Rosetta|UzuriBlitzDeck,Arakni|Aurora|Aurora2|Azalea|Benji|Betsy|Blaze|Bolfar|Boltyn|Bravo|Brevant|Briar|Broscilio|Brutus|Chane|Cindra|Crackni|Crix|Dash|DataDoll|Dorinthea|Dromai|Emperor|Enigma|Fai|Fang|Florian|Frankie|Genis|GravyBones|Hala|Ira|Iyslander|Jarl|Kano|Kassai|Katsu|Kavdaen|Kayo|Kox|Levia|Lexi|Librarian|Lyath|Marlynn|Maxx|Melody|Nuu|Oldhim|Olympia|Oscilio|Pleiades|Prism|Puffin|RKO|Reya|Rhinar|Riptide|Ruudi|Scurv|Shiyana|Slippy|Squizzy|Starvo|Taipanis|Taylor|Teklovossen|Terra|Theryon|Tuffnut|Uzuri|Valda|Verdance|Victor|Viserai|Vynnset|Yoji|Yorick|Zen|Zyggy,Blitz|Clash|ClassicConstructed|Draft|LivingLegend|Open|Sealed|SilverAge|UltimatePitFight,,False,False,True,True,False,P1,60,template_expandable
toughness,toughness,Toughness,Token,ArmoryDeckPleiades|Promos|SuperSlam,Arakni|Aurora|Aurora2|Azalea|Benji|Betsy|Blaze|Bolfar|Boltyn|Bravo|Brevant|Briar|Broscilio|Brutus|Chane|Cindra|Crackni|Crix|Dash|DataDoll|Dorinthea|Dromai|Emperor|Enigma|Fai|Fang|Florian|Frankie|Genis|GravyBones|Hala|Ira|Iyslander|Jarl|Kano|Kassai|Katsu|Kavdaen|Kayo|Kox|Levia|Lexi|Librarian|Lyath|Marlynn|Maxx|Melody|Nuu|Oldhim|Olympia|Oscilio|Pleiades|Prism|Puffin|RKO|Reya|Rhinar|Riptide|Ruudi|Scurv|Shiyana|Slippy|Squizzy|Starvo|Taipanis|Taylor|Teklovossen|Terra|Theryon|Tuffnut|Uzuri|Valda|Verdance|Victor|Viserai|Vynnset|Yoji|Yorick|Zen|Zyggy,Blitz|Clash|ClassicConstructed|Draft|LivingLegend|Open|Sealed|SilverAge|UltimatePitFight,,False,False,True,True,False,P1,60,template_expandable
vigor,vigor,Vigor,Token,BetsyBlitzDeck|BravoSilverAgeDeck|DorintheaSilverAgeDeck|HeavyHitters|KassaiBlitzDeck|KayoBlitzDeck|KayoSilverAgeDeck|OlympiaBlitzDeck|Promos|RoundTheTable|SuperSlam|VictorBlitzDeck,Arakni|Aurora|Aurora2|Azalea|Benji|Betsy|Blaze|Bolfar|Boltyn|Bravo|Brevant|Briar|Broscilio|Brutus|Chane|Cindra|Crackni|Crix|Dash|DataDoll|Dorinthea|Dromai|Emperor|Enigma|Fai|Fang|Florian|Frankie|Genis|GravyBones|Hala|Ira|Iyslander|Jarl|Kano|Kassai|Katsu|Kavdaen|Kayo|Kox|Levia|Lexi|Librarian|Lyath|Marlynn|Maxx|Melody|Nuu|Oldhim|Olympia|Oscilio|Pleiades|Prism|Puffin|RKO|Reya|Rhinar|Riptide|Ruudi|Scurv|Shiyana|Slippy|Squizzy|Starvo|Taipanis|Taylor|Teklovossen|Terra|Theryon|Tuffnut|Uzuri|Valda|Verdance|Victor|Viserai|Vynnset|Yoji|Yorick|Zen|Zyggy,Blitz|Clash|ClassicConstructed|Draft|LivingLegend|Open|Sealed|SilverAge|UltimatePitFight,,False,False,True,True,False,P1,60,template_expandable
aether_quickening,aether_quickening_blue|aether_quickening_red|aether_quickening_yellow,Aether Quickening,Action,Dynasty|OscilioBlitzDeck|Promos|Rosetta|VerdanceBlitzDeck,Blaze|Broscilio|Emperor|Iyslander|Kano|Oscilio|Verdance,Blitz|Clash|ClassicConstructed|Draft|LivingLegend|Open|Sealed|SilverAge|UltimatePitFight,GoAgain|Surge,False,False,True,True,False,P2,55,template_expandable
aether_spindle,aether_spindle_blue|aether_spindle_red|aether_spindle_yellow,Aether Spindle,Action,ArcaneRising|HistoryPack1,Blaze|Broscilio|Emperor|Iyslander|Kano|Oscilio|Verdance,Blitz|Clash|ClassicConstructed|Draft|LivingLegend|Open|Sealed|UltimatePitFight,Opt,False,False,True,True,False,P2,55,template_expandable
aetherstorm_wellingtons,aetherstorm_wellingtons,Aetherstorm Wellingtons,Equipment,CompendiumOfRathe|IyslanderSilverAgeDeck,Blaze|Broscilio|Emperor|Iyslander|Kano|Oscilio|Taylor|Verdance,Blitz|Clash|ClassicConstructed|LivingLegend|Open|SilverAge|UltimatePitFight,ArcaneBarrier,False,False,True,True,False,P2,55,template_expandable
aggressive_pounce,aggressive_pounce_blue|aggressive_pounce_red|aggressive_pounce_yellow,Aggressive Pounce,Action,CompendiumOfRathe|GEM,Kayo|Levia|RKO|Rhinar|Tuffnut,Blitz|Clash|ClassicConstructed|LivingLegend|Open|SilverAge|UltimatePitFight,GoAgain,False,False,True,True,False,P2,55,template_expandable
agility_stance,agility_stance_yellow,Agility Stance,Action,Promos|TheHunted,Boltyn|Dorinthea|Fang|Hala|Kassai|Olympia,Blitz|Clash|ClassicConstructed|Draft|LivingLegend|Open|Sealed|SilverAge|UltimatePitFight,GoAgain,False,False,True,True,False,P2,55,template_expandable
alpha_rampage,alpha_rampage_red,Alpha Rampage,Action,ClassicBattlesRhinarDorinthea|HistoryPack1|WelcomeToRathe,Rhinar|Shiyana,Blitz|Clash|ClassicConstructed|Draft|LivingLegend|Open|Sealed|UltimatePitFight,Intimidate|Specialization,False,False,True,True,False,P2,55,template_expandable
ancestral_harmony,ancestral_harmony_blue,Ancestral Harmony,Action,HeavyHitters,Benji|Cindra|Fai|Ira|Katsu|Zen,Blitz|ClassicConstructed|LivingLegend|Open|UltimatePitFight,GoAgain,False,False,True,True,False,P2,55,template_expandable
angelic_attendant,angelic_attendant_yellow,Angelic Attendant,Action,SuperSlam,Prism,Blitz|ClassicConstructed|LivingLegend|Open|UltimatePitFight,Awaken|GoAgain,False,False,True,True,False,P2,55,template_expandable
angelic_descent,angelic_descent_blue|angelic_descent_red|angelic_descent_yellow,Angelic Descent,Instant,DuskTillDawn,Prism,Blitz|Clash|ClassicConstructed|LivingLegend|Open|SilverAge|UltimatePitFight,GoAgain,False,False,True,True,False,P2,55,template_expandable
anka_drag_under,anka_drag_under_yellow,"Anka, Drag Under",Action,ArmoryDeckGravyBones|HighSeas,GravyBones,Blitz|ClassicConstructed|LivingLegend|Open|UltimatePitFight,WateryGrave,False,False,True,True,False,P2,55,template_expandable
annexation_of_all_things_known,annexation_of_all_things_known_yellow,Annexation of All Things Known,Action,MasteryPackGuardian,Betsy|Bolfar|Bravo|Brevant|Crix|Jarl|Kox|Lyath|Oldhim|Pleiades|Reya|Starvo|Terra|Valda|Victor|Yoji,Blitz|Clash|ClassicConstructed|LivingLegend|Open|SilverAge|UltimatePitFight,Crush,False,False,True,True,False,P2,55,template_expandable
annexation_of_grandeur,annexation_of_grandeur_yellow,Annexation of Grandeur,Action,MasteryPackGuardian,Betsy|Bolfar|Bravo|Brevant|Crix|Jarl|Kox|Lyath|Oldhim|Pleiades|Reya|Starvo|Terra|Valda|Victor|Yoji,Blitz|Clash|ClassicConstructed|LivingLegend|Open|SilverAge|UltimatePitFight,Crush,False,False,True,True,False,P2,55,template_expandable
annexation_of_the_forge,annexation_of_the_forge_yellow,Annexation of the Forge,Action,MasteryPackGuardian,Betsy|Bolfar|Bravo|Brevant|Crix|Jarl|Kox|Lyath|Oldhim|Pleiades|Reya|Starvo|Terra|Valda|Victor|Yoji,Blitz|Clash|ClassicConstructed|LivingLegend|Open|SilverAge|UltimatePitFight,Crush,False,False,True,True,False,P2,55,template_expandable
annihilator_engine,annihilator_engine_red,Annihilator Engine,Action,BrightLights,Dash|DataDoll|Maxx|Puffin|Teklovossen,Blitz|ClassicConstructed|Draft|LivingLegend|Open|Sealed|UltimatePitFight,Overpower,False,False,True,True,False,P2,55,template_expandable
anthem_of_spring,anthem_of_spring_blue,Anthem of Spring,Action,DuskTillDawn,Briar|Shiyana,Blitz|Clash|ClassicConstructed|LivingLegend|Open|UltimatePitFight,GoAgain|Specialization|Unity,False,False,True,True,False,P2,55,template_expandable
anticipating_gaze,anticipating_gaze,Anticipating Gaze,Equipment,ArmoryDeckOriginsHala,Boltyn|Dorinthea|Emperor|Fang|Hala|Kassai|Olympia|Taylor,Blitz|ClassicConstructed|LivingLegend|Open|UltimatePitFight,BladeBreak,False,False,True,True,False,P2,55,template_expandable
aqua_laps,aqua_laps,Aqua Laps,Equipment,PartTheMistveil|Promos,Enigma|Nuu|Taylor|Zen,Blitz|Clash|ClassicConstructed|Draft|LivingLegend|Open|Sealed|SilverAge|UltimatePitFight,Cloaked|GoAgain,False,False,True,True,False,P2,55,template_expandable
aqua_seeing_shell,aqua_seeing_shell,Aqua Seeing Shell,Equipment,NuuBlitzDeck|PartTheMistveil|Promos,Enigma|Nuu|Taylor|Zen,Blitz|Clash|ClassicConstructed|Draft|LivingLegend|Open|Sealed|SilverAge|UltimatePitFight,Cloaked,False,False,True,True,False,P2,55,template_expandable
arakni_redback,arakni_redback,"Arakni, Redback",DemiHero,ArakniSilverAgeDeck|ArakniWebOfDeceitBlitzDeck|Promos|TheHunted,Arakni|Crackni|Slippy,Blitz|Clash|ClassicConstructed|Draft|LivingLegend|Open|Sealed|SilverAge|UltimatePitFight,GoAgain,False,False,True,True,False,P2,55,template_expandable
arakni_solitary_confinement,arakni_solitary_confinement,"Arakni, Solitary Confinement",Hero,ArakniBlitzDeck|Outsiders|Promos|TheHunted,Arakni,Blitz|Clash|Draft|Open|Sealed|SilverAge|UltimatePitFight,GoAgain,False,False,True,True,False,P2,55,template_expandable
arakni_web_of_deceit,arakni_web_of_deceit,"Arakni, Web of Deceit",Hero,ArakniSilverAgeDeck|ArakniWebOfDeceitBlitzDeck|TheHunted,Crackni,Blitz|Clash|Draft|Open|Sealed|SilverAge|UltimatePitFight,GoAgain,False,False,True,True,False,P2,55,template_expandable
arc_bending,arc_bending_red,Arc Bending,Action,CompendiumOfRathe,Lexi,Blitz|Clash|ClassicConstructed|LivingLegend|Open|SilverAge|UltimatePitFight,Bond|GoAgain,False,False,True,True,False,P2,55,template_expandable
arc_lightning,arc_lightning_yellow,Arc Lightning,Action,ArmoryDeckAurora|Promos|Rosetta,Aurora|Aurora2|Shiyana,Blitz|Clash|ClassicConstructed|Draft|LivingLegend|Open|Sealed|UltimatePitFight,GoAgain|Specialization,False,False,True,True,False,P2,55,template_expandable
arc_ramp,arc_ramp_blue|arc_ramp_red|arc_ramp_yellow,Arc Ramp,Action,OmensOfTheThirdAge,Broscilio|Oscilio,Blitz|Clash|ClassicConstructed|Draft|LivingLegend|Open|Sealed|SilverAge|UltimatePitFight,Amp|GoAgain,False,False,True,True,False,P2,55,template_expandable
arcane_cussing,arcane_cussing_blue|arcane_cussing_red|arcane_cussing_yellow,Arcane Cussing,Action,FlorianBlitzDeck|Rosetta,Aurora|Aurora2|Briar|Chane|Florian|Viserai|Vynnset,Blitz|Clash|ClassicConstructed|Draft|LivingLegend|Open|Sealed|SilverAge|UltimatePitFight,GoAgain,False,False,True,True,False,P2,55,template_expandable
arcane_lantern,arcane_lantern,Arcane Lantern,Equipment,Everfest|Promos,Arakni|Aurora|Aurora2|Azalea|Benji|Betsy|Blaze|Bolfar|Boltyn|Bravo|Brevant|Briar|Broscilio|Brutus|Chane|Cindra|Crackni|Crix|Dash|DataDoll|Dorinthea|Dromai|Emperor|Enigma|Fai|Fang|Florian|Frankie|Genis|GravyBones|Hala|Ira|Iyslander|Jarl|Kano|Kassai|Katsu|Kavdaen|Kayo|Kox|Levia|Lexi|Librarian|Lyath|Marlynn|Maxx|Melody|Nuu|Oldhim|Olympia|Oscilio|Pleiades|Prism|Puffin|RKO|Reya|Rhinar|Riptide|Ruudi|Scurv|Shiyana|Slippy|Squizzy|Starvo|Taipanis|Taylor|Teklovossen|Terra|Theryon|Tuffnut|Uzuri|Valda|Verdance|Victor|Viserai|Vynnset|Yoji|Yorick|Zen|Zyggy,Blitz|Clash|ClassicConstructed|LivingLegend|Open|SilverAge|UltimatePitFight,ArcaneBarrier,False,False,True,True,False,P2,55,template_expandable
arcane_seeds__life,arcane_seeds__life_red,Arcane Seeds // Life,Action|Instant,FlorianBlitzDeck|Promos|Rosetta,Briar|Florian,Blitz|Clash|ClassicConstructed|Draft|LivingLegend|Open|Sealed|SilverAge|UltimatePitFight,GoAgain|Meld,False,False,True,True,False,P2,55,template_expandable
arcane_twining,arcane_twining_blue|arcane_twining_red|arcane_twining_yellow,Arcane Twining,Action,OscilioBlitzDeck|Rosetta,Blaze|Broscilio|Emperor|Iyslander|Kano|Oscilio|Verdance,Blitz|Clash|ClassicConstructed|Draft|LivingLegend|Open|Sealed|SilverAge|UltimatePitFight,Amp,False,False,True,True,False,P2,55,template_expandable
arcanic_shockwave,arcanic_shockwave_blue|arcanic_shockwave_red|arcanic_shockwave_yellow,Arcanic Shockwave,Action,ArmoryDeckAurora|Promos|TalesOfAria,Aurora|Briar|Florian,Blitz|Clash|ClassicConstructed|Draft|LivingLegend|Open|Sealed|SilverAge|UltimatePitFight,Fusion,False,False,True,True,False,P2,55,template_expandable
argh_smash,argh_smash_yellow,Argh... Smash!,Action,CrucibleOfWar,Kayo|Levia|RKO|Rhinar|Tuffnut,Blitz|ClassicConstructed|LivingLegend|Open|UltimatePitFight,GoAgain,False,False,True,True,False,P2,55,template_expandable
art_of_the_dragon_blood,art_of_the_dragon_blood_red,Art of the Dragon: Blood,Action,Promos|TheHunted,Benji|Cindra|Fai|Ira|Katsu|Zen,Blitz|ClassicConstructed|Draft|LivingLegend|Open|Sealed|UltimatePitFight,GoAgain,False,False,True,True,False,P2,55,template_expandable
aspect_of_tiger_body,aspect_of_tiger_body_red,Aspect of Tiger: Body,Action,PartTheMistveil,Benji|Cindra|Fai|Ira|Katsu|Zen,Blitz|Clash|ClassicConstructed|Draft|LivingLegend|Open|Sealed|SilverAge|UltimatePitFight,Combo|GoAgain,False,False,True,True,False,P2,55,template_expandable
aspect_of_tiger_mind,aspect_of_tiger_mind_blue,Aspect of Tiger: Mind,Action,PartTheMistveil|ZenBlitzDeck,Benji|Cindra|Fai|Ira|Katsu|Zen,Blitz|Clash|ClassicConstructed|Draft|LivingLegend|Open|Sealed|SilverAge|UltimatePitFight,Combo|GoAgain,False,False,True,True,False,P2,55,template_expandable
aspect_of_tiger_soul,aspect_of_tiger_soul_yellow,Aspect of Tiger: Soul,Action,PartTheMistveil,Benji|Cindra|Fai|Ira|Katsu|Zen,Blitz|Clash|ClassicConstructed|Draft|LivingLegend|Open|Sealed|SilverAge|UltimatePitFight,Combo|GoAgain,False,False,True,True,False,P2,55,template_expandable
assault_and_battery,assault_and_battery_blue|assault_and_battery_red|assault_and_battery_yellow,Assault and Battery,Action,ArmoryDeckRhinar|HeavyHitters|RhinarBlitzDeck,Kayo|Levia|RKO|Rhinar|Tuffnut,Blitz|Clash|ClassicConstructed|Draft|LivingLegend|Open|Sealed|SilverAge|UltimatePitFight,BeatChest,False,False,True,True,False,P2,55,template_expandable
astral_strike,astral_strike_red,Astral Strike,Action,OmensOfTheThirdAge|Promos,Aurora|Aurora2|Briar|Broscilio|Lexi|Oscilio|Starvo|Zyggy,Blitz|ClassicConstructed|Draft|LivingLegend|Open|Sealed|UltimatePitFight,GoAgain,False,False,True,True,False,P2,55,template_expandable
avast_ye,avast_ye_blue,Avast Ye!,Action,ArmoryDeckGravyBones|GEM|HighSeas,GravyBones,Blitz|Clash|ClassicConstructed|Draft|LivingLegend|Open|Sealed|SilverAge|UltimatePitFight,GoAgain,False,False,True,True,False,P2,55,template_expandable
awakening_bellow,awakening_bellow_blue|awakening_bellow_red|awakening_bellow_yellow,Awakening Bellow,Action,ClassicBattlesRhinarDorinthea|RhinarHeroDeck|WelcomeToRathe,Kayo|Levia|RKO|Rhinar|Tuffnut,Blitz|Clash|ClassicConstructed|Draft|LivingLegend|Open|Sealed|SilverAge|UltimatePitFight,GoAgain|Intimidate,False,False,True,True,False,P2,55,template_expandable
back_heel_kick,back_heel_kick_blue|back_heel_kick_red|back_heel_kick_yellow,Back Heel Kick,Action,BenjiBlitzDeck|Outsiders,Benji|Cindra|Fai|Ira|Katsu|Zen,Blitz|Clash|ClassicConstructed|Draft|LivingLegend|Open|Sealed|SilverAge|UltimatePitFight,Combo,False,False,True,True,False,P2,55,template_expandable
backspin_thrust,backspin_thrust_red,Backspin Thrust,Action,SuperSlam,Dash|DataDoll|Maxx|Puffin|Teklovossen,Blitz|ClassicConstructed|LivingLegend|Open|UltimatePitFight,GoAgain,False,False,True,True,False,P2,55,template_expandable
bad_beats,bad_beats_blue|bad_beats_red|bad_beats_yellow,Bad Beats,Action,Everfest,Kayo|Levia|RKO|Rhinar|Tuffnut,Blitz|Clash|ClassicConstructed|LivingLegend|Open|SilverAge|UltimatePitFight,GoAgain,False,False,True,True,False,P2,55,template_expandable
bad_breath,bad_breath_blue|bad_breath_red|bad_breath_yellow,Bad Breath,Action,CompendiumOfRathe,Lyath|RKO,Blitz|Clash|ClassicConstructed|LivingLegend|Open|SilverAge|UltimatePitFight,GoAgain|Intimidate,False,False,True,True,False,P2,55,template_expandable
ball_lightning,ball_lightning_blue|ball_lightning_red|ball_lightning_yellow,Ball Lightning,Action,TalesOfAria,Aurora|Aurora2|Briar|Broscilio|Lexi|Oscilio|Starvo|Zyggy,Blitz|Draft|LivingLegend|Open|Sealed|UltimatePitFight,GoAgain,False,False,True,True,False,P2,55,template_expandable
bandana_of_the_blue_beyond,bandana_of_the_blue_beyond,Bandana of the Blue Beyond,Equipment,HighSeas,Arakni|Aurora|Aurora2|Azalea|Benji|Betsy|Blaze|Bolfar|Boltyn|Bravo|Brevant|Briar|Broscilio|Brutus|Chane|Cindra|Crackni|Crix|Dash|DataDoll|Dorinthea|Dromai|Emperor|Enigma|Fai|Fang|Florian|Frankie|Genis|GravyBones|Hala|Ira|Iyslander|Jarl|Kano|Kassai|Katsu|Kavdaen|Kayo|Kox|Levia|Lexi|Librarian|Lyath|Marlynn|Maxx|Melody|Nuu|Oldhim|Olympia|Oscilio|Pleiades|Prism|Puffin|RKO|Reya|Rhinar|Riptide|Ruudi|Scurv|Shiyana|Slippy|Squizzy|Starvo|Taipanis|Taylor|Teklovossen|Terra|Theryon|Tuffnut|Uzuri|Valda|Verdance|Victor|Viserai|Vynnset|Yoji|Yorick|Zen|Zyggy,Blitz|Clash|ClassicConstructed|Draft|LivingLegend|Open|Sealed|SilverAge|UltimatePitFight,GoAgain,False,False,True,True,False,P2,55,template_expandable
banneret_of_courage,banneret_of_courage_yellow,Banneret of Courage,Action,DuskTillDawn|Promos,Boltyn,Blitz|ClassicConstructed|LivingLegend|Open|UltimatePitFight,Solflare,False,False,True,True,False,P2,55,template_expandable
banneret_of_gallantry,banneret_of_gallantry_yellow,Banneret of Gallantry,Action,DuskTillDawn|Promos,Boltyn,Blitz|ClassicConstructed|LivingLegend|Open|UltimatePitFight,Solflare,False,False,True,True,False,P2,55,template_expandable
banneret_of_resilience,banneret_of_resilience_yellow,Banneret of Resilience,Action,ArmoryDeckBoltyn|DuskTillDawn|Promos,Boltyn,Blitz|Clash|ClassicConstructed|LivingLegend|Open|SilverAge|UltimatePitFight,Solflare,False,False,True,True,False,P2,55,template_expandable
banneret_of_salvation,banneret_of_salvation_yellow,Banneret of Salvation,Action,DuskTillDawn|Promos,Boltyn,Blitz|Clash|ClassicConstructed|LivingLegend|Open|SilverAge|UltimatePitFight,Solflare,False,False,True,True,False,P2,55,template_expandable
banneret_of_vigor,banneret_of_vigor_yellow,Banneret of Vigor,Action,ArmoryDeckBoltyn|DuskTillDawn|Promos,Boltyn,Blitz|Clash|ClassicConstructed|LivingLegend|Open|SilverAge|UltimatePitFight,Solflare,False,False,True,True,False,P2,55,template_expandable
bare_destruction,bare_destruction_red,Bare Destruction,Action,ArmoryDeckRhinar,Kayo|Levia|RKO|Rhinar|Tuffnut,Blitz|ClassicConstructed|LivingLegend|Open|UltimatePitFight,BeatChest|GoAgain,False,False,True,True,False,P2,55,template_expandable
bare_swing,bare_swing_red|bare_swing_yellow,Bare Swing,Action,ArmoryDeckRhinar,Kayo|Levia|RKO|Rhinar|Tuffnut,Blitz|Clash|ClassicConstructed|LivingLegend|Open|SilverAge|UltimatePitFight,BeatChest,False,False,True,True,False,P2,55,template_expandable
bark_obscenities,bark_obscenities_red,Bark Obscenities,Action,SuperSlam,Kayo|Levia|RKO|Rhinar|Tuffnut,Blitz|Clash|ClassicConstructed|Draft|LivingLegend|Open|Sealed|SilverAge|UltimatePitFight,GoAgain,False,False,True,True,False,P2,55,template_expandable
barkskin_of_the_millennium_tree,barkskin_of_the_millennium_tree,Barkskin of the Millennium Tree,Equipment,Promos|Rosetta,Briar|Florian|Jarl|Oldhim|Starvo|Taylor|Terra|Verdance,Blitz|ClassicConstructed|LivingLegend|Open|UltimatePitFight,Temper,False,False,True,True,False,P2,55,template_expandable
barraging_beatdown,barraging_beatdown_blue|barraging_beatdown_red|barraging_beatdown_yellow,Barraging Beatdown,Action,HistoryPack1|WelcomeToRathe,Kayo|Levia|RKO|Rhinar|Tuffnut,Blitz|Clash|ClassicConstructed|Draft|LivingLegend|Open|Sealed|SilverAge|UltimatePitFight,GoAgain|Intimidate,False,False,True,True,False,P2,55,template_expandable
barraging_big_horn,barraging_big_horn_blue|barraging_big_horn_red|barraging_big_horn_yellow,Barraging Big Horn,Action,CrucibleOfWar,Kayo|Levia|RKO|Rhinar|Tuffnut,Blitz|Clash|ClassicConstructed|LivingLegend|Open|SilverAge|UltimatePitFight,GoAgain,False,False,True,True,False,P2,55,template_expandable
bastion_of_unity,bastion_of_unity,Bastion of Unity,Equipment,DuskTillDawn,Boltyn|Dorinthea|Emperor|Fang|Hala|Kassai|Olympia|Taylor,Blitz|ClassicConstructed|LivingLegend|Open|UltimatePitFight,Temper|Unity,False,False,True,True,False,P2,55,template_expandable
battalion_barque,battalion_barque_blue|battalion_barque_red|battalion_barque_yellow,Battalion Barque,Action,ArmoryDeckGravyBones|HighSeas,GravyBones|Marlynn|Puffin|Scurv,Blitz|Clash|ClassicConstructed|Draft|LivingLegend|Open|Sealed|SilverAge|UltimatePitFight,HighTide,False,False,True,True,False,P2,55,template_expandable
battered_beaten_and_broken,battered_beaten_and_broken_yellow,"Battered, Beaten, and Broken",Action,SuperSlam,Lyath|RKO,Blitz|ClassicConstructed|Draft|LivingLegend|Open|Sealed|UltimatePitFight,Intimidate,False,False,True,True,False,P2,55,template_expandable
battlefield_breaker,battlefield_breaker_blue|battlefield_breaker_red|battlefield_breaker_yellow,Battlefield Breaker,Action,DuskTillDawn,Levia,Blitz|Clash|ClassicConstructed|LivingLegend|Open|SilverAge|UltimatePitFight,BloodDebt,False,False,True,True,False,P2,55,template_expandable
be_like_water,be_like_water_blue|be_like_water_red|be_like_water_yellow,Be Like Water,Action,KatsuBlitzDeck|Outsiders,Benji|Cindra|Fai|Ira|Katsu|Zen,Blitz|Clash|ClassicConstructed|Draft|LivingLegend|Open|Sealed|SilverAge|UltimatePitFight,GoAgain,False,False,True,True,False,P2,55,template_expandable
beat_the_same_drum,beat_the_same_drum_blue,Beat the Same Drum,Action,SuperSlam,Arakni|Aurora|Aurora2|Azalea|Benji|Betsy|Blaze|Bolfar|Boltyn|Bravo|Brevant|Briar|Broscilio|Brutus|Chane|Cindra|Crackni|Crix|Dash|DataDoll|Dorinthea|Dromai|Enigma|Fai|Fang|Florian|Frankie|Genis|GravyBones|Hala|Ira|Iyslander|Jarl|Kano|Kassai|Katsu|Kavdaen|Kayo|Kox|Levia|Lexi|Librarian|Lyath|Marlynn|Maxx|Melody|Nuu|Oldhim|Olympia|Oscilio|Pleiades|Prism|Puffin|RKO|Reya|Rhinar|Riptide|Ruudi|Scurv|Shiyana|Slippy|Squizzy|Starvo|Taipanis|Taylor|Teklovossen|Terra|Theryon|Tuffnut|Uzuri|Valda|Verdance|Victor|Viserai|Vynnset|Yoji|Yorick|Zen|Zyggy,Blitz|ClassicConstructed|Draft|LivingLegend|Open|Sealed|UltimatePitFight,GoAgain,False,False,True,True,False,P2,55,template_expandable
beckon_applause,beckon_applause,Beckon Applause,Equipment,HeavyHitters|KassaiBlitzDeck|OlympiaBlitzDeck,Boltyn|Dorinthea|Emperor|Fang|Hala|Kassai|Olympia|Taylor,Blitz|Clash|ClassicConstructed|Draft|LivingLegend|Open|Sealed|SilverAge|UltimatePitFight,Temper,False,False,True,True,False,P2,55,template_expandable
beckoning_mistblade,beckoning_mistblade,Beckoning Mistblade,Weapon,NuuBlitzDeck|PartTheMistveil|Promos,Nuu,Blitz|Clash|Draft|LivingLegend|Open|Sealed|SilverAge|UltimatePitFight,GoAgain,False,False,True,True,False,P2,55,template_expandable
become_the_bottle,become_the_bottle_blue|become_the_bottle_red|become_the_bottle_yellow,Become the Bottle,Action,CompendiumOfRathe,Benji|Cindra|Fai|Ira|Katsu|Zen,Blitz|Clash|ClassicConstructed|LivingLegend|Open|SilverAge|UltimatePitFight,GoAgain,False,False,True,True,False,P2,55,template_expandable
become_the_cup,become_the_cup_blue|become_the_cup_red|become_the_cup_yellow,Become the Cup,Action,CompendiumOfRathe,Benji|Cindra|Fai|Ira|Katsu|Zen,Blitz|Clash|ClassicConstructed|LivingLegend|Open|SilverAge|UltimatePitFight,GoAgain,False,False,True,True,False,P2,55,template_expandable
belittle,belittle_blue|belittle_red|belittle_yellow,Belittle,Action,Monarch,Arakni|Aurora|Aurora2|Azalea|Benji|Betsy|Blaze|Bolfar|Boltyn|Bravo|Brevant|Briar|Broscilio|Brutus|Chane|Cindra|Crackni|Crix|Dash|DataDoll|Dorinthea|Dromai|Emperor|Enigma|Fai|Fang|Florian|Frankie|Genis|GravyBones|Hala|Ira|Iyslander|Jarl|Kano|Kassai|Katsu|Kavdaen|Kayo|Kox|Levia|Lexi|Librarian|Lyath|Marlynn|Maxx|Melody|Nuu|Oldhim|Olympia|Oscilio|Pleiades|Prism|Puffin|RKO|Reya|Rhinar|Riptide|Ruudi|Scurv|Shiyana|Slippy|Squizzy|Starvo|Taipanis|Taylor|Teklovossen|Terra|Theryon|Tuffnut|Uzuri|Valda|Verdance|Victor|Viserai|Vynnset|Yoji|Yorick|Zen|Zyggy,Blitz|Draft|LivingLegend|Open|Sealed|UltimatePitFight,GoAgain,False,False,True,True,False,P2,55,template_expandable
bequest_the_vast_beyond,bequest_the_vast_beyond_red,Bequest the Vast Beyond,Action,DuskTillDawn,Shiyana|Viserai,Blitz|Clash|ClassicConstructed|LivingLegend|Open|UltimatePitFight,GoAgain|Specialization,False,False,True,True,False,P2,55,template_expandable
berserk,berserk_yellow,Berserk,Action,Dynasty,Kayo|Levia|RKO|Rhinar|Tuffnut,Blitz|LivingLegend|Open|UltimatePitFight,GoAgain,False,False,True,True,False,P2,55,template_expandable
beseech_the_demigon,beseech_the_demigon_blue|beseech_the_demigon_red|beseech_the_demigon_yellow,Beseech the Demigon,Action,DuskTillDawn,Chane|Levia|Vynnset,Blitz|Clash|ClassicConstructed|LivingLegend|Open|SilverAge|UltimatePitFight,GoAgain,False,False,True,True,False,P2,55,template_expandable
big_bop,big_bop_blue|big_bop_red|big_bop_yellow,Big Bop,Action,BetsyBlitzDeck|HeavyHitters,Betsy|Bolfar|Bravo|Brevant|Crix|Jarl|Kox|Lyath|Oldhim|Pleiades|Reya|Starvo|Terra|Valda|Victor|Yoji,Blitz|Clash|ClassicConstructed|Draft|LivingLegend|Open|Sealed|SilverAge|UltimatePitFight,Wager,False,False,True,True,False,P2,55,template_expandable
big_game_trophy_shot,big_game_trophy_shot_yellow,Big Game Trophy Shot,Action,HighSeas|Promos,Marlynn,Blitz|ClassicConstructed|Draft|LivingLegend|Open|Sealed|UltimatePitFight,GoAgain,False,False,True,True,False,P2,55,template_expandable
bigger_than_big,bigger_than_big_blue|bigger_than_big_red|bigger_than_big_yellow,Bigger Than Big,Action,BetsyBlitzDeck|HeavyHitters,Betsy|Bolfar|Bravo|Brevant|Crix|Jarl|Kox|Lyath|Oldhim|Pleiades|Reya|Starvo|Terra|Valda|Victor|Yoji,Blitz|Clash|ClassicConstructed|Draft|LivingLegend|Open|Sealed|SilverAge|UltimatePitFight,Wager,False,False,True,True,False,P2,55,template_expandable
billowing_mirage,billowing_mirage_blue|billowing_mirage_red|billowing_mirage_yellow,Billowing Mirage,Action,DromaiBlitzDeck|Uprising,Dromai,Blitz|Clash|ClassicConstructed|Draft|LivingLegend|Open|Sealed|SilverAge|UltimatePitFight,GoAgain|Transform,False,False,True,True,False,P2,55,template_expandable
billowing_mist,billowing_mist_blue,Billowing Mist,Action,CompendiumOfRathe,Enigma|Nuu|Zen,Blitz|Clash|ClassicConstructed|LivingLegend|Open|SilverAge|UltimatePitFight,GoAgain,False,False,True,True,False,P2,55,template_expandable
bios_update,bios_update_red,Bios Update,Action,Dynasty,Dash|DataDoll|Maxx|Puffin|Teklovossen,Blitz|ClassicConstructed|LivingLegend|Open|UltimatePitFight,GoAgain,False,False,True,True,False,P2,55,template_expandable
biting_breeze,biting_breeze_blue|biting_breeze_red|biting_breeze_yellow,Biting Breeze,Action,PartTheMistveil|ZenBlitzDeck,Benji|Cindra|Fai|Ira|Katsu|Zen,Blitz|Clash|ClassicConstructed|Draft|LivingLegend|Open|Sealed|SilverAge|UltimatePitFight,GoAgain,False,False,True,True,False,P2,55,template_expandable
bittering_thorns,bittering_thorns_blue|bittering_thorns_red|bittering_thorns_yellow,Bittering Thorns,Action,ArmoryDeckIra|Promos|RoundTheTable,Benji|Cindra|Fai|Ira|Katsu|Zen,Blitz|Clash|ClassicConstructed|LivingLegend|Open|SilverAge|UltimatePitFight,GoAgain,False,False,True,True,False,P2,55,template_expandable
blackout_kick,blackout_kick_blue|blackout_kick_red|blackout_kick_yellow,Blackout Kick,Action,HistoryPack1|KatsuHeroDeck|WelcomeToRathe,Benji|Cindra|Fai|Ira|Katsu|Zen,Blitz|Clash|ClassicConstructed|Draft|LivingLegend|Open|Sealed|SilverAge|UltimatePitFight,Combo,False,False,True,True,False,P2,55,template_expandable
blade_beckoner_boots,blade_beckoner_boots,Blade Beckoner Boots,Equipment,ArakniSilverAgeDeck|DashSilverAgeDeck|EnigmaSilverAgeDeck|IyslanderSilverAgeDeck|TheHunted|ViseraiSilverAgeDeck,Arakni|Aurora|Aurora2|Azalea|Benji|Betsy|Blaze|Bolfar|Boltyn|Bravo|Brevant|Briar|Broscilio|Brutus|Chane|Cindra|Crackni|Crix|Dash|DataDoll|Dorinthea|Dromai|Emperor|Enigma|Fai|Fang|Florian|Frankie|Genis|GravyBones|Hala|Ira|Iyslander|Jarl|Kano|Kassai|Katsu|Kavdaen|Kayo|Kox|Levia|Lexi|Librarian|Lyath|Marlynn|Maxx|Melody|Nuu|Oldhim|Olympia|Oscilio|Pleiades|Prism|Puffin|RKO|Reya|Rhinar|Riptide|Ruudi|Scurv|Shiyana|Slippy|Squizzy|Starvo|Taipanis|Taylor|Teklovossen|Terra|Theryon|Tuffnut|Uzuri|Valda|Verdance|Victor|Viserai|Vynnset|Yoji|Yorick|Zen|Zyggy,Blitz|Clash|ClassicConstructed|Draft|LivingLegend|Open|Sealed|SilverAge|UltimatePitFight,Guardwell,False,False,True,True,False,P2,55,template_expandable
blade_beckoner_gauntlets,blade_beckoner_gauntlets,Blade Beckoner Gauntlets,Equipment,BlazeSilverAgeDeck|BravoSilverAgeDeck|DashSilverAgeDeck|FangBlitzDeck|IyslanderSilverAgeDeck|KayoSilverAgeDeck|TheHunted,Arakni|Aurora|Aurora2|Azalea|Benji|Betsy|Blaze|Bolfar|Boltyn|Bravo|Brevant|Briar|Broscilio|Brutus|Chane|Cindra|Crackni|Crix|Dash|DataDoll|Dorinthea|Dromai|Emperor|Enigma|Fai|Fang|Florian|Frankie|Genis|GravyBones|Hala|Ira|Iyslander|Jarl|Kano|Kassai|Katsu|Kavdaen|Kayo|Kox|Levia|Lexi|Librarian|Lyath|Marlynn|Maxx|Melody|Nuu|Oldhim|Olympia|Oscilio|Pleiades|Prism|Puffin|RKO|Reya|Rhinar|Riptide|Ruudi|Scurv|Shiyana|Slippy|Squizzy|Starvo|Taipanis|Taylor|Teklovossen|Terra|Theryon|Tuffnut|Uzuri|Valda|Verdance|Victor|Viserai|Vynnset|Yoji|Yorick|Zen|Zyggy,Blitz|Clash|ClassicConstructed|Draft|LivingLegend|Open|Sealed|SilverAge|UltimatePitFight,Guardwell,False,False,True,True,False,P2,55,template_expandable
blade_beckoner_helm,blade_beckoner_helm,Blade Beckoner Helm,Equipment,AzaleaSilverAgeDeck|BravoSilverAgeDeck|DashSilverAgeDeck|EnigmaSilverAgeDeck|FaiSilverAgeDeck|IyslanderSilverAgeDeck|TheHunted|ViseraiSilverAgeDeck,Arakni|Aurora|Aurora2|Azalea|Benji|Betsy|Blaze|Bolfar|Boltyn|Bravo|Brevant|Briar|Broscilio|Brutus|Chane|Cindra|Crackni|Crix|Dash|DataDoll|Dorinthea|Dromai|Emperor|Enigma|Fai|Fang|Florian|Frankie|Genis|GravyBones|Hala|Ira|Iyslander|Jarl|Kano|Kassai|Katsu|Kavdaen|Kayo|Kox|Levia|Lexi|Librarian|Lyath|Marlynn|Maxx|Melody|Nuu|Oldhim|Olympia|Oscilio|Pleiades|Prism|Puffin|RKO|Reya|Rhinar|Riptide|Ruudi|Scurv|Shiyana|Slippy|Squizzy|Starvo|Taipanis|Taylor|Teklovossen|Terra|Theryon|Tuffnut|Uzuri|Valda|Verdance|Victor|Viserai|Vynnset|Yoji|Yorick|Zen|Zyggy,Blitz|Clash|ClassicConstructed|Draft|LivingLegend|Open|Sealed|SilverAge|UltimatePitFight,Guardwell,False,False,True,True,False,P2,55,template_expandable
blade_beckoner_plating,blade_beckoner_plating,Blade Beckoner Plating,Equipment,CindraBlitzDeck|TheHunted,Arakni|Aurora|Aurora2|Azalea|Benji|Betsy|Blaze|Bolfar|Boltyn|Bravo|Brevant|Briar|Broscilio|Brutus|Chane|Cindra|Crackni|Crix|Dash|DataDoll|Dorinthea|Dromai|Emperor|Enigma|Fai|Fang|Florian|Frankie|Genis|GravyBones|Hala|Ira|Iyslander|Jarl|Kano|Kassai|Katsu|Kavdaen|Kayo|Kox|Levia|Lexi|Librarian|Lyath|Marlynn|Maxx|Melody|Nuu|Oldhim|Olympia|Oscilio|Pleiades|Prism|Puffin|RKO|Reya|Rhinar|Riptide|Ruudi|Scurv|Shiyana|Slippy|Squizzy|Starvo|Taipanis|Taylor|Teklovossen|Terra|Theryon|Tuffnut|Uzuri|Valda|Verdance|Victor|Viserai|Vynnset|Yoji|Yorick|Zen|Zyggy,Blitz|Clash|ClassicConstructed|Draft|LivingLegend|Open|Sealed|SilverAge|UltimatePitFight,Guardwell,False,False,True,True,False,P2,55,template_expandable
blade_flash,blade_flash_blue,Blade Flash,AttackReaction,ClassicBattlesRhinarDorinthea|DorintheaDemoDeck|Promos,Arakni|Aurora|Aurora2|Azalea|Benji|Betsy|Blaze|Bolfar|Boltyn|Bravo|Brevant|Briar|Broscilio|Brutus|Chane|Cindra|Crackni|Crix|Dash|DataDoll|Dorinthea|Dromai|Enigma|Fai|Fang|Florian|Frankie|Genis|GravyBones|Hala|Ira|Iyslander|Jarl|Kano|Kassai|Katsu|Kavdaen|Kayo|Kox|Levia|Lexi|Librarian|Lyath|Marlynn|Maxx|Melody|Nuu|Oldhim|Olympia|Oscilio|Pleiades|Prism|Puffin|RKO|Reya|Rhinar|Riptide|Ruudi|Scurv|Shiyana|Slippy|Squizzy|Starvo|Taipanis|Taylor|Teklovossen|Terra|Theryon|Tuffnut|Uzuri|Valda|Verdance|Victor|Viserai|Vynnset|Yoji|Yorick|Zen|Zyggy,Blitz|Clash|ClassicConstructed|LivingLegend|Open|SilverAge|UltimatePitFight,GoAgain,False,False,True,True,False,P2,55,template_expandable
blade_rush,blade_rush_yellow,Blade Rush,Action,DorintheaDemoDeck|MasteryPackWarrior,Boltyn|Dorinthea|Fang|Hala|Kassai|Olympia,Blitz|Clash|ClassicConstructed|LivingLegend|Open|SilverAge|UltimatePitFight,GoAgain,False,False,True,True,False,P2,55,template_expandable
blaze_headlong,blaze_headlong_red,Blaze Headlong,Action,CindraBlitzDeck|FaiBlitzDeck|FaiSilverAgeDeck|Promos|TheHunted|Uprising,Cindra|Dromai|Emperor|Fai|Fang|Taipanis,Blitz|Clash|ClassicConstructed|Draft|LivingLegend|Open|Sealed|SilverAge|UltimatePitFight,GoAgain,False,False,True,True,False,P2,55,template_expandable
blazen_yoroi,blazen_yoroi,Blazen Yoroi,Equipment,Dynasty,Benji|Cindra|Fai|Ira|Katsu|Taylor|Zen,Blitz|ClassicConstructed|LivingLegend|Open|UltimatePitFight,BladeBreak,False,False,True,True,False,P2,55,template_expandable
blessing_of_bellona,blessing_of_bellona_yellow,Blessing of Bellona,Action,CompendiumOfRathe,Boltyn|Librarian|Prism|Theryon,Blitz|ClassicConstructed|LivingLegend|Open|UltimatePitFight,GoAgain,False,False,True,True,False,P2,55,template_expandable
blessing_of_deliverance,blessing_of_deliverance_blue|blessing_of_deliverance_red|blessing_of_deliverance_yellow,Blessing of Deliverance,Action,HistoryPack1|Promos|WelcomeToRathe,Betsy|Bolfar|Bravo|Brevant|Crix|Jarl|Kox|Lyath|Oldhim|Pleiades|Reya|Starvo|Terra|Valda|Victor|Yoji,Blitz|Clash|ClassicConstructed|Draft|LivingLegend|Open|Sealed|SilverAge|UltimatePitFight,GoAgain,False,False,True,True,False,P2,55,template_expandable
blessing_of_spirits,blessing_of_spirits_blue|blessing_of_spirits_red|blessing_of_spirits_yellow,Blessing of Spirits,Action,Dynasty,Dromai|Enigma|Prism|Zyggy,Blitz|Clash|ClassicConstructed|LivingLegend|Open|SilverAge|UltimatePitFight,Ward,False,False,True,True,False,P2,55,template_expandable
blessing_of_themis,blessing_of_themis_yellow,Blessing of Themis,Action,CompendiumOfRathe,Boltyn|Librarian|Prism|Theryon,Blitz|Clash|ClassicConstructed|LivingLegend|Open|SilverAge|UltimatePitFight,GoAgain,False,False,True,True,False,P2,55,template_expandable
blistering_assault,blistering_assault_blue|blistering_assault_red|blistering_assault_yellow,Blistering Assault,Action,DuskTillDawn,Boltyn|Librarian|Prism|Theryon,Blitz|Clash|ClassicConstructed|LivingLegend|Open|SilverAge|UltimatePitFight,GoAgain,False,False,True,True,False,P2,55,template_expandable
blizzard_bolt,blizzard_bolt_blue|blizzard_bolt_red|blizzard_bolt_yellow,Blizzard Bolt,Action,LexiBlitzDeck|TalesOfAria,Lexi,Blitz|Clash|ClassicConstructed|Draft|LivingLegend|Open|Sealed|SilverAge|UltimatePitFight,Fusion,False,False,True,True,False,P2,55,template_expandable
blood_dripping_frenzy,blood_dripping_frenzy_blue,Blood Dripping Frenzy,Action,DuskTillDawn,Levia,Blitz|ClassicConstructed|LivingLegend|Open|UltimatePitFight,GoAgain,False,False,True,True,False,P2,55,template_expandable
blood_drop,blood_drop_red,Blood Drop,Action,TheHunted,Cindra|Fai,Blitz|Clash|ClassicConstructed|Draft|LivingLegend|Open|Sealed|SilverAge|UltimatePitFight,GoAgain,False,False,True,True,False,P2,55,template_expandable
blood_follows_blade,blood_follows_blade_yellow,Blood Follows Blade,AttackReaction,SuperSlam,Kassai|Shiyana,Blitz|Clash|ClassicConstructed|LivingLegend|Open|UltimatePitFight,GoAgain|Specialization,False,False,True,True,False,P2,55,template_expandable
blood_line,blood_line_red,Blood Line,Action,TheHunted,Cindra|Fai,Blitz|Clash|ClassicConstructed|Draft|LivingLegend|Open|Sealed|SilverAge|UltimatePitFight,GoAgain,False,False,True,True,False,P2,55,template_expandable
blood_on_her_hands,blood_on_her_hands_yellow,Blood on Her Hands,Action,Everfest,Kassai|Shiyana,Blitz|Clash|ClassicConstructed|LivingLegend|Open|UltimatePitFight,GoAgain|Specialization,False,False,True,True,False,P2,55,template_expandable
blood_splattered_vest,blood_splattered_vest,Blood Splattered Vest,Equipment,Promos|TheHunted,Arakni|Benji|Cindra|Crackni|Fai|Ira|Katsu|Nuu|Slippy|Taylor|Uzuri|Zen,Blitz|ClassicConstructed|LivingLegend|Open|UltimatePitFight,BladeBreak,False,False,True,True,False,P2,55,template_expandable
blood_tribute,blood_tribute_blue|blood_tribute_red|blood_tribute_yellow,Blood Tribute,Instant,Monarch,Chane|Levia|Vynnset,Blitz|Clash|ClassicConstructed|Draft|LivingLegend|Open|Sealed|SilverAge|UltimatePitFight,Opt,False,False,True,True,False,P2,55,template_expandable
bloodspill_invocation,bloodspill_invocation_blue|bloodspill_invocation_red|bloodspill_invocation_yellow,Bloodspill Invocation,Action,ArcaneRising|HistoryPack1,Aurora|Aurora2|Briar|Chane|Florian|Viserai|Vynnset,Blitz|Clash|ClassicConstructed|Draft|LivingLegend|Open|Sealed|SilverAge|UltimatePitFight,GoAgain,False,False,True,True,False,P2,55,template_expandable
bloodtorn_bodice,bloodtorn_bodice,Bloodtorn Bodice,Equipment,AuroraBlitzDeck|FlorianBlitzDeck|Promos|Rosetta,Aurora|Aurora2|Briar|Chane|Florian|Taylor|Viserai|Vynnset,Blitz|Clash|ClassicConstructed|Draft|LivingLegend|Open|Sealed|SilverAge|UltimatePitFight,GoAgain,False,False,True,True,False,P2,55,template_expandable
blossom_of_spring,blossom_of_spring,Blossom of Spring,Equipment,FirstStrikeAurora|FirstStrikeTerra|ArakniBlitzDeck|ArakniSilverAgeDeck|AzaleaSilverAgeDeck|BravoDemoDeck|ClassicBattlesRhinarDorinthea|DashSilverAgeDeck|DorintheaDemoDeck|DorintheaSilverAgeDeck|EnigmaSilverAgeDeck|KatsuBlitzDeck|Promos|ViseraiSilverAgeDeck,Arakni|Aurora|Aurora2|Azalea|Benji|Betsy|Blaze|Bolfar|Boltyn|Bravo|Brevant|Briar|Broscilio|Brutus|Chane|Cindra|Crackni|Crix|Dash|DataDoll|Dorinthea|Dromai|Emperor|Enigma|Fai|Fang|Florian|Frankie|Genis|GravyBones|Hala|Ira|Iyslander|Jarl|Kano|Kassai|Katsu|Kavdaen|Kayo|Kox|Levia|Lexi|Librarian|Lyath|Marlynn|Maxx|Melody|Nuu|Oldhim|Olympia|Oscilio|Pleiades|Prism|Puffin|RKO|Reya|Rhinar|Riptide|Ruudi|Scurv|Shiyana|Slippy|Squizzy|Starvo|Taipanis|Taylor|Teklovossen|Terra|Theryon|Tuffnut|Uzuri|Valda|Verdance|Victor|Viserai|Vynnset|Yoji|Yorick|Zen|Zyggy,Blitz|Clash|ClassicConstructed|LivingLegend|Open|SilverAge|UltimatePitFight,GoAgain,False,False,True,True,False,P2,55,template_expandable
blossoming_decay,blossoming_decay_blue|blossoming_decay_red|blossoming_decay_yellow,Blossoming Decay,Action,Rosetta|VerdanceBlitzDeck,Briar|Florian|Jarl|Oldhim|Starvo|Terra|Verdance,Blitz|Clash|ClassicConstructed|Draft|LivingLegend|Open|Sealed|SilverAge|UltimatePitFight,Decompose,False,False,True,True,False,P2,55,template_expandable
blossoming_spellblade,blossoming_spellblade_red,Blossoming Spellblade,Action,TalesOfAria,Aurora|Briar|Florian,Blitz|ClassicConstructed|Draft|LivingLegend|Open|Sealed|UltimatePitFight,Fusion,False,False,True,True,False,P2,55,template_expandable
blow_for_a_blow,blow_for_a_blow_red,Blow for a Blow,Action,HighSeas,Arakni|Aurora|Aurora2|Azalea|Benji|Betsy|Blaze|Bolfar|Boltyn|Bravo|Brevant|Briar|Broscilio|Brutus|Chane|Cindra|Crackni|Crix|Dash|DataDoll|Dorinthea|Dromai|Emperor|Enigma|Fai|Fang|Florian|Frankie|Genis|GravyBones|Hala|Ira|Iyslander|Jarl|Kano|Kassai|Katsu|Kavdaen|Kayo|Kox|Levia|Lexi|Librarian|Lyath|Marlynn|Maxx|Melody|Nuu|Oldhim|Olympia|Oscilio|Pleiades|Prism|Puffin|RKO|Reya|Rhinar|Riptide|Ruudi|Scurv|Shiyana|Slippy|Squizzy|Starvo|Taipanis|Taylor|Teklovossen|Terra|Theryon|Tuffnut|Uzuri|Valda|Verdance|Victor|Viserai|Vynnset|Yoji|Yorick|Zen|Zyggy,Blitz|Clash|ClassicConstructed|Draft|LivingLegend|Open|Sealed|SilverAge|UltimatePitFight,GoAgain,False,False,True,True,False,P2,55,template_expandable
blue_sea_tricorn,blue_sea_tricorn,Blue Sea Tricorn,Equipment,HighSeas|Promos,GravyBones|Marlynn|Puffin|Scurv|Taylor,Blitz|Clash|ClassicConstructed|Draft|LivingLegend|Open|Sealed|SilverAge|UltimatePitFight,BladeBreak|GoAgain,False,False,True,True,False,P2,55,template_expandable
board_the_ship,board_the_ship_red,Board the Ship,Action,HighSeas|Promos,GravyBones,Blitz|Clash|ClassicConstructed|Draft|LivingLegend|Open|Sealed|SilverAge|UltimatePitFight,Overpower,False,False,True,True,False,P2,55,template_expandable
bolt_of_courage,bolt_of_courage_blue|bolt_of_courage_red|bolt_of_courage_yellow,Bolt of Courage,Action,ArmoryDeckBoltyn|BoltynBlitzDeck|Monarch,Boltyn,Blitz|Clash|ClassicConstructed|Draft|LivingLegend|Open|Sealed|SilverAge|UltimatePitFight,Charge,False,False,True,True,False,P2,55,template_expandable
bonds_of_ancestry,bonds_of_ancestry_blue|bonds_of_ancestry_red|bonds_of_ancestry_yellow,Bonds of Ancestry,Action,KatsuBlitzDeck|Outsiders,Benji|Cindra|Fai|Ira|Katsu|Zen,Blitz|ClassicConstructed|Draft|LivingLegend|Open|Sealed|UltimatePitFight,Combo|GoAgain,False,False,True,True,False,P2,55,template_expandable
bonebreaker_bellow,bonebreaker_bellow_blue|bonebreaker_bellow_red|bonebreaker_bellow_yellow,Bonebreaker Bellow,Action,ArmoryDeckRhinar|HeavyHitters|RhinarBlitzDeck,Kayo|Levia|RKO|Rhinar|Tuffnut,Blitz|Clash|ClassicConstructed|Draft|LivingLegend|Open|Sealed|SilverAge|UltimatePitFight,BeatChest|GoAgain,False,False,True,True,False,P2,55,template_expandable
boneyard_marauder,boneyard_marauder_blue|boneyard_marauder_red|boneyard_marauder_yellow,Boneyard Marauder,Action,LeviaBlitzDeck|Monarch|Promos,Levia,Blitz|Clash|ClassicConstructed|Draft|LivingLegend|Open|Sealed|SilverAge|UltimatePitFight,BloodDebt,False,False,True,True,False,P2,55,template_expandable
boom_grenade,boom_grenade_blue|boom_grenade_red|boom_grenade_yellow,Boom Grenade,Action,ArmoryDeckDash|BrightLights|DashSilverAgeDeck|GEM,Dash|DataDoll|Maxx|Puffin|Teklovossen,Blitz|Clash|ClassicConstructed|Draft|LivingLegend|Open|Sealed|SilverAge|UltimatePitFight,Crank,False,False,True,True,False,P2,55,template_expandable
booze,booze_blue,Booze!,Action,Promos|SuperSlam,Lyath|RKO,Blitz|Clash|ClassicConstructed|Draft|LivingLegend|Open|Sealed|SilverAge|UltimatePitFight,GoAgain|TheCrowdBoos,False,False,True,True,False,P2,55,template_expandable
boulder_drop,boulder_drop_blue|boulder_drop_red|boulder_drop_yellow,Boulder Drop,Action,ArmoryDeckPleiades|BravoSilverAgeDeck|GEM,Betsy|Bolfar|Bravo|Brevant|Crix|Jarl|Kox|Lyath|Oldhim|Pleiades|Reya|Starvo|Terra|Valda|Victor|Yoji,Blitz|Clash|ClassicConstructed|LivingLegend|Open|SilverAge|UltimatePitFight,Crush,False,False,True,True,False,P2,55,template_expandable
bracers_of_bellonas_grace,bracers_of_bellonas_grace,Bracers of Bellona's Grace,Equipment,ArmoryDeckBoltyn,Boltyn|Taylor,Blitz|ClassicConstructed|LivingLegend|Open|UltimatePitFight,BladeBreak|Charge,False,False,True,True,False,P2,55,template_expandable
bracken_rap,bracken_rap_red|bracken_rap_yellow,Bracken Rap,Action,FirstStrikeTerra,Jarl|Oldhim|Starvo|Terra,Blitz|Clash|ClassicConstructed|LivingLegend|Open|SilverAge|UltimatePitFight,Bond,False,False,True,True,False,P2,55,template_expandable
bramble_spark,bramble_spark_blue|bramble_spark_red|bramble_spark_yellow,Bramble Spark,Action,BriarBlitzDeck|TalesOfAria,Aurora|Briar|Florian,Blitz|Clash|ClassicConstructed|Draft|LivingLegend|Open|Sealed|SilverAge|UltimatePitFight,Fusion|GoAgain,False,False,True,True,False,P2,55,template_expandable
brand_with_cinderclaw,brand_with_cinderclaw_blue|brand_with_cinderclaw_red|brand_with_cinderclaw_yellow,Brand with Cinderclaw,Action,FaiBlitzDeck|FaiSilverAgeDeck|Uprising,Cindra|Fai,Blitz|Clash|Draft|LivingLegend|Open|Sealed|SilverAge|UltimatePitFight,GoAgain,False,False,True,True,False,P2,55,template_expandable
brandish,brandish_blue|brandish_red|brandish_yellow,Brandish,Action,Monarch,Arakni|Aurora|Aurora2|Azalea|Benji|Betsy|Blaze|Bolfar|Boltyn|Bravo|Brevant|Briar|Broscilio|Brutus|Chane|Cindra|Crackni|Crix|Dash|DataDoll|Dorinthea|Dromai|Emperor|Enigma|Fai|Fang|Florian|Frankie|Genis|GravyBones|Hala|Ira|Iyslander|Jarl|Kano|Kassai|Katsu|Kavdaen|Kayo|Kox|Levia|Lexi|Librarian|Lyath|Marlynn|Maxx|Melody|Nuu|Oldhim|Olympia|Oscilio|Pleiades|Prism|Puffin|RKO|Reya|Rhinar|Riptide|Ruudi|Scurv|Shiyana|Slippy|Squizzy|Starvo|Taipanis|Taylor|Teklovossen|Terra|Theryon|Tuffnut|Uzuri|Valda|Verdance|Victor|Viserai|Vynnset|Yoji|Yorick|Zen|Zyggy,Blitz|Clash|ClassicConstructed|Draft|LivingLegend|Open|Sealed|SilverAge|UltimatePitFight,GoAgain,False,False,True,True,False,P2,55,template_expandable
bravo,bravo,Bravo,Hero,BravoHeroDeck|HistoryPack1|MasteryPackGuardian|Promos|WelcomeToRathe,Bravo,Blitz|Clash|Draft|Open|Sealed|SilverAge|UltimatePitFight,Dominate|GoAgain,False,False,True,True,False,P2,55,template_expandable
break_open_the_chests,break_open_the_chests_yellow,Break Open the Chests!,Action,CompendiumOfRathe,GravyBones|Marlynn|Puffin|Scurv,Blitz|Clash|ClassicConstructed|LivingLegend|Open|SilverAge|UltimatePitFight,GoAgain,False,False,True,True,False,P2,55,template_expandable
break_stature,break_stature_yellow,Break Stature,Action,MasteryPackGuardian,Betsy|Bolfar|Bravo|Brevant|Crix|Jarl|Kox|Lyath|Oldhim|Pleiades|Reya|Starvo|Terra|Valda|Victor|Yoji,Blitz|ClassicConstructed|LivingLegend|Open|UltimatePitFight,Crush,False,False,True,True,False,P2,55,template_expandable
break_tide,break_tide_yellow,Break Tide,Action,Everfest,Benji|Cindra|Fai|Ira|Katsu|Zen,Blitz|ClassicConstructed|LivingLegend|Open|UltimatePitFight,Combo|Dominate,False,False,True,True,False,P2,55,template_expandable
breaking_point,breaking_point_red,Breaking Point,Action,Promos|Uprising,Cindra|Dromai|Emperor|Fai|Fang|Taipanis,Blitz|Clash|ClassicConstructed|Draft|LivingLegend|Open|Sealed|SilverAge|UltimatePitFight,Rupture,False,False,True,True,False,P2,55,template_expandable
breakneck_battery,breakneck_battery_blue|breakneck_battery_red|breakneck_battery_yellow,Breakneck Battery,Action,HistoryPack1|RhinarHeroDeck|WelcomeToRathe,Kayo|Levia|RKO|Rhinar|Tuffnut,Blitz|Clash|ClassicConstructed|Draft|LivingLegend|Open|Sealed|SilverAge|UltimatePitFight,GoAgain,False,False,True,True,False,P2,55,template_expandable
breed_anger,breed_anger_blue|breed_anger_red|breed_anger_yellow,Breed Anger,Action,PartTheMistveil,Benji|Cindra|Fai|Ira|Katsu|Zen,Blitz|Clash|ClassicConstructed|Draft|LivingLegend|Open|Sealed|SilverAge|UltimatePitFight,Combo|GoAgain,False,False,True,True,False,P2,55,template_expandable
brimming_blade,brimming_blade_red,Brimming Blade,Action,ArmoryDeckOriginsHala,Boltyn|Dorinthea|Emperor|Fang|Hala|Kassai|Olympia,Blitz|ClassicConstructed|LivingLegend|Open|UltimatePitFight,GoAgain|Sharpen,False,False,True,True,False,P2,55,template_expandable
buccaneers_bounty,buccaneers_bounty,Buccaneer's Bounty,Equipment,HighSeas|Promos,GravyBones|Marlynn|Puffin|Scurv|Taylor,Blitz|Clash|ClassicConstructed|Draft|LivingLegend|Open|Sealed|SilverAge|UltimatePitFight,BladeBreak|GoAgain,False,False,True,True,False,P2,55,template_expandable
buckle,buckle_blue,Buckle,Action,Dynasty,Betsy|Bolfar|Bravo|Brevant|Crix|Jarl|Kox|Lyath|Oldhim|Pleiades|Reya|Starvo|Terra|Valda|Victor|Yoji,Blitz|ClassicConstructed|LivingLegend|Open|UltimatePitFight,Dominate|GoAgain,False,False,True,True,False,P2,55,template_expandable
buckling_blow,buckling_blow_blue|buckling_blow_red|buckling_blow_yellow,Buckling Blow,Action,ArmoryDeckOriginsJarl|BravoHeroDeck|BravoSilverAgeDeck|MasteryPackGuardian|WelcomeToRathe,Betsy|Bolfar|Bravo|Brevant|Crix|Jarl|Kox|Lyath|Oldhim|Pleiades|Reya|Starvo|Terra|Valda|Victor|Yoji,Blitz|Clash|ClassicConstructed|Draft|LivingLegend|Open|Sealed|SilverAge|UltimatePitFight,Crush,False,False,True,True,False,P2,55,template_expandable
buckwild,buckwild_blue|buckwild_red|buckwild_yellow,Buckwild,Action,GEM|KayoSilverAgeDeck|SuperSlam,Kayo|Levia|RKO|Rhinar|Tuffnut,Blitz|Clash|ClassicConstructed|Draft|LivingLegend|Open|Sealed|SilverAge|UltimatePitFight,GoAgain,False,False,True,True,False,P2,55,template_expandable
bully_tactics,bully_tactics_red,Bully Tactics,Action,Promos|SuperSlam,Lyath|RKO,Blitz|ClassicConstructed|Draft|LivingLegend|Open|Sealed|UltimatePitFight,Intimidate,False,False,True,True,False,P2,55,template_expandable
burdens_of_the_past,burdens_of_the_past_blue,Burdens of the Past,Action,Outsiders,Arakni|Aurora|Aurora2|Azalea|Benji|Betsy|Blaze|Bolfar|Boltyn|Bravo|Brevant|Briar|Broscilio|Brutus|Chane|Cindra|Crackni|Crix|Dash|DataDoll|Dorinthea|Dromai|Enigma|Fai|Fang|Florian|Frankie|Genis|GravyBones|Hala|Ira|Iyslander|Jarl|Kano|Kassai|Katsu|Kavdaen|Kayo|Kox|Levia|Lexi|Librarian|Lyath|Marlynn|Maxx|Melody|Nuu|Oldhim|Olympia|Oscilio|Pleiades|Prism|Puffin|RKO|Reya|Rhinar|Riptide|Ruudi|Scurv|Shiyana|Slippy|Squizzy|Starvo|Taipanis|Taylor|Teklovossen|Terra|Theryon|Tuffnut|Uzuri|Valda|Verdance|Victor|Viserai|Vynnset|Yoji|Yorick|Zen|Zyggy,Blitz|ClassicConstructed|Draft|LivingLegend|Open|Sealed|UltimatePitFight,GoAgain,False,False,True,True,False,P2,55,template_expandable
burly_bones,burly_bones_blue|burly_bones_red|burly_bones_yellow,Burly Bones,Action,HighSeas,GravyBones,Blitz|Clash|ClassicConstructed|Draft|LivingLegend|Open|Sealed|SilverAge|UltimatePitFight,Overpower,False,False,True,True,False,P2,55,template_expandable
burn_away,burn_away_red,Burn Away,Action,Uprising,Cindra|Dromai|Emperor|Fai|Fang|Taipanis,Blitz|Clash|ClassicConstructed|Draft|LivingLegend|Open|Sealed|SilverAge|UltimatePitFight,GoAgain,False,False,True,True,False,P2,55,template_expandable
burn_them_all,burn_them_all_red,Burn Them All,Action,Uprising,Dromai,Blitz|ClassicConstructed|Draft|LivingLegend|Open|Sealed|UltimatePitFight,GoAgain,False,False,True,True,False,P2,55,template_expandable
burn_up__shock,burn_up__shock_red,Burn Up // Shock,Action|Instant,ArmoryDeckAurora|AuroraBlitzDeck|Promos|Rosetta,Aurora|Aurora2|Briar,Blitz|Clash|ClassicConstructed|Draft|LivingLegend|Open|Sealed|UltimatePitFight,GoAgain|Meld,False,False,True,True,False,P2,55,template_expandable
burning_blade_dance,burning_blade_dance_red,Burning Blade Dance,Action,CindraBlitzDeck|TheHunted,Cindra|Fai,Blitz|Clash|ClassicConstructed|Draft|LivingLegend|Open|Sealed|SilverAge|UltimatePitFight,GoAgain,False,False,True,True,False,P2,55,template_expandable
buzzard_helm,buzzard_helm,Buzzard Helm,Equipment,CompendiumOfRathe,Kayo|Levia|RKO|Rhinar|Taylor|Tuffnut,Blitz|Clash|ClassicConstructed|LivingLegend|Open|SilverAge|UltimatePitFight,Temper,False,False,True,True,False,P2,55,template_expandable
cadaverous_tilling,cadaverous_tilling_blue|cadaverous_tilling_red|cadaverous_tilling_yellow,Cadaverous Tilling,Action,FlorianBlitzDeck|Rosetta,Briar|Florian|Jarl|Oldhim|Starvo|Terra|Verdance,Blitz|Clash|ClassicConstructed|Draft|LivingLegend|Open|Sealed|SilverAge|UltimatePitFight,Decompose,False,False,True,True,False,P2,55,template_expandable
call_in_the_big_guns,call_in_the_big_guns_blue|call_in_the_big_guns_red|call_in_the_big_guns_yellow,Call in the Big Guns,Action,AzaleaSilverAgeDeck|HighSeas,Azalea|Lexi|Marlynn|Riptide,Blitz|Clash|ClassicConstructed|Draft|LivingLegend|Open|Sealed|SilverAge|UltimatePitFight,GoAgain,False,False,True,True,False,P2,55,template_expandable
call_to_the_grave,call_to_the_grave_blue,Call to the Grave,Action,ArmoryDeckGravyBones|Promos|Rosetta,Arakni|Aurora|Aurora2|Azalea|Benji|Betsy|Blaze|Bolfar|Boltyn|Bravo|Brevant|Briar|Broscilio|Brutus|Chane|Cindra|Crackni|Crix|Dash|DataDoll|Dorinthea|Dromai|Enigma|Fai|Fang|Florian|Frankie|Genis|GravyBones|Hala|Ira|Iyslander|Jarl|Kano|Kassai|Katsu|Kavdaen|Kayo|Kox|Levia|Lexi|Librarian|Lyath|Marlynn|Maxx|Melody|Nuu|Oldhim|Olympia|Oscilio|Pleiades|Prism|Puffin|RKO|Reya|Rhinar|Riptide|Ruudi|Scurv|Shiyana|Slippy|Squizzy|Starvo|Taipanis|Taylor|Teklovossen|Terra|Theryon|Tuffnut|Uzuri|Valda|Verdance|Victor|Viserai|Vynnset|Yoji|Yorick|Zen|Zyggy,Blitz|ClassicConstructed|Draft|LivingLegend|Open|Sealed|UltimatePitFight,GoAgain,False,False,True,True,False,P2,55,template_expandable
captains_call,captains_call_blue|captains_call_red|captains_call_yellow,Captain's Call,Action,Monarch,Arakni|Aurora|Aurora2|Azalea|Benji|Betsy|Blaze|Bolfar|Boltyn|Bravo|Brevant|Briar|Broscilio|Brutus|Chane|Cindra|Crackni|Crix|Dash|DataDoll|Dorinthea|Dromai|Emperor|Enigma|Fai|Fang|Florian|Frankie|Genis|GravyBones|Hala|Ira|Iyslander|Jarl|Kano|Kassai|Katsu|Kavdaen|Kayo|Kox|Levia|Lexi|Librarian|Lyath|Marlynn|Maxx|Melody|Nuu|Oldhim|Olympia|Oscilio|Pleiades|Prism|Puffin|RKO|Reya|Rhinar|Riptide|Ruudi|Scurv|Shiyana|Slippy|Squizzy|Starvo|Taipanis|Taylor|Teklovossen|Terra|Theryon|Tuffnut|Uzuri|Valda|Verdance|Victor|Viserai|Vynnset|Yoji|Yorick|Zen|Zyggy,Blitz|Clash|ClassicConstructed|Draft|LivingLegend|Open|Sealed|SilverAge|UltimatePitFight,GoAgain,False,False,True,True,False,P2,55,template_expandable
carrion_crown,carrion_crown,Carrion Crown,Equipment,CompendiumOfRathe,Frankie|GravyBones|Taylor,Blitz|Clash|ClassicConstructed|LivingLegend|Open|SilverAge|UltimatePitFight,BladeBreak|GoAgain,False,False,True,True,False,P2,55,template_expandable
cartilage_crush,cartilage_crush_blue|cartilage_crush_red|cartilage_crush_yellow,Cartilage Crush,Action,BravoHeroDeck|BravoSilverAgeDeck|HistoryPack1|MasteryPackGuardian|WelcomeToRathe,Betsy|Bolfar|Bravo|Brevant|Crix|Jarl|Kox|Lyath|Oldhim|Pleiades|Reya|Starvo|Terra|Valda|Victor|Yoji,Blitz|Clash|ClassicConstructed|Draft|LivingLegend|Open|Sealed|SilverAge|UltimatePitFight,Crush,False,False,True,True,False,P2,55,template_expandable
cash_in,cash_in_yellow,Cash In,Action,CrucibleOfWar|Promos,Arakni|Aurora|Aurora2|Azalea|Benji|Betsy|Blaze|Bolfar|Boltyn|Bravo|Brevant|Briar|Broscilio|Brutus|Chane|Cindra|Crackni|Crix|Dash|DataDoll|Dorinthea|Dromai|Enigma|Fai|Fang|Florian|Frankie|Genis|GravyBones|Hala|Ira|Iyslander|Jarl|Kano|Kassai|Katsu|Kavdaen|Kayo|Kox|Levia|Lexi|Librarian|Lyath|Marlynn|Maxx|Melody|Nuu|Oldhim|Olympia|Oscilio|Pleiades|Prism|Puffin|RKO|Reya|Rhinar|Riptide|Ruudi|Scurv|Shiyana|Slippy|Squizzy|Starvo|Taipanis|Taylor|Teklovossen|Terra|Theryon|Tuffnut|Uzuri|Valda|Verdance|Victor|Viserai|Vynnset|Yoji|Yorick|Zen|Zyggy,Blitz|LivingLegend|Open|UltimatePitFight,GoAgain,False,False,True,True,False,P2,55,template_expandable
cash_out,cash_out_blue,Cash Out,Action,Everfest,Arakni|Aurora|Aurora2|Azalea|Benji|Betsy|Blaze|Bolfar|Boltyn|Bravo|Brevant|Briar|Broscilio|Brutus|Chane|Cindra|Crackni|Crix|Dash|DataDoll|Dorinthea|Dromai|Enigma|Fai|Fang|Florian|Frankie|Genis|GravyBones|Hala|Ira|Iyslander|Jarl|Kano|Kassai|Katsu|Kavdaen|Kayo|Kox|Levia|Lexi|Librarian|Lyath|Marlynn|Maxx|Melody|Nuu|Oldhim|Olympia|Oscilio|Pleiades|Prism|Puffin|RKO|Reya|Rhinar|Riptide|Ruudi|Scurv|Shiyana|Slippy|Squizzy|Starvo|Taipanis|Taylor|Teklovossen|Terra|Theryon|Tuffnut|Uzuri|Valda|Verdance|Victor|Viserai|Vynnset|Yoji|Yorick|Zen|Zyggy,Blitz|ClassicConstructed|LivingLegend|Open|UltimatePitFight,GoAgain,False,False,True,True,False,P2,55,template_expandable
catch_of_the_day,catch_of_the_day_blue,Catch of the Day,Action,SuperSlam,Marlynn,Blitz|ClassicConstructed|LivingLegend|Open|UltimatePitFight,GoAgain,False,False,True,True,False,P2,55,template_expandable
celestial_cataclysm,celestial_cataclysm_yellow,Celestial Cataclysm,Action,ArmoryDeckLegendsPrism|Monarch,Boltyn|Librarian|Prism|Theryon,Blitz|ClassicConstructed|Draft|LivingLegend|Open|Sealed|UltimatePitFight,GoAgain,False,False,True,True,False,P2,55,template_expandable
celestial_kimono,celestial_kimono,Celestial Kimono,Equipment,Dynasty,Dromai|Enigma|Prism|Taylor|Zyggy,Blitz|ClassicConstructed|LivingLegend|Open|UltimatePitFight,Ward,False,False,True,True,False,P2,55,template_expandable
cerebellum_processor,cerebellum_processor_blue,Cerebellum Processor,Action,ArmoryDeckDash|Promos,Dash|DataDoll|Maxx|Puffin|Teklovossen,Blitz|ClassicConstructed|LivingLegend|Open|UltimatePitFight,Crank,False,False,True,True,False,P2,55,template_expandable
chain_of_brutality,chain_of_brutality_red,Chain of Brutality,Action,CompendiumOfRathe,RKO,Blitz|Clash|ClassicConstructed|LivingLegend|Open|SilverAge|UltimatePitFight,GoAgain,False,False,True,True,False,P2,55,template_expandable
chains_of_eminence,chains_of_eminence_red,Chains of Eminence,Action,ArcaneRising|Promos,Arakni|Aurora|Aurora2|Azalea|Benji|Betsy|Blaze|Bolfar|Boltyn|Bravo|Brevant|Briar|Broscilio|Brutus|Chane|Cindra|Crackni|Crix|Dash|DataDoll|Dorinthea|Dromai|Emperor|Enigma|Fai|Fang|Florian|Frankie|Genis|GravyBones|Hala|Ira|Iyslander|Jarl|Kano|Kassai|Katsu|Kavdaen|Kayo|Kox|Levia|Lexi|Librarian|Lyath|Marlynn|Maxx|Melody|Nuu|Oldhim|Olympia|Oscilio|Pleiades|Prism|Puffin|RKO|Reya|Rhinar|Riptide|Ruudi|Scurv|Shiyana|Slippy|Squizzy|Starvo|Taipanis|Taylor|Teklovossen|Terra|Theryon|Tuffnut|Uzuri|Valda|Verdance|Victor|Viserai|Vynnset|Yoji|Yorick|Zen|Zyggy,Blitz|ClassicConstructed|Draft|LivingLegend|Open|Sealed|UltimatePitFight,GoAgain,False,False,True,True,False,P2,55,template_expandable
channel_iceloch_glaze,channel_iceloch_glaze_blue,Channel Iceloch Glaze,Action,CompendiumOfRathe,Iyslander|Jarl|Lexi|Oldhim|Starvo,Blitz|ClassicConstructed|LivingLegend|Open|UltimatePitFight,Channel|Freeze|GoAgain,False,False,True,True,False,P2,55,template_expandable
channel_lake_frigid,channel_lake_frigid_blue,Channel Lake Frigid,Action,Promos|TalesOfAria,Iyslander|Jarl|Lexi|Oldhim|Starvo,Blitz|ClassicConstructed|Draft|LivingLegend|Open|Sealed|UltimatePitFight,Channel|GoAgain,False,False,True,True,False,P2,55,template_expandable
channel_lightning_valley,channel_lightning_valley_yellow,Channel Lightning Valley,Instant,Promos|Rosetta,Aurora|Aurora2|Briar|Broscilio|Lexi|Oscilio|Starvo|Zyggy,Blitz|ClassicConstructed|Draft|LivingLegend|Open|Sealed|UltimatePitFight,Channel,False,False,True,True,False,P2,55,template_expandable
channel_mount_heroic,channel_mount_heroic_red,Channel Mount Heroic,Action,Promos|TalesOfAria,Briar|Florian|Jarl|Oldhim|Starvo|Terra|Verdance,Blitz|ClassicConstructed|Draft|LivingLegend|Open|Sealed|UltimatePitFight,Channel|GoAgain,False,False,True,True,False,P2,55,template_expandable
channel_mount_isen,channel_mount_isen_blue,Channel Mount Isen,Action,ArmoryDeckOriginsJarl,Iyslander|Jarl|Lexi|Oldhim|Starvo,Blitz|ClassicConstructed|LivingLegend|Open|UltimatePitFight,Channel|GoAgain,False,False,True,True,False,P2,55,template_expandable
channel_the_bleak_expanse,channel_the_bleak_expanse_blue,Channel the Bleak Expanse,Action,Uprising,Iyslander|Jarl|Lexi|Oldhim|Starvo,Blitz|ClassicConstructed|Draft|LivingLegend|Open|Sealed|UltimatePitFight,Channel|GoAgain,False,False,True,True,False,P2,55,template_expandable
channel_the_millennium_tree,channel_the_millennium_tree_red,Channel the Millennium Tree,Action,Promos|Rosetta,Briar|Florian|Jarl|Oldhim|Starvo|Terra|Verdance,Blitz|ClassicConstructed|Draft|LivingLegend|Open|Sealed|UltimatePitFight,Amp|Channel|GoAgain,False,False,True,True,False,P2,55,template_expandable
channel_the_skybreaker,channel_the_skybreaker_yellow,Channel the Skybreaker,Action,CompendiumOfRathe,Briar|Florian|Jarl|Oldhim|Starvo|Terra|Verdance,Blitz|ClassicConstructed|LivingLegend|Open|UltimatePitFight,Channel|GoAgain,False,False,True,True,False,P2,55,template_expandable
channel_the_tranquil_domain,channel_the_tranquil_domain_yellow,Channel the Tranquil Domain,Action,SuperSlam,Briar|Florian|Jarl|Oldhim|Starvo|Terra|Verdance,Blitz|ClassicConstructed|LivingLegend|Open|UltimatePitFight,Channel|GoAgain,False,False,True,True,False,P2,55,template_expandable
channel_thunder_steppe,channel_thunder_steppe_yellow,Channel Thunder Steppe,Action,Promos|TalesOfAria,Aurora|Aurora2|Briar|Broscilio|Lexi|Oscilio|Starvo|Zyggy,Blitz|ClassicConstructed|Draft|LivingLegend|Open|Sealed|UltimatePitFight,Channel|GoAgain,False,False,True,True,False,P2,55,template_expandable
charge_of_the_light_brigade,charge_of_the_light_brigade_blue|charge_of_the_light_brigade_red|charge_of_the_light_brigade_yellow,Charge of the Light Brigade,Action,DuskTillDawn,Boltyn,Blitz|Clash|ClassicConstructed|LivingLegend|Open|SilverAge|UltimatePitFight,GoAgain,False,False,True,True,False,P2,55,template_expandable
chart_a_course,chart_a_course_blue|chart_a_course_red|chart_a_course_yellow,Chart a Course,Action,HighSeas,GravyBones|Marlynn|Puffin|Scurv,Blitz|Clash|ClassicConstructed|Draft|LivingLegend|Open|Sealed|SilverAge|UltimatePitFight,GoAgain,False,False,True,True,False,P2,55,template_expandable
chart_the_high_seas,chart_the_high_seas_blue,Chart the High Seas,Action,HighSeas|Promos,GravyBones,Blitz|Draft|LivingLegend|Open|Sealed|UltimatePitFight,GoAgain,False,False,True,True,False,P2,55,template_expandable
chase_the_tail,chase_the_tail_red,Chase the Tail,Action,PartTheMistveil,Benji|Cindra|Fai|Ira|Katsu|Zen,Blitz|ClassicConstructed|Draft|LivingLegend|Open|Sealed|UltimatePitFight,Combo,False,False,True,True,False,P2,55,template_expandable
cheating_scoundrel,cheating_scoundrel_red,Cheating Scoundrel,Action,CompendiumOfRathe,GravyBones|Marlynn|Puffin|Scurv,Blitz|ClassicConstructed|LivingLegend|Open|UltimatePitFight,GoAgain|Wager,False,False,True,True,False,P2,55,template_expandable
cheers,cheers_blue,Cheers!,Action,Promos|SuperSlam,Pleiades|Tuffnut,Blitz|Clash|ClassicConstructed|Draft|LivingLegend|Open|Sealed|SilverAge|UltimatePitFight,GoAgain|TheCrowdCheers,False,False,True,True,False,P2,55,template_expandable
chill_to_the_bone,chill_to_the_bone_blue|chill_to_the_bone_red|chill_to_the_bone_yellow,Chill to the Bone,Action,TalesOfAria,Iyslander|Jarl|Lexi|Oldhim|Starvo,Blitz|Clash|ClassicConstructed|Draft|LivingLegend|Open|Sealed|SilverAge|UltimatePitFight,GoAgain,False,False,True,True,False,P2,55,template_expandable
chokeslam,chokeslam_blue|chokeslam_red|chokeslam_yellow,Chokeslam,Action,BravoSilverAgeDeck|CrucibleOfWar|HistoryPack1|MasteryPackGuardian,Betsy|Bolfar|Bravo|Brevant|Crix|Jarl|Kox|Lyath|Oldhim|Pleiades|Reya|Starvo|Terra|Valda|Victor|Yoji,Blitz|Clash|ClassicConstructed|LivingLegend|Open|SilverAge|UltimatePitFight,Crush,False,False,True,True,False,P2,55,template_expandable
chorus_of_ironsong,chorus_of_ironsong_yellow,Chorus of Ironsong,AttackReaction,DuskTillDawn,Dorinthea|Shiyana,Blitz|Clash|ClassicConstructed|LivingLegend|Open|UltimatePitFight,Specialization|Unity,False,False,True,True,False,P2,55,template_expandable
chorus_of_rotwood,chorus_of_rotwood_red,Chorus of Rotwood,Action,CompendiumOfRathe,Briar|Florian,Blitz|Clash|ClassicConstructed|LivingLegend|Open|SilverAge|UltimatePitFight,Decompose,False,False,True,True,False,P2,55,template_expandable
chowder_hearty_cook,chowder_hearty_cook_yellow,"Chowder, Hearty Cook",Action,HighSeas|Promos,GravyBones,Blitz|Clash|ClassicConstructed|Draft|LivingLegend|Open|Sealed|SilverAge|UltimatePitFight,WateryGrave,False,False,True,True,False,P2,55,template_expandable
cindering_foresight,cindering_foresight_blue|cindering_foresight_red|cindering_foresight_yellow,Cindering Foresight,Action,CrucibleOfWar|HistoryPack1,Blaze|Broscilio|Emperor|Iyslander|Kano|Oscilio|Verdance,Blitz|Clash|ClassicConstructed|LivingLegend|Open|SilverAge|UltimatePitFight,Opt,False,False,True,True,False,P2,55,template_expandable
cinderskin_devotion,cinderskin_devotion_blue|cinderskin_devotion_red|cinderskin_devotion_yellow,Cinderskin Devotion,Action,FaiBlitzDeck|TheHunted|Uprising,Cindra|Fai,Blitz|Clash|ClassicConstructed|Draft|LivingLegend|Open|Sealed|SilverAge|UltimatePitFight,GoAgain,False,False,True,True,False,P2,55,template_expandable
civic_duty,civic_duty,Civic Duty,Equipment,Promos|RoundTheTable,Betsy|Bolfar|Bravo|Brevant|Crix|Jarl|Kox|Lyath|Oldhim|Pleiades|Reya|Starvo|Taylor|Terra|Valda|Victor|Yoji,Blitz|Clash|ClassicConstructed|LivingLegend|Open|SilverAge|UltimatePitFight,Temper,False,False,True,True,False,P2,55,template_expandable
civic_guide,civic_guide,Civic Guide,Equipment,Promos|RoundTheTable,Betsy|Bolfar|Bravo|Brevant|Crix|Jarl|Kox|Lyath|Oldhim|Pleiades|Reya|Starvo|Taylor|Terra|Valda|Victor|Yoji,Blitz|Clash|ClassicConstructed|LivingLegend|Open|SilverAge|UltimatePitFight,Temper,False,False,True,True,False,P2,55,template_expandable
civic_steps,civic_steps,Civic Steps,Equipment,Promos|RoundTheTable,Betsy|Bolfar|Bravo|Brevant|Crix|Jarl|Kox|Lyath|Oldhim|Pleiades|Reya|Starvo|Taylor|Terra|Valda|Victor|Yoji,Blitz|Clash|ClassicConstructed|LivingLegend|Open|SilverAge|UltimatePitFight,Temper,False,False,True,True,False,P2,55,template_expandable
clamp_press,clamp_press_blue,Clamp Press,Action,ArmoryDeckMaxx|GEM,Dash|DataDoll|Maxx|Puffin|Teklovossen,Blitz|ClassicConstructed|LivingLegend|Open|UltimatePitFight,Crank,False,False,True,True,False,P2,55,template_expandable
clap_em_in_irons,clap_em_in_irons_blue,Clap 'Em in Irons,Action,HighSeas,Arakni|Aurora|Aurora2|Azalea|Benji|Betsy|Blaze|Bolfar|Boltyn|Bravo|Brevant|Briar|Broscilio|Brutus|Chane|Cindra|Crackni|Crix|Dash|DataDoll|Dorinthea|Dromai|Enigma|Fai|Fang|Florian|Frankie|Genis|GravyBones|Hala|Ira|Iyslander|Jarl|Kano|Kassai|Katsu|Kavdaen|Kayo|Kox|Levia|Lexi|Librarian|Lyath|Marlynn|Maxx|Melody|Nuu|Oldhim|Olympia|Oscilio|Pleiades|Prism|Puffin|RKO|Reya|Rhinar|Riptide|Ruudi|Scurv|Shiyana|Slippy|Squizzy|Starvo|Taipanis|Taylor|Teklovossen|Terra|Theryon|Tuffnut|Uzuri|Valda|Verdance|Victor|Viserai|Vynnset|Yoji|Yorick|Zen|Zyggy,Blitz|Clash|ClassicConstructed|Draft|LivingLegend|Open|Sealed|SilverAge|UltimatePitFight,GoAgain,False,False,True,True,False,P2,55,template_expandable
clash_of_arms,clash_of_arms_yellow,Clash of Arms,Block,MasteryPackGuardian,Betsy|Bolfar|Bravo|Brevant|Brutus|Crix|Jarl|Kox|Lyath|Oldhim|Pleiades|Reya|Starvo|Terra|Valda|Victor|Yoji,Blitz|Clash|ClassicConstructed|LivingLegend|Open|SilverAge|UltimatePitFight,Clash,False,False,True,True,False,P2,55,template_expandable
clash_of_chests,clash_of_chests_yellow,Clash of Chests,Block,MasteryPackGuardian,Betsy|Bolfar|Bravo|Brevant|Brutus|Crix|Jarl|Kox|Lyath|Oldhim|Pleiades|Reya|Starvo|Terra|Valda|Victor|Yoji,Blitz|Clash|ClassicConstructed|LivingLegend|Open|SilverAge|UltimatePitFight,Clash,False,False,True,True,False,P2,55,template_expandable
clash_of_heads,clash_of_heads_yellow,Clash of Heads,Block,MasteryPackGuardian,Betsy|Bolfar|Bravo|Brevant|Brutus|Crix|Jarl|Kox|Lyath|Oldhim|Pleiades|Reya|Starvo|Terra|Valda|Victor|Yoji,Blitz|Clash|ClassicConstructed|LivingLegend|Open|SilverAge|UltimatePitFight,Clash,False,False,True,True,False,P2,55,template_expandable
clash_of_legs,clash_of_legs_yellow,Clash of Legs,Block,MasteryPackGuardian,Betsy|Bolfar|Bravo|Brevant|Brutus|Crix|Jarl|Kox|Lyath|Oldhim|Pleiades|Reya|Starvo|Terra|Valda|Victor|Yoji,Blitz|Clash|ClassicConstructed|LivingLegend|Open|SilverAge|UltimatePitFight,Clash,False,False,True,True,False,P2,55,template_expandable
clash_of_shields,clash_of_shields_yellow,Clash of Shields,Block,MasteryPackGuardian,Betsy|Bolfar|Bravo|Brevant|Brutus|Crix|Jarl|Kox|Lyath|Oldhim|Pleiades|Reya|Starvo|Terra|Valda|Victor|Yoji,Blitz|Clash|ClassicConstructed|LivingLegend|Open|SilverAge|UltimatePitFight,Clash,False,False,True,True,False,P2,55,template_expandable
clearing_bellow,clearing_bellow_blue,Clearing Bellow,Action,ArmoryDeckRhinar|ClassicBattlesRhinarDorinthea|Promos,Kayo|Levia|RKO|Rhinar|Tuffnut,Blitz|Clash|ClassicConstructed|LivingLegend|Open|SilverAge|UltimatePitFight,GoAgain|Intimidate,False,False,True,True,False,P2,55,template_expandable
clearwater_elixir,clearwater_elixir_red,Clearwater Elixir,Action,CompendiumOfRathe,Arakni|Aurora|Aurora2|Azalea|Benji|Betsy|Blaze|Bolfar|Boltyn|Bravo|Brevant|Briar|Broscilio|Brutus|Chane|Cindra|Crackni|Crix|Dash|DataDoll|Dorinthea|Dromai|Emperor|Enigma|Fai|Fang|Florian|Frankie|Genis|GravyBones|Hala|Ira|Iyslander|Jarl|Kano|Kassai|Katsu|Kavdaen|Kayo|Kox|Levia|Lexi|Librarian|Lyath|Marlynn|Maxx|Melody|Nuu|Oldhim|Olympia|Oscilio|Pleiades|Prism|Puffin|RKO|Reya|Rhinar|Riptide|Ruudi|Scurv|Shiyana|Slippy|Squizzy|Starvo|Taipanis|Taylor|Teklovossen|Terra|Theryon|Tuffnut|Uzuri|Valda|Verdance|Victor|Viserai|Vynnset|Yoji|Yorick|Zen|Zyggy,Blitz|Clash|ClassicConstructed|LivingLegend|Open|SilverAge|UltimatePitFight,GoAgain,False,False,True,True,False,P2,55,template_expandable
cleave,cleave_red,Cleave,Action,Dynasty,Boltyn|Dorinthea|Emperor|Fang|Hala|Kassai|Olympia,Blitz|ClassicConstructed|LivingLegend|Open|UltimatePitFight,GoAgain,False,False,True,True,False,P2,55,template_expandable
cloud_skiff,cloud_skiff_blue|cloud_skiff_red|cloud_skiff_yellow,Cloud Skiff,Action,GEM|HighSeas,Dash|DataDoll|Maxx|Puffin|Teklovossen,Blitz|Clash|ClassicConstructed|Draft|LivingLegend|Open|Sealed|SilverAge|UltimatePitFight,GoAgain,False,False,True,True,False,P2,55,template_expandable
coat_of_frost,coat_of_frost,Coat of Frost,Equipment,OldhimBlitzDeck|Promos|TalesOfAria,Iyslander|Jarl|Lexi|Oldhim|Starvo|Taylor,Blitz|Clash|ClassicConstructed|Draft|LivingLegend|Open|Sealed|SilverAge|UltimatePitFight,GoAgain,False,False,True,True,False,P2,55,template_expandable
codex_of_bloodrot,codex_of_bloodrot_yellow,Codex of Bloodrot,Action,Outsiders,Arakni|Azalea|Crackni|Lexi|Marlynn|Nuu|Riptide|Slippy|Uzuri,Blitz|ClassicConstructed|Draft|LivingLegend|Open|Sealed|UltimatePitFight,GoAgain,False,False,True,True,False,P2,55,template_expandable
codex_of_frailty,codex_of_frailty_yellow,Codex of Frailty,Action,HighSeas|Outsiders,Arakni|Azalea|Crackni|Lexi|Marlynn|Nuu|Riptide|Slippy|Uzuri,Blitz|ClassicConstructed|Draft|LivingLegend|Open|Sealed|UltimatePitFight,GoAgain,False,False,True,True,False,P2,55,template_expandable
codex_of_inertia,codex_of_inertia_yellow,Codex of Inertia,Action,Outsiders,Arakni|Azalea|Crackni|Lexi|Marlynn|Nuu|Riptide|Slippy|Uzuri,Blitz|ClassicConstructed|Draft|LivingLegend|Open|Sealed|UltimatePitFight,GoAgain,False,False,True,True,False,P2,55,template_expandable
cognition_field,cognition_field_blue|cognition_field_red|cognition_field_yellow,Cognition Field,Block,BrightLights,Dash|DataDoll|Maxx|Puffin|Teklovossen,Blitz|Clash|ClassicConstructed|Draft|LivingLegend|Open|Sealed|SilverAge|UltimatePitFight,Galvanize,False,False,True,True,False,P2,55,template_expandable
cogwerx_dovetail,cogwerx_dovetail_red,Cogwerx Dovetail,Action,HighSeas,Dash|DataDoll|Maxx|Puffin|Teklovossen,Blitz|ClassicConstructed|Draft|LivingLegend|Open|Sealed|UltimatePitFight,GoAgain,False,False,True,True,False,P2,55,template_expandable
cold_snap,cold_snap_blue|cold_snap_red|cold_snap_yellow,Cold Snap,Action,Uprising,Iyslander|Jarl|Lexi|Oldhim|Starvo,Blitz|Clash|ClassicConstructed|Draft|LivingLegend|Open|Sealed|SilverAge|UltimatePitFight,Freeze|GoAgain,False,False,True,True,False,P2,55,template_expandable
come_to_fight,come_to_fight_blue|come_to_fight_red|come_to_fight_yellow,Come to Fight,Action,ArcaneRising|HistoryPack1|Outsiders,Arakni|Aurora|Aurora2|Azalea|Benji|Betsy|Blaze|Bolfar|Boltyn|Bravo|Brevant|Briar|Broscilio|Brutus|Chane|Cindra|Crackni|Crix|Dash|DataDoll|Dorinthea|Dromai|Emperor|Enigma|Fai|Fang|Florian|Frankie|Genis|GravyBones|Hala|Ira|Iyslander|Jarl|Kano|Kassai|Katsu|Kavdaen|Kayo|Kox|Levia|Lexi|Librarian|Lyath|Marlynn|Maxx|Melody|Nuu|Oldhim|Olympia|Oscilio|Pleiades|Prism|Puffin|RKO|Reya|Rhinar|Riptide|Ruudi|Scurv|Shiyana|Slippy|Squizzy|Starvo|Taipanis|Taylor|Teklovossen|Terra|Theryon|Tuffnut|Uzuri|Valda|Verdance|Victor|Viserai|Vynnset|Yoji|Yorick|Zen|Zyggy,Blitz|Clash|ClassicConstructed|Draft|LivingLegend|Open|Sealed|SilverAge|UltimatePitFight,GoAgain,False,False,True,True,False,P2,55,template_expandable
comeback_kid,comeback_kid_blue|comeback_kid_red|comeback_kid_yellow,Comeback Kid,Action,Promos|SuperSlam,Pleiades|Tuffnut,Blitz|Clash|ClassicConstructed|Draft|LivingLegend|Open|Sealed|SilverAge|UltimatePitFight,TheCrowdCheers,False,False,True,True,False,P2,55,template_expandable
comet_storm__shock,comet_storm__shock_red,Comet Storm // Shock,Action|Instant,OscilioBlitzDeck|Promos|Rosetta,Broscilio|Oscilio,Blitz|Clash|ClassicConstructed|Draft|LivingLegend|Open|Sealed|SilverAge|UltimatePitFight,Meld,False,False,True,True,False,P2,55,template_expandable
commanding_performance,commanding_performance_red,Commanding Performance,Action,HeavyHitters,Boltyn|Dorinthea|Emperor|Fang|Hala|Kassai|Olympia,Blitz|ClassicConstructed|Draft|LivingLegend|Open|Sealed|UltimatePitFight,GoAgain,False,False,True,True,False,P2,55,template_expandable
companion_of_the_claw,companion_of_the_claw_blue|companion_of_the_claw_red|companion_of_the_claw_yellow,Companion of the Claw,Action,PartTheMistveil|ZenBlitzDeck,Zen,Blitz|Clash|ClassicConstructed|Draft|LivingLegend|Open|Sealed|SilverAge|UltimatePitFight,GoAgain,False,False,True,True,False,P2,55,template_expandable
concealed_nerve_gas,concealed_nerve_gas,Concealed Nerve Gas,Equipment,CompendiumOfRathe,Azalea|Lexi|Marlynn|Riptide|Taylor,Blitz|Clash|ClassicConstructed|LivingLegend|Open|SilverAge|UltimatePitFight,Cloaked,False,False,True,True,False,P2,55,template_expandable
concealed_object,concealed_object_blue,Concealed Object,Instant,SuperSlam,Lyath|RKO,Blitz|Clash|ClassicConstructed|Draft|LivingLegend|Open|Sealed|SilverAge|UltimatePitFight,TheCrowdBoos,False,False,True,True,False,P2,55,template_expandable
concealed_pathogen,concealed_pathogen,Concealed Pathogen,Equipment,CompendiumOfRathe,Azalea|Lexi|Marlynn|Riptide|Taylor,Blitz|Clash|ClassicConstructed|LivingLegend|Open|SilverAge|UltimatePitFight,Cloaked,False,False,True,True,False,P2,55,template_expandable
concealed_sedative,concealed_sedative,Concealed Sedative,Equipment,CompendiumOfRathe,Azalea|Lexi|Marlynn|Riptide|Taylor,Blitz|Clash|ClassicConstructed|LivingLegend|Open|SilverAge|UltimatePitFight,Cloaked,False,False,True,True,False,P2,55,template_expandable
concoct_disorder,concoct_disorder_blue|concoct_disorder_red|concoct_disorder_yellow,Concoct Disorder,Action,ArakniSilverAgeDeck|CompendiumOfRathe,Crackni|Slippy,Blitz|Clash|ClassicConstructed|LivingLegend|Open|SilverAge|UltimatePitFight,GoAgain,False,False,True,True,False,P2,55,template_expandable
condemn_to_slaughter,condemn_to_slaughter_blue|condemn_to_slaughter_red|condemn_to_slaughter_yellow,Condemn to Slaughter,Action,ArmoryDeckLegendsViserai|Rosetta|ViseraiSilverAgeDeck,Aurora|Aurora2|Briar|Chane|Florian|Viserai|Vynnset,Blitz|Clash|ClassicConstructed|Draft|LivingLegend|Open|Sealed|SilverAge|UltimatePitFight,GoAgain,False,False,True,True,False,P2,55,template_expandable
conqueror_of_the_high_seas,conqueror_of_the_high_seas_red,Conqueror of the High Seas,Action,HighSeas|Promos,GravyBones|Marlynn|Puffin|Scurv,Blitz|ClassicConstructed|Draft|LivingLegend|Open|Sealed|UltimatePitFight,GoAgain|HighTide,False,False,True,True,False,P2,55,template_expandable
consign_to_cosmos__shock,consign_to_cosmos__shock_yellow,Consign to Cosmos // Shock,Action|Instant,HighSeas,Broscilio|Oscilio,Blitz|ClassicConstructed|LivingLegend|Open|UltimatePitFight,Meld,False,False,True,True,False,P2,55,template_expandable
construct_bank_breaker,construct_bank_breaker_yellow,Construct Bank Breaker,Action,ArmoryDeckMaxx,Dash|DataDoll|Maxx|Puffin|Teklovossen,Blitz|ClassicConstructed|LivingLegend|Open|UltimatePitFight,GoAgain|Transform,False,False,True,True,False,P2,55,template_expandable
construct_nitro_mechanoid,construct_nitro_mechanoid_yellow,Construct Nitro Mechanoid,Action,Dynasty|GEM,Dash|DataDoll|Maxx|Puffin|Teklovossen,Blitz|ClassicConstructed|LivingLegend|Open|UltimatePitFight,GoAgain|Negate|Transform,False,False,True,True,False,P2,55,template_expandable
consuming_aftermath,consuming_aftermath_blue|consuming_aftermath_red|consuming_aftermath_yellow,Consuming Aftermath,Action,LeviaBlitzDeck|Monarch,Chane|Levia|Vynnset,Blitz|Clash|ClassicConstructed|Draft|LivingLegend|Open|Sealed|SilverAge|UltimatePitFight,Dominate,False,False,True,True,False,P2,55,template_expandable
convection_amplifier,convection_amplifier_red,Convection Amplifier,Action,ArcaneRising|ArmoryDeckDash|HistoryPack1,Dash|DataDoll|Maxx|Puffin|Teklovossen,Blitz|Clash|ClassicConstructed|Draft|LivingLegend|Open|Sealed|SilverAge|UltimatePitFight,Dominate|GoAgain,False,False,True,True,False,P2,55,template_expandable
convulsions_from_the_bellows_of_hell,convulsions_from_the_bellows_of_hell_blue|convulsions_from_the_bellows_of_hell_red|convulsions_from_the_bellows_of_hell_yellow,Convulsions from the Bellows of Hell,Action,Monarch,Levia,Blitz|Clash|ClassicConstructed|Draft|LivingLegend|Open|Sealed|SilverAge|UltimatePitFight,Dominate|GoAgain,False,False,True,True,False,P2,55,template_expandable
cosmic_suture,cosmic_suture_blue|cosmic_suture_red|cosmic_suture_yellow,Cosmic Suture,Instant,OmensOfTheThirdAge,Broscilio|Oscilio,Blitz|Clash|ClassicConstructed|Draft|LivingLegend|Open|Sealed|SilverAge|UltimatePitFight,Starfall,False,False,True,True,False,P2,55,template_expandable
cosmo_scroll_of_ancestral_tapestry,cosmo_scroll_of_ancestral_tapestry,"Cosmo, Scroll of Ancestral Tapestry",Weapon,EnigmaBlitzDeck|EnigmaSilverAgeDeck|PartTheMistveil|Promos,Dromai|Enigma|Prism|Zyggy,Blitz|Clash|Draft|LivingLegend|Open|Sealed|SilverAge|UltimatePitFight,GoAgain,False,False,True,True,False,P2,55,template_expandable
courageous_crossing,courageous_crossing_blue,Courageous Crossing,Action,CompendiumOfRathe,Azalea|Lexi|Marlynn|Riptide,Blitz|Clash|ClassicConstructed|LivingLegend|Open|SilverAge|UltimatePitFight,GoAgain,False,False,True,True,False,P2,55,template_expandable
cracker_jax,cracker_jax,Cracker Jax,Equipment,BravoDemoDeck|TalesOfAria,Arakni|Aurora|Aurora2|Azalea|Benji|Betsy|Blaze|Bolfar|Boltyn|Bravo|Brevant|Briar|Broscilio|Brutus|Chane|Cindra|Crackni|Crix|Dash|DataDoll|Dorinthea|Dromai|Emperor|Enigma|Fai|Fang|Florian|Frankie|Genis|GravyBones|Hala|Ira|Iyslander|Jarl|Kano|Kassai|Katsu|Kavdaen|Kayo|Kox|Levia|Lexi|Librarian|Lyath|Marlynn|Maxx|Melody|Nuu|Oldhim|Olympia|Oscilio|Pleiades|Prism|Puffin|RKO|Reya|Rhinar|Riptide|Ruudi|Scurv|Shiyana|Slippy|Squizzy|Starvo|Taipanis|Taylor|Teklovossen|Terra|Theryon|Tuffnut|Uzuri|Valda|Verdance|Victor|Viserai|Vynnset|Yoji|Yorick|Zen|Zyggy,Blitz|Clash|ClassicConstructed|Draft|LivingLegend|Open|Sealed|SilverAge|UltimatePitFight,GoAgain,False,False,True,True,False,P2,55,template_expandable
crackling,crackling_red|crackling_yellow,Crackling,Action,FirstStrikeAurora,Aurora|Briar|Florian,Blitz|Clash|ClassicConstructed|LivingLegend|Open|SilverAge|UltimatePitFight,Flow,False,False,True,True,False,P2,55,template_expandable
crane_dance,crane_dance_blue|crane_dance_red|crane_dance_yellow,Crane Dance,Action,CrucibleOfWar|HistoryPack1,Benji|Cindra|Fai|Ira|Katsu|Zen,Blitz|Clash|ClassicConstructed|LivingLegend|Open|SilverAge|UltimatePitFight,Combo,False,False,True,True,False,P2,55,template_expandable
cranial_crush,cranial_crush_blue,Cranial Crush,Action,RoundTheTable|WelcomeToRathe,Betsy|Bolfar|Bravo|Brevant|Crix|Jarl|Kox|Lyath|Oldhim|Pleiades|Reya|Starvo|Terra|Valda|Victor|Yoji,Blitz|ClassicConstructed|Draft|LivingLegend|Open|Sealed|UltimatePitFight,Crush,False,False,True,True,False,P2,55,template_expandable
craterhoof,craterhoof,Craterhoof,Equipment,MasteryPackGuardian,Betsy|Bolfar|Bravo|Brevant|Crix|Jarl|Kox|Lyath|Oldhim|Pleiades|Reya|Starvo|Taylor|Terra|Valda|Victor|Yoji,Blitz|Clash|ClassicConstructed|LivingLegend|Open|SilverAge|UltimatePitFight,Battleworn|Dominate|GoAgain,False,False,True,True,False,P2,55,template_expandable
creep,creep_red,Creep,Action,ArmoryDeckArakni,Arakni|Crackni|Nuu|Slippy|Uzuri,Blitz|Clash|ClassicConstructed|LivingLegend|Open|SilverAge|UltimatePitFight,GoAgain|Stealth,False,False,True,True,False,P2,55,template_expandable
crippling_crush,crippling_crush_red,Crippling Crush,Action,HistoryPack1|WelcomeToRathe,Bravo|Shiyana|Starvo,Blitz|Clash|ClassicConstructed|Draft|LivingLegend|Open|Sealed|UltimatePitFight,Crush|Specialization,False,False,True,True,False,P2,55,template_expandable
cross_the_line,cross_the_line_blue|cross_the_line_red|cross_the_line_yellow,Cross the Line,Action,BoltynBlitzDeck|Monarch,Boltyn,Blitz|Clash|ClassicConstructed|Draft|LivingLegend|Open|Sealed|SilverAge|UltimatePitFight,Charge,False,False,True,True,False,P2,55,template_expandable
crouching_tiger,crouching_tiger,Crouching Tiger,Action,Dynasty|FaiSilverAgeDeck|PartTheMistveil|RoundTheTable|ZenBlitzDeck,Benji|Cindra|Fai|Ira|Katsu|Shiyana|Yorick|Zen,Blitz|Clash|ClassicConstructed|Draft|LivingLegend|Open|Sealed|SilverAge|UltimatePitFight,Ephemeral|GoAgain,False,False,True,True,False,P2,55,template_expandable
crown_of_everbloom,crown_of_everbloom,Crown of Everbloom,Equipment,CompendiumOfRathe,Briar|Florian|Jarl|Oldhim|Starvo|Taylor|Terra|Verdance,Blitz|ClassicConstructed|LivingLegend|Open|UltimatePitFight,ArcaneBarrier,False,False,True,True,False,P2,55,template_expandable
cruel_ambition,cruel_ambition_red,Cruel Ambition,Action,GEM|SuperSlam,Lyath|RKO,Blitz|Clash|ClassicConstructed|Draft|LivingLegend|Open|Sealed|SilverAge|UltimatePitFight,GoAgain,False,False,True,True,False,P2,55,template_expandable
crumble_to_eternity,crumble_to_eternity_blue,Crumble to Eternity,Action,ArmoryDeckOriginsJarl,Jarl|Shiyana,Blitz|Clash|ClassicConstructed|LivingLegend|Open|UltimatePitFight,Dominate|Specialization,False,False,True,True,False,P2,55,template_expandable
crush_confidence,crush_confidence_blue|crush_confidence_red|crush_confidence_yellow,Crush Confidence,Action,HistoryPack1|MasteryPackGuardian|WelcomeToRathe,Betsy|Bolfar|Bravo|Brevant|Crix|Jarl|Kox|Lyath|Oldhim|Pleiades|Reya|Starvo|Terra|Valda|Victor|Yoji,Blitz|Clash|ClassicConstructed|Draft|LivingLegend|Open|Sealed|SilverAge|UltimatePitFight,Crush,False,False,True,True,False,P2,55,template_expandable
crush_the_weak,crush_the_weak_blue|crush_the_weak_red|crush_the_weak_yellow,Crush the Weak,Action,CrucibleOfWar|MasteryPackGuardian,Betsy|Bolfar|Bravo|Brevant|Crix|Jarl|Kox|Lyath|Oldhim|Pleiades|Reya|Starvo|Terra|Valda|Victor|Yoji,Blitz|Clash|ClassicConstructed|LivingLegend|Open|SilverAge|UltimatePitFight,Crush,False,False,True,True,False,P2,55,template_expandable
cut_deep,cut_deep_blue|cut_deep_red|cut_deep_yellow,Cut Deep,Action,TheHunted,Boltyn|Dorinthea|Emperor|Fang|Hala|Kassai|Olympia,Blitz|Clash|ClassicConstructed|Draft|LivingLegend|Open|Sealed|SilverAge|UltimatePitFight,GoAgain,False,False,True,True,False,P2,55,template_expandable
cut_n_carve,cut_n_carve_blue|cut_n_carve_red|cut_n_carve_yellow,Cut n' Carve,Action,CompendiumOfRathe,Boltyn|Dorinthea|Emperor|Fang|Hala|Kassai|Olympia,Blitz|Clash|ClassicConstructed|LivingLegend|Open|SilverAge|UltimatePitFight,Dominate|GoAgain|Sharpen,False,False,True,True,False,P2,55,template_expandable
cutting_couriers,cutting_couriers,Cutting Couriers,Equipment,DorintheaDemoDeck,Boltyn|Dorinthea|Emperor|Fang|Hala|Kassai|Olympia|Taylor,Blitz|Clash|ClassicConstructed|LivingLegend|Open|SilverAge|UltimatePitFight,GoAgain,False,False,True,True,False,P2,55,template_expandable
cutty_shark_quick_clip,cutty_shark_quick_clip_yellow,"Cutty Shark, Quick Clip",Action,HighSeas|Promos,GravyBones,Blitz|Clash|ClassicConstructed|Draft|LivingLegend|Open|Sealed|SilverAge|UltimatePitFight,GoAgain|WateryGrave,False,False,True,True,False,P2,55,template_expandable
cyclone_roundhouse,cyclone_roundhouse_yellow,Cyclone Roundhouse,Action,Outsiders,Benji|Cindra|Fai|Ira|Katsu|Zen,Blitz|ClassicConstructed|Draft|LivingLegend|Open|Sealed|UltimatePitFight,Combo,False,False,True,True,False,P2,55,template_expandable
dashing_flashfoot,dashing_flashfoot_yellow,Dashing Flashfoot,Action,OmensOfTheThirdAge,Aurora|Aurora2|Briar,Blitz|Clash|ClassicConstructed|Draft|LivingLegend|Open|Sealed|SilverAge|UltimatePitFight,Quickstrike,False,False,True,True,False,P2,55,template_expandable
data_link,data_link_blue|data_link_red|data_link_yellow,Data Link,Action,ArmoryDeckDash|ArmoryDeckMaxx|BrightLights,Dash|DataDoll|Maxx|Puffin|Teklovossen,Blitz|Clash|ClassicConstructed|Draft|LivingLegend|Open|Sealed|SilverAge|UltimatePitFight,Boost|Opt,False,False,True,True,False,P2,55,template_expandable
dauntless,dauntless_blue|dauntless_red|dauntless_yellow,Dauntless,Action,CrucibleOfWar,Boltyn|Dorinthea|Emperor|Fang|Hala|Kassai|Olympia,Blitz|Clash|ClassicConstructed|LivingLegend|Open|SilverAge|UltimatePitFight,GoAgain,False,False,True,True,False,P2,55,template_expandable
dazzling_crescendo,dazzling_crescendo_blue|dazzling_crescendo_red|dazzling_crescendo_yellow,Dazzling Crescendo,Action,LexiBlitzDeck|TalesOfAria,Lexi,Blitz|Clash|ClassicConstructed|Draft|LivingLegend|Open|Sealed|SilverAge|UltimatePitFight,Fusion|GoAgain,False,False,True,True,False,P2,55,template_expandable
dead_eye,dead_eye_yellow,Dead Eye,Action,Dynasty,Azalea|Lexi|Marlynn|Riptide,Blitz|ClassicConstructed|LivingLegend|Open|UltimatePitFight,GoAgain,False,False,True,True,False,P2,55,template_expandable
deadly_duo,deadly_duo_blue|deadly_duo_red|deadly_duo_yellow,Deadly Duo,Action,Outsiders,Benji|Cindra|Fai|Ira|Katsu|Zen,Blitz|Clash|ClassicConstructed|Draft|LivingLegend|Open|Sealed|SilverAge|UltimatePitFight,GoAgain,False,False,True,True,False,P2,55,template_expandable
deadwood_dirge,deadwood_dirge_blue|deadwood_dirge_red|deadwood_dirge_yellow,Deadwood Dirge,Action,ArmoryDeckLegendsViserai|FlorianBlitzDeck|Promos|Rosetta,Aurora|Aurora2|Briar|Chane|Florian|Viserai|Vynnset,Blitz|ClassicConstructed|Draft|LivingLegend|Open|Sealed|UltimatePitFight,GoAgain,False,False,True,True,False,P2,55,template_expandable
death_dealer,death_dealer,Death Dealer,Weapon,ArcaneRising|ArmoryDeckAzalea|AzaleaSilverAgeDeck|CrucibleOfWar|HistoryPack1|Promos,Azalea|Lexi|Marlynn|Riptide,Blitz|Clash|Draft|LivingLegend|Open|Sealed|SilverAge|UltimatePitFight,GoAgain,False,False,True,True,False,P2,55,template_expandable
deathmatch_arena,deathmatch_arena,Deathmatch Arena,Action,HeavyHitters,Arakni|Aurora|Aurora2|Azalea|Benji|Betsy|Blaze|Bolfar|Boltyn|Bravo|Brevant|Briar|Broscilio|Brutus|Chane|Cindra|Crackni|Crix|Dash|DataDoll|Dorinthea|Dromai|Enigma|Fai|Fang|Florian|Frankie|Genis|GravyBones|Hala|Ira|Iyslander|Jarl|Kano|Kassai|Katsu|Kavdaen|Kayo|Kox|Levia|Lexi|Librarian|Lyath|Marlynn|Maxx|Melody|Nuu|Oldhim|Olympia|Oscilio|Pleiades|Prism|Puffin|RKO|Reya|Rhinar|Riptide|Ruudi|Scurv|Shiyana|Slippy|Squizzy|Starvo|Taipanis|Taylor|Teklovossen|Terra|Theryon|Tuffnut|Uzuri|Valda|Verdance|Victor|Viserai|Vynnset|Yoji|Yorick|Zen|Zyggy,Blitz|ClassicConstructed|LivingLegend|Open|UltimatePitFight,GoAgain|Legendary,False,False,True,True,False,P2,55,template_expandable
debilitate,debilitate_blue|debilitate_red|debilitate_yellow,Debilitate,Action,BravoDemoDeck|BravoHeroDeck|BravoSilverAgeDeck|HistoryPack1|MasteryPackGuardian|WelcomeToRathe,Betsy|Bolfar|Bravo|Brevant|Crix|Jarl|Kox|Lyath|Oldhim|Pleiades|Reya|Starvo|Terra|Valda|Victor|Yoji,Blitz|Clash|ClassicConstructed|Draft|LivingLegend|Open|Sealed|SilverAge|UltimatePitFight,Crush,False,False,True,True,False,P2,55,template_expandable
deep,deep_blue,Deep Blue,Equipment,DromaiBlitzDeck|LexiBlitzDeck|TalesOfAria,Arakni|Aurora|Aurora2|Azalea|Benji|Betsy|Blaze|Bolfar|Boltyn|Bravo|Brevant|Briar|Broscilio|Brutus|Chane|Cindra|Crackni|Crix|Dash|DataDoll|Dorinthea|Dromai|Emperor|Enigma|Fai|Fang|Florian|Frankie|Genis|GravyBones|Hala|Ira|Iyslander|Jarl|Kano|Kassai|Katsu|Kavdaen|Kayo|Kox|Levia|Lexi|Librarian|Lyath|Marlynn|Maxx|Melody|Nuu|Oldhim|Olympia|Oscilio|Pleiades|Prism|Puffin|RKO|Reya|Rhinar|Riptide|Ruudi|Scurv|Shiyana|Slippy|Squizzy|Starvo|Taipanis|Taylor|Teklovossen|Terra|Theryon|Tuffnut|Uzuri|Valda|Verdance|Victor|Viserai|Vynnset|Yoji|Yorick|Zen|Zyggy,Blitz|Clash|ClassicConstructed|Draft|LivingLegend|Open|Sealed|SilverAge|UltimatePitFight,GoAgain,False,False,True,True,False,P2,55,template_expandable
demolition_crew,demolition_crew_blue|demolition_crew_red|demolition_crew_yellow,Demolition Crew,Action,UzuriBlitzDeck|WelcomeToRathe,Arakni|Aurora|Aurora2|Azalea|Benji|Betsy|Blaze|Bolfar|Boltyn|Bravo|Brevant|Briar|Broscilio|Brutus|Chane|Cindra|Crackni|Crix|Dash|DataDoll|Dorinthea|Dromai|Emperor|Enigma|Fai|Fang|Florian|Frankie|Genis|GravyBones|Hala|Ira|Iyslander|Jarl|Kano|Kassai|Katsu|Kavdaen|Kayo|Kox|Levia|Lexi|Librarian|Lyath|Marlynn|Maxx|Melody|Nuu|Oldhim|Olympia|Oscilio|Pleiades|Prism|Puffin|RKO|Reya|Rhinar|Riptide|Ruudi|Scurv|Shiyana|Slippy|Squizzy|Starvo|Taipanis|Taylor|Teklovossen|Terra|Theryon|Tuffnut|Uzuri|Valda|Verdance|Victor|Viserai|Vynnset|Yoji|Yorick|Zen|Zyggy,Blitz|Clash|ClassicConstructed|Draft|LivingLegend|Open|Sealed|SilverAge|UltimatePitFight,Dominate,False,False,True,True,False,P2,55,template_expandable
demonstrate_devotion,demonstrate_devotion_red,Demonstrate Devotion,Action,GEM|TheHunted,Cindra|Fai,Blitz|Clash|ClassicConstructed|Draft|LivingLegend|Open|Sealed|SilverAge|UltimatePitFight,GoAgain,False,False,True,True,False,P2,55,template_expandable
descendent_gustwave,descendent_gustwave_blue|descendent_gustwave_red|descendent_gustwave_yellow,Descendent Gustwave,Action,KatsuBlitzDeck|Outsiders,Benji|Cindra|Fai|Ira|Katsu|Zen,Blitz|Clash|ClassicConstructed|Draft|LivingLegend|Open|Sealed|SilverAge|UltimatePitFight,Combo|GoAgain,False,False,True,True,False,P2,55,template_expandable
destructive_aethertide,destructive_aethertide_blue,Destructive Aethertide,Action,Rosetta,Blaze|Broscilio|Iyslander|Kano|Oscilio|Verdance,Blitz|ClassicConstructed|Draft|LivingLegend|Open|Sealed|UltimatePitFight,Surge,False,False,True,True,False,P2,55,template_expandable
devotion_never_dies,devotion_never_dies_red,Devotion Never Dies,Action,TheHunted,Benji|Cindra|Fai|Ira|Katsu|Zen,Blitz|ClassicConstructed|Draft|LivingLegend|Open|Sealed|UltimatePitFight,GoAgain,False,False,True,True,False,P2,55,template_expandable
diadem_of_dreamstate,diadem_of_dreamstate,Diadem of Dreamstate,Equipment,DuskTillDawn|Promos,Dromai|Enigma|Prism|Taylor|Zyggy,Blitz|ClassicConstructed|LivingLegend|Open|UltimatePitFight,Ward,False,False,True,True,False,P2,55,template_expandable
dig_up_dinner,dig_up_dinner_blue,Dig Up Dinner,Action,DuskTillDawn,Kayo|Levia|RKO|Rhinar|Tuffnut,Blitz|ClassicConstructed|LivingLegend|Open|UltimatePitFight,GoAgain,False,False,True,True,False,P2,55,template_expandable
dimenxxional_crossroads,dimenxxional_crossroads_yellow,Dimenxxional Crossroads,Action,Monarch,Chane|Vynnset,Blitz|ClassicConstructed|Draft|LivingLegend|Open|Sealed|UltimatePitFight,GoAgain,False,False,True,True,False,P2,55,template_expandable
dimenxxional_gateway,dimenxxional_gateway_blue|dimenxxional_gateway_red|dimenxxional_gateway_yellow,Dimenxxional Gateway,Action,Monarch,Chane|Vynnset,Blitz|Clash|ClassicConstructed|Draft|LivingLegend|Open|Sealed|SilverAge|UltimatePitFight,GoAgain|Opt,False,False,True,True,False,P2,55,template_expandable
disable,disable_blue|disable_red|disable_yellow,Disable,Action,BravoHeroDeck|HistoryPack1|MasteryPackGuardian|WelcomeToRathe,Betsy|Bolfar|Bravo|Brevant|Crix|Jarl|Kox|Lyath|Oldhim|Pleiades|Reya|Starvo|Terra|Valda|Victor|Yoji,Blitz|Clash|ClassicConstructed|Draft|LivingLegend|Open|Sealed|SilverAge|UltimatePitFight,Crush,False,False,True,True,False,P2,55,template_expandable
dishonor,dishonor_blue,Dishonor,Action,Outsiders,Benji|Cindra|Fai|Ira|Katsu|Zen,Blitz|ClassicConstructed|Draft|LivingLegend|Open|Sealed|UltimatePitFight,Combo,False,False,True,True,False,P2,55,template_expandable
display_loyalty,display_loyalty_red,Display Loyalty,Action,CindraBlitzDeck|FaiSilverAgeDeck|GEM|TheHunted,Cindra|Fai,Blitz|Clash|ClassicConstructed|Draft|LivingLegend|Open|Sealed|SilverAge|UltimatePitFight,GoAgain,False,False,True,True,False,P2,55,template_expandable
dissolve_reality,dissolve_reality_yellow,Dissolve Reality,Action,HeavyHitters,Dromai|Enigma|Prism|Zyggy,Blitz|ClassicConstructed|LivingLegend|Open|UltimatePitFight,GoAgain,False,False,True,True,False,P2,55,template_expandable
dive_through_data,dive_through_data_blue|dive_through_data_red|dive_through_data_yellow,Dive Through Data,Action,ArmoryDeckDash|BrightLights,Dash|DataDoll|Maxx|Puffin|Teklovossen,Blitz|Clash|ClassicConstructed|Draft|LivingLegend|Open|Sealed|SilverAge|UltimatePitFight,Boost|Opt,False,False,True,True,False,P2,55,template_expandable
doomsaying,doomsaying_red,Doomsaying,Action,CompendiumOfRathe,Aurora|Aurora2|Briar|Chane|Florian|Viserai|Vynnset,Blitz|ClassicConstructed|LivingLegend|Open|UltimatePitFight,GoAgain,False,False,True,True,False,P2,55,template_expandable
double_down,double_down_red,Double Down,Action,HeavyHitters|Promos,Betsy|Bolfar|Boltyn|Bravo|Brevant|Crix|Dorinthea|Emperor|Fang|Hala|Jarl|Kassai|Kox|Lyath|Oldhim|Olympia|Pleiades|Reya|Starvo|Terra|Valda|Victor|Yoji,Blitz|ClassicConstructed|Draft|LivingLegend|Open|Sealed|UltimatePitFight,GoAgain|Overpower,False,False,True,True,False,P2,55,template_expandable
double_strike,double_strike_red,Double Strike,Action,Uprising,Benji|Cindra|Fai|Ira|Katsu|Zen,Blitz|ClassicConstructed|Draft|LivingLegend|Open|Sealed|UltimatePitFight,GoAgain,False,False,True,True,False,P2,55,template_expandable
double_trouble,double_trouble_blue|double_trouble_red|double_trouble_yellow,Double Trouble,Action,NuuBlitzDeck|PartTheMistveil,Arakni|Crackni|Nuu|Slippy|Uzuri,Blitz|Clash|ClassicConstructed|Draft|LivingLegend|Open|Sealed|SilverAge|UltimatePitFight,Stealth,False,False,True,True,False,P2,55,template_expandable
down_but_not_out,down_but_not_out_blue|down_but_not_out_red|down_but_not_out_yellow,Down But Not Out,Action,HeavyHitters|KayoBlitzDeck,Arakni|Aurora|Aurora2|Azalea|Benji|Betsy|Blaze|Bolfar|Boltyn|Bravo|Brevant|Briar|Broscilio|Brutus|Chane|Cindra|Crackni|Crix|Dash|DataDoll|Dorinthea|Dromai|Emperor|Enigma|Fai|Fang|Florian|Frankie|Genis|GravyBones|Hala|Ira|Iyslander|Jarl|Kano|Kassai|Katsu|Kavdaen|Kayo|Kox|Levia|Lexi|Librarian|Lyath|Marlynn|Maxx|Melody|Nuu|Oldhim|Olympia|Oscilio|Pleiades|Prism|Puffin|RKO|Reya|Rhinar|Riptide|Ruudi|Scurv|Shiyana|Slippy|Squizzy|Starvo|Taipanis|Taylor|Teklovossen|Terra|Theryon|Tuffnut|Uzuri|Valda|Verdance|Victor|Viserai|Vynnset|Yoji|Yorick|Zen|Zyggy,Blitz|Clash|ClassicConstructed|Draft|LivingLegend|Open|Sealed|SilverAge|UltimatePitFight,Overpower,False,False,True,True,False,P2,55,template_expandable
dramatic_pause,dramatic_pause_blue|dramatic_pause_red|dramatic_pause_yellow,Dramatic Pause,Instant,Promos|SuperSlam,Betsy|Bolfar|Bravo|Brevant|Crix|Jarl|Kox|Lyath|Oldhim|Pleiades|Reya|Starvo|Terra|Valda|Victor|Yoji,Blitz|Clash|ClassicConstructed|Draft|LivingLegend|Open|Sealed|SilverAge|UltimatePitFight,Suspense,False,False,True,True,False,P2,55,template_expandable
draw_a_crowd,draw_a_crowd_blue,Draw a Crowd,Action,MasteryPackGuardian|Promos,Betsy|Bolfar|Bravo|Brevant|Crix|Jarl|Kox|Lyath|Oldhim|Pleiades|Reya|Starvo|Terra|Valda|Victor|Yoji,Blitz|Clash|ClassicConstructed|LivingLegend|Open|SilverAge|UltimatePitFight,GoAgain,False,False,True,True,False,P2,55,template_expandable
draw_back_the_hammer,draw_back_the_hammer_red,Draw Back the Hammer,Action,HighSeas,Dash|DataDoll|Maxx|Puffin|Teklovossen,Blitz|Clash|ClassicConstructed|Draft|LivingLegend|Open|Sealed|SilverAge|UltimatePitFight,GoAgain,False,False,True,True,False,P2,55,template_expandable
draw_swords,draw_swords_blue|draw_swords_red|draw_swords_yellow,Draw Swords,Action,HeavyHitters|KassaiBlitzDeck,Boltyn|Dorinthea|Emperor|Fang|Hala|Kassai|Olympia,Blitz|Clash|ClassicConstructed|Draft|LivingLegend|Open|Sealed|SilverAge|UltimatePitFight,GoAgain,False,False,True,True,False,P2,55,template_expandable
drink_em_under_the_table,drink_em_under_the_table_red,Drink 'Em Under the Table,Action,Rosetta,Betsy|Shiyana,Blitz|Clash|ClassicConstructed|LivingLegend|Open|UltimatePitFight,Specialization|Wager,False,False,True,True,False,P2,55,template_expandable
driving_blade,driving_blade_blue|driving_blade_red|driving_blade_yellow,Driving Blade,Action,DorintheaHeroDeck|HistoryPack1|WelcomeToRathe,Boltyn|Dorinthea|Emperor|Fang|Hala|Kassai|Olympia,Blitz|Clash|ClassicConstructed|Draft|LivingLegend|Open|Sealed|SilverAge|UltimatePitFight,GoAgain,False,False,True,True,False,P2,55,template_expandable
drop_the_anchor,drop_the_anchor_red,Drop the Anchor,Action,AzaleaSilverAgeDeck|HighSeas,Azalea|Lexi|Marlynn|Riptide,Blitz|Clash|ClassicConstructed|Draft|LivingLegend|Open|Sealed|SilverAge|UltimatePitFight,GoAgain,False,False,True,True,False,P2,55,template_expandable
dual_threat,dual_threat_yellow,Dual Threat,Action,TheHunted,Arakni|Aurora|Aurora2|Azalea|Benji|Betsy|Blaze|Bolfar|Boltyn|Bravo|Brevant|Briar|Broscilio|Brutus|Chane|Cindra|Crackni|Crix|Dash|DataDoll|Dorinthea|Dromai|Enigma|Fai|Fang|Florian|Frankie|Genis|GravyBones|Hala|Ira|Iyslander|Jarl|Kano|Kassai|Katsu|Kavdaen|Kayo|Kox|Levia|Lexi|Librarian|Lyath|Marlynn|Maxx|Melody|Nuu|Oldhim|Olympia|Oscilio|Pleiades|Prism|Puffin|RKO|Reya|Rhinar|Riptide|Ruudi|Scurv|Shiyana|Slippy|Squizzy|Starvo|Taipanis|Taylor|Teklovossen|Terra|Theryon|Tuffnut|Uzuri|Valda|Verdance|Victor|Viserai|Vynnset|Yoji|Yorick|Zen|Zyggy,Blitz|ClassicConstructed|Draft|LivingLegend|Open|Sealed|UltimatePitFight,GoAgain,False,False,True,True,False,P2,55,template_expandable
dumpster_dive,dumpster_dive_blue|dumpster_dive_red|dumpster_dive_yellow,Dumpster Dive,Action,BrightLights,Dash|DataDoll|Maxx|Puffin|Teklovossen,Blitz|Clash|ClassicConstructed|Draft|LivingLegend|Open|Sealed|SilverAge|UltimatePitFight,Boost,False,False,True,True,False,P2,55,template_expandable
dunebreaker_cenipai,dunebreaker_cenipai_blue|dunebreaker_cenipai_red|dunebreaker_cenipai_yellow,Dunebreaker Cenipai,Action,DromaiBlitzDeck|Uprising,Dromai,Blitz|Clash|ClassicConstructed|Draft|LivingLegend|Open|Sealed|SilverAge|UltimatePitFight,GoAgain|Phantasm,False,False,True,True,False,P2,55,template_expandable
dusk_path_pilgrimage,dusk_path_pilgrimage_blue|dusk_path_pilgrimage_red|dusk_path_pilgrimage_yellow,Dusk Path Pilgrimage,Action,BoltynBlitzDeck|Monarch|Promos,Boltyn|Dorinthea|Emperor|Fang|Hala|Kassai|Olympia,Blitz|Clash|ClassicConstructed|Draft|LivingLegend|Open|Sealed|SilverAge|UltimatePitFight,GoAgain,False,False,True,True,False,P2,55,template_expandable
dust_runner_outlaw,dust_runner_outlaw_blue|dust_runner_outlaw_red|dust_runner_outlaw_yellow,Dust Runner Outlaw,Action,CindraBlitzDeck|FaiBlitzDeck|TheHunted|Uprising,Cindra|Fai,Blitz|Clash|ClassicConstructed|Draft|LivingLegend|Open|Sealed|SilverAge|UltimatePitFight,GoAgain,False,False,True,True,False,P2,55,template_expandable
duty_bound_blitz,duty_bound_blitz_blue|duty_bound_blitz_red|duty_bound_blitz_yellow,Duty Bound Blitz,Action,CompendiumOfRathe|GEM,Boltyn|Librarian|Prism|Theryon,Blitz|Clash|ClassicConstructed|LivingLegend|Open|SilverAge|UltimatePitFight,GoAgain,False,False,True,True,False,P2,55,template_expandable
dyadic_carapace,dyadic_carapace,Dyadic Carapace,Equipment,DuskTillDawn|Promos,Aurora|Aurora2|Briar|Chane|Florian|Taylor|Viserai|Vynnset,Blitz|ClassicConstructed|LivingLegend|Open|UltimatePitFight,ArcaneBarrier|Temper,False,False,True,True,False,P2,55,template_expandable
earthlore_surge,earthlore_surge_blue|earthlore_surge_red|earthlore_surge_yellow,Earthlore Surge,Action,BriarBlitzDeck|TalesOfAria,Briar|Florian|Jarl|Oldhim|Starvo|Terra|Verdance,Blitz|Clash|ClassicConstructed|Draft|LivingLegend|Open|Sealed|SilverAge|UltimatePitFight,GoAgain,False,False,True,True,False,P2,55,template_expandable
earths_embrace,earths_embrace_blue,Earth's Embrace,Action,Rosetta,Briar|Florian|Jarl|Oldhim|Starvo|Terra|Verdance,Blitz|ClassicConstructed|Draft|LivingLegend|Open|Sealed|UltimatePitFight,GoAgain,False,False,True,True,False,P2,55,template_expandable
edge_ahead,edge_ahead_blue|edge_ahead_red|edge_ahead_yellow,Edge Ahead,Action,HeavyHitters|OlympiaBlitzDeck,Boltyn|Dorinthea|Emperor|Fang|Hala|Kassai|Olympia,Blitz|Clash|ClassicConstructed|Draft|LivingLegend|Open|Sealed|SilverAge|UltimatePitFight,GoAgain|Wager,False,False,True,True,False,P2,55,template_expandable
edict_of_steel,edict_of_steel_blue|edict_of_steel_red|edict_of_steel_yellow,Edict of Steel,Action,ArmoryDeckOriginsHala,Boltyn|Dorinthea|Emperor|Fang|Hala|Kassai|Olympia,Blitz|Clash|ClassicConstructed|LivingLegend|Open|SilverAge|UltimatePitFight,GoAgain|Sharpen,False,False,True,True,False,P2,55,template_expandable
electrify,electrify_blue|electrify_red|electrify_yellow,Electrify,Action,LexiBlitzDeck|TalesOfAria,Aurora|Aurora2|Briar|Broscilio|Lexi|Oscilio|Starvo|Zyggy,Blitz|Clash|ClassicConstructed|Draft|LivingLegend|Open|Sealed|SilverAge|UltimatePitFight,GoAgain,False,False,True,True,False,P2,55,template_expandable
elemental_strike,elemental_strike_red,Elemental Strike,Action,CompendiumOfRathe|Promos,Aurora|Briar|Florian|Iyslander|Jarl|Lexi|Oldhim|Oscilio|Starvo|Terra|Verdance,Blitz|ClassicConstructed|LivingLegend|Open|UltimatePitFight,Dominate|GoAgain,False,False,True,True,False,P2,55,template_expandable
embalm,embalm_yellow,Embalm,Action,CompendiumOfRathe,Chane|Levia|Vynnset,Blitz|ClassicConstructed|LivingLegend|Open|UltimatePitFight,BloodDebt|GoAgain,False,False,True,True,False,P2,55,template_expandable
embolden,embolden_blue|embolden_red|embolden_yellow,Embolden,Action,MasteryPackGuardian|OldhimBlitzDeck|TalesOfAria,Betsy|Bolfar|Bravo|Brevant|Crix|Jarl|Kox|Lyath|Oldhim|Pleiades|Reya|Starvo|Terra|Valda|Victor|Yoji,Blitz|Clash|ClassicConstructed|Draft|LivingLegend|Open|Sealed|SilverAge|UltimatePitFight,GoAgain,False,False,True,True,False,P2,55,template_expandable
emboldened_blade,emboldened_blade_blue,Emboldened Blade,Action,BrightLights,Boltyn|Dorinthea|Fang|Hala|Kassai|Olympia,Blitz|ClassicConstructed|LivingLegend|Open|UltimatePitFight,GoAgain,False,False,True,True,False,P2,55,template_expandable
emerging_avalanche,emerging_avalanche_blue|emerging_avalanche_red|emerging_avalanche_yellow,Emerging Avalanche,Action,TalesOfAria,Jarl|Oldhim|Starvo|Terra,Blitz|Clash|ClassicConstructed|Draft|LivingLegend|Open|Sealed|SilverAge|UltimatePitFight,Fusion|GoAgain,False,False,True,True,False,P2,55,template_expandable
emerging_dominance,emerging_dominance_blue|emerging_dominance_red|emerging_dominance_yellow,Emerging Dominance,Action,CrucibleOfWar|HistoryPack1,Betsy|Bolfar|Bravo|Brevant|Crix|Jarl|Kox|Lyath|Oldhim|Pleiades|Reya|Starvo|Terra|Valda|Victor|Yoji,Blitz|Clash|ClassicConstructed|LivingLegend|Open|SilverAge|UltimatePitFight,Dominate,False,False,True,True,False,P2,55,template_expandable
emerging_power,emerging_power_blue|emerging_power_red|emerging_power_yellow,Emerging Power,Action,BravoHeroDeck|MasteryPackGuardian|WelcomeToRathe,Betsy|Bolfar|Bravo|Brevant|Crix|Jarl|Kox|Lyath|Oldhim|Pleiades|Reya|Starvo|Terra|Valda|Victor|Yoji,Blitz|Clash|ClassicConstructed|Draft|LivingLegend|Open|Sealed|SilverAge|UltimatePitFight,GoAgain,False,False,True,True,False,P2,55,template_expandable
emissary_of_wind,emissary_of_wind_red,Emissary of Wind,Action,PartTheMistveil|Promos,Arakni|Aurora|Aurora2|Azalea|Benji|Betsy|Blaze|Bolfar|Boltyn|Bravo|Brevant|Briar|Broscilio|Brutus|Chane|Cindra|Crackni|Crix|Dash|DataDoll|Dorinthea|Dromai|Emperor|Enigma|Fai|Fang|Florian|Frankie|Genis|GravyBones|Hala|Ira|Iyslander|Jarl|Kano|Kassai|Katsu|Kavdaen|Kayo|Kox|Levia|Lexi|Librarian|Lyath|Marlynn|Maxx|Melody|Nuu|Oldhim|Olympia|Oscilio|Pleiades|Prism|Puffin|RKO|Reya|Rhinar|Riptide|Ruudi|Scurv|Shiyana|Slippy|Squizzy|Starvo|Taipanis|Taylor|Teklovossen|Terra|Theryon|Tuffnut|Uzuri|Valda|Verdance|Victor|Viserai|Vynnset|Yoji|Yorick|Zen|Zyggy,Blitz|Clash|ClassicConstructed|Draft|LivingLegend|Open|Sealed|SilverAge|UltimatePitFight,GoAgain,False,False,True,True,False,P2,55,template_expandable
en_garde,en_garde_red,En Garde,Action,ClassicBattlesRhinarDorinthea|Promos,Boltyn|Dorinthea|Emperor|Fang|Hala|Kassai|Olympia,Blitz|Clash|ClassicConstructed|LivingLegend|Open|SilverAge|UltimatePitFight,GoAgain,False,False,True,True,False,P2,55,template_expandable
enact_vengeance,enact_vengeance_red,Enact Vengeance,Action,ArmoryDeckIra|GEM,Benji|Cindra|Fai|Ira|Katsu|Zen,Blitz|ClassicConstructed|LivingLegend|Open|UltimatePitFight,Combo,False,False,True,True,False,P2,55,template_expandable
enchanting_melody,enchanting_melody_blue|enchanting_melody_red|enchanting_melody_yellow,Enchanting Melody,Action,ArcaneRising|HistoryPack1,Arakni|Aurora|Aurora2|Azalea|Benji|Betsy|Blaze|Bolfar|Boltyn|Bravo|Brevant|Briar|Broscilio|Brutus|Chane|Cindra|Crackni|Crix|Dash|DataDoll|Dorinthea|Dromai|Emperor|Enigma|Fai|Fang|Florian|Frankie|Genis|GravyBones|Hala|Ira|Iyslander|Jarl|Kano|Kassai|Katsu|Kavdaen|Kayo|Kox|Levia|Lexi|Librarian|Lyath|Marlynn|Maxx|Melody|Nuu|Oldhim|Olympia|Oscilio|Pleiades|Prism|Puffin|RKO|Reya|Rhinar|Riptide|Ruudi|Scurv|Shiyana|Slippy|Squizzy|Starvo|Taipanis|Taylor|Teklovossen|Terra|Theryon|Tuffnut|Uzuri|Valda|Verdance|Victor|Viserai|Vynnset|Yoji|Yorick|Zen|Zyggy,Blitz|Clash|ClassicConstructed|Draft|LivingLegend|Open|Sealed|SilverAge|UltimatePitFight,GoAgain,False,False,True,True,False,P2,55,template_expandable
enclosed_firemind,enclosed_firemind,Enclosed Firemind,Equipment,BravoSilverAgeDeck|CompendiumOfRathe,Betsy|Bolfar|Bravo|Brevant|Crix|Jarl|Kox|Lyath|Oldhim|Pleiades|Reya|Starvo|Taylor|Terra|Valda|Victor|Yoji,Blitz|Clash|ClassicConstructed|LivingLegend|Open|SilverAge|UltimatePitFight,ArcaneBarrier,False,False,True,True,False,P2,55,template_expandable
encore,encore_yellow,Encore,Action,RoundTheTable,Melody|Yorick,Blitz|Clash|ClassicConstructed|LivingLegend|Open|SilverAge|UltimatePitFight,GoAgain,False,False,True,True,False,P2,55,template_expandable
endless_winter,endless_winter_red,Endless Winter,Action,TalesOfAria,Oldhim|Shiyana,Blitz|Clash|ClassicConstructed|Draft|LivingLegend|Open|Sealed|UltimatePitFight,Fusion|Specialization,False,False,True,True,False,P2,55,template_expandable
enflame_the_firebrand,enflame_the_firebrand_red,Enflame the Firebrand,Action,CompendiumOfRathe|FaiSilverAgeDeck,Cindra|Fai,Blitz|Clash|ClassicConstructed|LivingLegend|Open|SilverAge|UltimatePitFight,GoAgain,False,False,True,True,False,P2,55,template_expandable
engaged_swiftblade,engaged_swiftblade_blue|engaged_swiftblade_red|engaged_swiftblade_yellow,Engaged Swiftblade,Action,HeavyHitters|OlympiaBlitzDeck,Boltyn|Dorinthea|Emperor|Fang|Hala|Kassai|Olympia,Blitz|Clash|ClassicConstructed|Draft|LivingLegend|Open|Sealed|SilverAge|UltimatePitFight,GoAgain,False,False,True,True,False,P2,55,template_expandable
engulfing_flamewave,engulfing_flamewave_blue|engulfing_flamewave_red|engulfing_flamewave_yellow,Engulfing Flamewave,Action,Uprising,Cindra|Fai,Blitz|Clash|ClassicConstructed|Draft|LivingLegend|Open|Sealed|SilverAge|UltimatePitFight,GoAgain,False,False,True,True,False,P2,55,template_expandable
enigma_chimera,enigma_chimera_blue|enigma_chimera_red|enigma_chimera_yellow,Enigma Chimera,Action,DromaiBlitzDeck|EnigmaSilverAgeDeck|Monarch,Dromai|Enigma|Prism|Zyggy,Blitz|Clash|ClassicConstructed|Draft|LivingLegend|Open|Sealed|SilverAge|UltimatePitFight,Phantasm,False,False,True,True,False,P2,55,template_expandable
enlightened_strike,enlightened_strike_red,Enlightened Strike,Action,CompendiumOfRathe|HistoryPack1|Promos|WelcomeToRathe,Arakni|Aurora|Aurora2|Azalea|Benji|Betsy|Blaze|Bolfar|Boltyn|Bravo|Brevant|Briar|Broscilio|Brutus|Chane|Cindra|Crackni|Crix|Dash|DataDoll|Dorinthea|Dromai|Emperor|Enigma|Fai|Fang|Florian|Frankie|Genis|GravyBones|Hala|Ira|Iyslander|Jarl|Kano|Kassai|Katsu|Kavdaen|Kayo|Kox|Levia|Lexi|Librarian|Lyath|Marlynn|Maxx|Melody|Nuu|Oldhim|Olympia|Oscilio|Pleiades|Prism|Puffin|RKO|Reya|Rhinar|Riptide|Ruudi|Scurv|Shiyana|Slippy|Squizzy|Starvo|Taipanis|Taylor|Teklovossen|Terra|Theryon|Tuffnut|Uzuri|Valda|Verdance|Victor|Viserai|Vynnset|Yoji|Yorick|Zen|Zyggy,Blitz|ClassicConstructed|Draft|LivingLegend|Open|Sealed|UltimatePitFight,GoAgain,False,False,True,True,False,P2,55,template_expandable
entwine_ice,entwine_ice_blue|entwine_ice_red|entwine_ice_yellow,Entwine Ice,Action,TalesOfAria,Aurora|Briar|Florian|Iyslander|Jarl|Lexi|Oldhim|Oscilio|Starvo|Terra|Verdance,Blitz|Clash|ClassicConstructed|Draft|LivingLegend|Open|Sealed|SilverAge|UltimatePitFight,Dominate|Fusion,False,False,True,True,False,P2,55,template_expandable
entwine_lightning,entwine_lightning_blue|entwine_lightning_red|entwine_lightning_yellow,Entwine Lightning,Action,ArmoryDeckAurora|BriarBlitzDeck|LexiBlitzDeck|TalesOfAria,Aurora|Briar|Florian|Iyslander|Jarl|Lexi|Oldhim|Oscilio|Starvo|Terra|Verdance,Blitz|Clash|ClassicConstructed|Draft|LivingLegend|Open|Sealed|SilverAge|UltimatePitFight,Fusion|GoAgain,False,False,True,True,False,P2,55,template_expandable
envelop_in_darkness,envelop_in_darkness_blue|envelop_in_darkness_red|envelop_in_darkness_yellow,Envelop in Darkness,Action,DuskTillDawn,Chane|Vynnset,Blitz|Clash|ClassicConstructed|LivingLegend|Open|SilverAge|UltimatePitFight,GoAgain,False,False,True,True,False,P2,55,template_expandable
etchings_of_arcana,etchings_of_arcana_blue|etchings_of_arcana_red|etchings_of_arcana_yellow,Etchings of Arcana,Action,OscilioBlitzDeck|Rosetta,Blaze|Broscilio|Emperor|Iyslander|Kano|Oscilio|Verdance,Blitz|Clash|ClassicConstructed|Draft|LivingLegend|Open|Sealed|SilverAge|UltimatePitFight,Surge,False,False,True,True,False,P2,55,template_expandable
eternal_inferno,eternal_inferno_red,Eternal Inferno,Action,Rosetta,Blaze|Broscilio|Emperor|Iyslander|Kano|Oscilio|Verdance,Blitz|ClassicConstructed|Draft|LivingLegend|Open|Sealed|UltimatePitFight,Surge,False,False,True,True,False,P2,55,template_expandable
everbloom__life,everbloom__life_blue,Everbloom // Life,Action|Instant,HighSeas,Briar|Florian|Jarl|Oldhim|Starvo|Terra|Verdance,Blitz|ClassicConstructed|LivingLegend|Open|UltimatePitFight,GoAgain|Meld,False,False,True,True,False,P2,55,template_expandable
evo_charging_rods,evo_charging_rods_yellow,Evo Charging Rods,Action|Equipment,BrightLights,Dash|DataDoll|Maxx|Puffin|Taylor|Teklovossen,Blitz|Clash|ClassicConstructed|Draft|LivingLegend|Open|Sealed|SilverAge|UltimatePitFight,BladeBreak|Transform,False,False,True,True,False,P2,55,template_expandable
evo_command_center,evo_command_center_yellow,Evo Command Center,Action|Equipment,BrightLights|Promos,Dash|DataDoll|Maxx|Puffin|Taylor|Teklovossen,Blitz|Clash|ClassicConstructed|Draft|LivingLegend|Open|Sealed|SilverAge|UltimatePitFight,BladeBreak|Transform,False,False,True,True,False,P2,55,template_expandable
evo_data_mine,evo_data_mine_yellow,Evo Data Mine,Action|Equipment,BrightLights,Dash|DataDoll|Maxx|Puffin|Taylor|Teklovossen,Blitz|Clash|ClassicConstructed|Draft|LivingLegend|Open|Sealed|SilverAge|UltimatePitFight,BladeBreak|Transform,False,False,True,True,False,P2,55,template_expandable
evo_rapid_fire,evo_rapid_fire_blue,Evo Rapid Fire,Action|Equipment,BrightLights|RoundTheTable,Dash|DataDoll|Maxx|Puffin|Taylor|Teklovossen,Blitz|Clash|ClassicConstructed|Draft|LivingLegend|Open|Sealed|SilverAge|UltimatePitFight,Battleworn|GoAgain|Transform,False,False,True,True,False,P2,55,template_expandable
evo_smoothbore,evo_smoothbore_yellow,Evo Smoothbore,Action|Equipment,BrightLights,Dash|DataDoll|Maxx|Puffin|Taylor|Teklovossen,Blitz|Clash|ClassicConstructed|Draft|LivingLegend|Open|Sealed|SilverAge|UltimatePitFight,BladeBreak|Transform,False,False,True,True,False,P2,55,template_expandable
exploding_aether,exploding_aether_blue|exploding_aether_red|exploding_aether_yellow,Exploding Aether,Action,OscilioBlitzDeck|Rosetta,Blaze|Broscilio|Emperor|Iyslander|Kano|Oscilio|Verdance,Blitz|Clash|ClassicConstructed|Draft|LivingLegend|Open|Sealed|SilverAge|UltimatePitFight,Amp|GoAgain,False,False,True,True,False,P2,55,template_expandable
explosive_growth,explosive_growth_blue|explosive_growth_red|explosive_growth_yellow,Explosive Growth,Action,BriarBlitzDeck|TalesOfAria,Aurora|Briar|Florian,Blitz|Clash|ClassicConstructed|Draft|LivingLegend|Open|Sealed|SilverAge|UltimatePitFight,Fusion,False,False,True,True,False,P2,55,template_expandable
exposed,exposed_blue,Exposed,AttackReaction,TheHunted,Arakni|Aurora|Aurora2|Azalea|Benji|Betsy|Blaze|Bolfar|Boltyn|Bravo|Brevant|Briar|Broscilio|Brutus|Chane|Cindra|Crackni|Crix|Dash|DataDoll|Dorinthea|Dromai|Enigma|Fai|Fang|Florian|Frankie|Genis|GravyBones|Hala|Ira|Iyslander|Jarl|Kano|Kassai|Katsu|Kavdaen|Kayo|Kox|Levia|Lexi|Librarian|Lyath|Marlynn|Maxx|Melody|Nuu|Oldhim|Olympia|Oscilio|Pleiades|Prism|Puffin|RKO|Reya|Rhinar|Riptide|Ruudi|Scurv|Shiyana|Slippy|Squizzy|Starvo|Taipanis|Taylor|Teklovossen|Terra|Theryon|Tuffnut|Uzuri|Valda|Verdance|Victor|Viserai|Vynnset|Yoji|Yorick|Zen|Zyggy,Blitz|Clash|ClassicConstructed|Draft|LivingLegend|Open|Sealed|SilverAge|UltimatePitFight,Mark,False,False,True,True,False,P2,55,template_expandable
express_lightning,express_lightning_blue|express_lightning_red|express_lightning_yellow,Express Lightning,Action,ArmoryDeckBoltyn|BoltynBlitzDeck|Monarch,Boltyn,Blitz|Clash|ClassicConstructed|Draft|LivingLegend|Open|Sealed|SilverAge|UltimatePitFight,Charge,False,False,True,True,False,P2,55,template_expandable
falcon_wing,falcon_wing_blue|falcon_wing_red|falcon_wing_yellow,Falcon Wing,Action,AzaleaBlitzDeck|Outsiders|RiptideBlitzDeck,Azalea|Lexi|Marlynn|Riptide,Blitz|Clash|ClassicConstructed|Draft|LivingLegend|Open|Sealed|SilverAge|UltimatePitFight,GoAgain,False,False,True,True,False,P2,55,template_expandable
fang_strike,fang_strike,Fang Strike,AttackReaction,NuuBlitzDeck|PartTheMistveil|Promos,Nuu|Shiyana|Yorick,Blitz|Clash|ClassicConstructed|Draft|LivingLegend|Open|Sealed|SilverAge|UltimatePitFight,Ephemeral,False,False,True,True,False,P2,55,template_expandable
fasting_carcass,fasting_carcass_blue|fasting_carcass_red|fasting_carcass_yellow,Fasting Carcass,Action,CompendiumOfRathe,Chane|Levia|Vynnset,Blitz|Clash|ClassicConstructed|LivingLegend|Open|SilverAge|UltimatePitFight,BloodDebt|GoAgain,False,False,True,True,False,P2,55,template_expandable
fault_line,fault_line_red,Fault Line,Action,ArmoryDeckPleiades|BravoSilverAgeDeck|MasteryPackGuardian|Promos,Betsy|Bolfar|Bravo|Brevant|Crix|Jarl|Kox|Lyath|Oldhim|Pleiades|Reya|Starvo|Terra|Valda|Victor|Yoji,Blitz|Clash|ClassicConstructed|LivingLegend|Open|SilverAge|UltimatePitFight,Crush,False,False,True,True,False,P2,55,template_expandable
feign_vengeance,feign_vengeance_blue,Feign Vengeance,Action,CompendiumOfRathe|GEM,Benji|Cindra|Fai|Ira|Katsu|Zen,Blitz|Clash|ClassicConstructed|LivingLegend|Open|SilverAge|UltimatePitFight,GoAgain,False,False,True,True,False,P2,55,template_expandable
felling_of_the_crown,felling_of_the_crown_red,Felling of the Crown,Action,Promos|Rosetta|SuperSlam,Briar|Florian|Jarl|Oldhim|Starvo|Terra|Verdance,Blitz|ClassicConstructed|Draft|LivingLegend|Open|Sealed|UltimatePitFight,Decompose,False,False,True,True,False,P2,55,template_expandable
felling_swing,felling_swing_blue|felling_swing_red|felling_swing_yellow,Felling Swing,Action,Dynasty,Boltyn|Dorinthea|Emperor|Fang|Hala|Kassai|Olympia,Blitz|Clash|ClassicConstructed|LivingLegend|Open|SilverAge|UltimatePitFight,GoAgain,False,False,True,True,False,P2,55,template_expandable
fervent_forerunner,fervent_forerunner_blue|fervent_forerunner_red|fervent_forerunner_yellow,Fervent Forerunner,Action,ArcaneRising,Arakni|Aurora|Aurora2|Azalea|Benji|Betsy|Blaze|Bolfar|Boltyn|Bravo|Brevant|Briar|Broscilio|Brutus|Chane|Cindra|Crackni|Crix|Dash|DataDoll|Dorinthea|Dromai|Emperor|Enigma|Fai|Fang|Florian|Frankie|Genis|GravyBones|Hala|Ira|Iyslander|Jarl|Kano|Kassai|Katsu|Kavdaen|Kayo|Kox|Levia|Lexi|Librarian|Lyath|Marlynn|Maxx|Melody|Nuu|Oldhim|Olympia|Oscilio|Pleiades|Prism|Puffin|RKO|Reya|Rhinar|Riptide|Ruudi|Scurv|Shiyana|Slippy|Squizzy|Starvo|Taipanis|Taylor|Teklovossen|Terra|Theryon|Tuffnut|Uzuri|Valda|Verdance|Victor|Viserai|Vynnset|Yoji|Yorick|Zen|Zyggy,Blitz|Clash|ClassicConstructed|Draft|LivingLegend|Open|Sealed|SilverAge|UltimatePitFight,GoAgain|Opt,False,False,True,True,False,P2,55,template_expandable
figment_of_erudition,figment_of_erudition_yellow,Figment of Erudition,Instant,DuskTillDawn,Prism,Blitz|Clash|ClassicConstructed|LivingLegend|Open|UltimatePitFight,Legendary,False,False,True,True,False,P2,55,template_expandable
figment_of_protection,figment_of_protection_yellow,Figment of Protection,Instant,DuskTillDawn,Prism,Blitz|Clash|ClassicConstructed|LivingLegend|Open|UltimatePitFight,Legendary,False,False,True,True,False,P2,55,template_expandable
figment_of_ravages,figment_of_ravages_yellow,Figment of Ravages,Instant,DuskTillDawn,Prism,Blitz|Clash|ClassicConstructed|LivingLegend|Open|UltimatePitFight,Legendary,False,False,True,True,False,P2,55,template_expandable
figment_of_tenacity,figment_of_tenacity_yellow,Figment of Tenacity,Instant,DuskTillDawn,Prism,Blitz|Clash|ClassicConstructed|LivingLegend|Open|UltimatePitFight,Dominate|Legendary,False,False,True,True,False,P2,55,template_expandable
figment_of_war,figment_of_war_yellow,Figment of War,Instant,DuskTillDawn,Prism,Blitz|Clash|ClassicConstructed|LivingLegend|Open|UltimatePitFight,Legendary,False,False,True,True,False,P2,55,template_expandable
find_center,find_center_blue,Find Center,Action,CrucibleOfWar|HistoryPack1,Benji|Cindra|Fai|Ira|Katsu|Zen,Blitz|ClassicConstructed|LivingLegend|Open|UltimatePitFight,Combo,False,False,True,True,False,P2,55,template_expandable
fire_and_brimstone,fire_and_brimstone_red,Fire and Brimstone,AttackReaction,FangBlitzDeck|TheHunted,Emperor|Fang,Blitz|Clash|ClassicConstructed|Draft|LivingLegend|Open|Sealed|SilverAge|UltimatePitFight,Legendary,False,False,True,True,False,P2,55,template_expandable
fire_in_the_hole,fire_in_the_hole_red,Fire in the Hole,Action,HighSeas,Azalea|Lexi|Marlynn|Riptide,Blitz|Clash|ClassicConstructed|Draft|LivingLegend|Open|Sealed|SilverAge|UltimatePitFight,GoAgain,False,False,True,True,False,P2,55,template_expandable
fire_tenet_strike_first,fire_tenet_strike_first_blue|fire_tenet_strike_first_red|fire_tenet_strike_first_yellow,Fire Tenet: Strike First,Action,CindraBlitzDeck|FaiSilverAgeDeck|TheHunted,Benji|Cindra|Fai|Ira|Katsu|Zen,Blitz|Clash|ClassicConstructed|Draft|LivingLegend|Open|Sealed|SilverAge|UltimatePitFight,GoAgain,False,False,True,True,False,P2,55,template_expandable
fire_that_burns_within,fire_that_burns_within_red,Fire that Burns Within,Action,CompendiumOfRathe|FaiSilverAgeDeck|GEM,Cindra|Dromai|Emperor|Fai|Fang|Taipanis,Blitz|Clash|ClassicConstructed|LivingLegend|Open|SilverAge|UltimatePitFight,GoAgain,False,False,True,True,False,P2,55,template_expandable
first_tenet_of_chi_moon,first_tenet_of_chi_moon_blue,First Tenet of Chi: Moon,Action,EnigmaBlitzDeck|PartTheMistveil|Promos,Enigma|Nuu|Zen,Blitz|Clash|ClassicConstructed|Draft|LivingLegend|Open|Sealed|SilverAge|UltimatePitFight,GoAgain,False,False,True,True,False,P2,55,template_expandable
first_tenet_of_chi_tide,first_tenet_of_chi_tide_blue,First Tenet of Chi: Tide,Action,PartTheMistveil|Promos,Enigma|Nuu|Zen,Blitz|Clash|ClassicConstructed|Draft|LivingLegend|Open|Sealed|SilverAge|UltimatePitFight,GoAgain,False,False,True,True,False,P2,55,template_expandable
first_tenet_of_chi_wind,first_tenet_of_chi_wind_blue,First Tenet of Chi: Wind,Action,PartTheMistveil|Promos,Enigma|Nuu|Zen,Blitz|Clash|ClassicConstructed|Draft|LivingLegend|Open|Sealed|SilverAge|UltimatePitFight,GoAgain,False,False,True,True,False,P2,55,template_expandable
fish_fingers,fish_fingers,Fish Fingers,Equipment,HighSeas|Promos,GravyBones|Marlynn|Puffin|Scurv|Taylor,Blitz|Clash|ClassicConstructed|Draft|LivingLegend|Open|Sealed|SilverAge|UltimatePitFight,BladeBreak|GoAgain,False,False,True,True,False,P2,55,template_expandable
flake_out,flake_out_blue|flake_out_red|flake_out_yellow,Flake Out,Action,TalesOfAria,Lexi,Blitz|Clash|ClassicConstructed|Draft|LivingLegend|Open|Sealed|SilverAge|UltimatePitFight,Dominate|Fusion,False,False,True,True,False,P2,55,template_expandable
flameborn_retribution,flameborn_retribution_red,Flameborn Retribution,Action,FaiBlitzDeck|Uprising,Cindra|Dromai|Emperor|Fai|Fang|Taipanis,Blitz|Clash|ClassicConstructed|Draft|LivingLegend|Open|Sealed|SilverAge|UltimatePitFight,GoAgain,False,False,True,True,False,P2,55,template_expandable
flamecall_awakening,flamecall_awakening_red,Flamecall Awakening,Action,FaiBlitzDeck|FaiSilverAgeDeck|Uprising,Cindra|Dromai|Emperor|Fai|Fang|Taipanis,Blitz|Clash|ClassicConstructed|Draft|LivingLegend|Open|Sealed|SilverAge|UltimatePitFight,GoAgain,False,False,True,True,False,P2,55,template_expandable
flash,flash_blue|flash_red|flash_yellow,Flash,Action,OscilioBlitzDeck|Rosetta|TalesOfAria,Aurora|Aurora2|Briar|Broscilio|Lexi|Oscilio|Starvo|Zyggy,Blitz|Clash|ClassicConstructed|Draft|LivingLegend|Open|Sealed|SilverAge|UltimatePitFight,GoAgain,False,False,True,True,False,P2,55,template_expandable
flashfreeze,flashfreeze_red,Flashfreeze,Action,TalesOfAria,Aurora|Briar|Florian|Iyslander|Jarl|Lexi|Oldhim|Oscilio|Starvo|Terra|Verdance,Blitz|ClassicConstructed|Draft|LivingLegend|Open|Sealed|UltimatePitFight,Dominate|Fusion|GoAgain,False,False,True,True,False,P2,55,template_expandable
flat_trackers,flat_trackers,Flat Trackers,Equipment,HeavyHitters|KassaiBlitzDeck|KayoBlitzDeck|OlympiaBlitzDeck|RhinarBlitzDeck,Boltyn|Dorinthea|Emperor|Fang|Hala|Kassai|Kayo|Levia|Olympia|RKO|Rhinar|Taylor|Tuffnut,Blitz|Clash|ClassicConstructed|Draft|LivingLegend|Open|Sealed|SilverAge|UltimatePitFight,BladeBreak|GoAgain,False,False,True,True,False,P2,55,template_expandable
flatten_the_field,flatten_the_field_blue|flatten_the_field_red|flatten_the_field_yellow,Flatten the Field,Action,MasteryPackGuardian,Betsy|Bolfar|Bravo|Brevant|Crix|Jarl|Kox|Lyath|Oldhim|Pleiades|Reya|Starvo|Terra|Valda|Victor|Yoji,Blitz|Clash|ClassicConstructed|LivingLegend|Open|SilverAge|UltimatePitFight,Crush,False,False,True,True,False,P2,55,template_expandable
fleet_foot_sandals,fleet_foot_sandals,Fleet Foot Sandals,Equipment,BenjiBlitzDeck|Outsiders,Arakni|Aurora|Aurora2|Azalea|Benji|Betsy|Blaze|Bolfar|Boltyn|Bravo|Brevant|Briar|Broscilio|Brutus|Chane|Cindra|Crackni|Crix|Dash|DataDoll|Dorinthea|Dromai|Emperor|Enigma|Fai|Fang|Florian|Frankie|Genis|GravyBones|Hala|Ira|Iyslander|Jarl|Kano|Kassai|Katsu|Kavdaen|Kayo|Kox|Levia|Lexi|Librarian|Lyath|Marlynn|Maxx|Melody|Nuu|Oldhim|Olympia|Oscilio|Pleiades|Prism|Puffin|RKO|Reya|Rhinar|Riptide|Ruudi|Scurv|Shiyana|Slippy|Squizzy|Starvo|Taipanis|Taylor|Teklovossen|Terra|Theryon|Tuffnut|Uzuri|Valda|Verdance|Victor|Viserai|Vynnset|Yoji|Yorick|Zen|Zyggy,Blitz|Clash|ClassicConstructed|Draft|LivingLegend|Open|Sealed|SilverAge|UltimatePitFight,GoAgain,False,False,True,True,False,P2,55,template_expandable
fletch_a_blue_tail,fletch_a_blue_tail_blue,Fletch a Blue Tail,Action,Outsiders,Azalea|Lexi|Marlynn|Riptide,Blitz|Clash|ClassicConstructed|Draft|LivingLegend|Open|Sealed|SilverAge|UltimatePitFight,GoAgain,False,False,True,True,False,P2,55,template_expandable
fletch_a_red_tail,fletch_a_red_tail_red,Fletch a Red Tail,Action,AzaleaBlitzDeck|Outsiders,Azalea|Lexi|Marlynn|Riptide,Blitz|Clash|ClassicConstructed|Draft|LivingLegend|Open|Sealed|SilverAge|UltimatePitFight,GoAgain,False,False,True,True,False,P2,55,template_expandable
fletch_a_yellow_tail,fletch_a_yellow_tail_yellow,Fletch a Yellow Tail,Action,Outsiders,Azalea|Lexi|Marlynn|Riptide,Blitz|Clash|ClassicConstructed|Draft|LivingLegend|Open|Sealed|SilverAge|UltimatePitFight,GoAgain,False,False,True,True,False,P2,55,template_expandable
flex_claws,flex_claws_blue|flex_claws_red|flex_claws_yellow,Flex Claws,Action,Dynasty|PartTheMistveil|RoundTheTable|ZenBlitzDeck,Benji|Cindra|Fai|Ira|Katsu|Zen,Blitz|Clash|ClassicConstructed|Draft|LivingLegend|Open|Sealed|SilverAge|UltimatePitFight,GoAgain,False,False,True,True,False,P2,55,template_expandable
flex_speed,flex_speed_blue|flex_speed_red|flex_speed_yellow,Flex Speed,Action,SuperSlam,Kayo|Levia|RKO|Rhinar|Tuffnut,Blitz|Clash|ClassicConstructed|Draft|LivingLegend|Open|Sealed|SilverAge|UltimatePitFight,GoAgain,False,False,True,True,False,P2,55,template_expandable
flicker_wisp,flicker_wisp_yellow,Flicker Wisp,Action,TalesOfAria,Aurora|Briar|Florian,Blitz|ClassicConstructed|Draft|LivingLegend|Open|Sealed|UltimatePitFight,Fusion|GoAgain,False,False,True,True,False,P2,55,template_expandable
flight_path,flight_path,Flight Path,Equipment,ArmoryDeckAzalea,Azalea|Lexi|Marlynn|Riptide|Taylor,Blitz|ClassicConstructed|LivingLegend|Open|UltimatePitFight,Battleworn|GoAgain,False,False,True,True,False,P2,55,template_expandable
flood_of_force,flood_of_force_yellow,Flood of Force,Action,CrucibleOfWar|HistoryPack1,Benji|Cindra|Fai|Ira|Katsu|Zen,Blitz|ClassicConstructed|LivingLegend|Open|UltimatePitFight,Combo|GoAgain,False,False,True,True,False,P2,55,template_expandable
flourish,flourish_blue|flourish_yellow,Flourish,Action,FirstStrikeTerra,Briar|Florian|Jarl|Oldhim|Starvo|Terra|Verdance,Blitz|Clash|ClassicConstructed|LivingLegend|Open|SilverAge|UltimatePitFight,GoAgain,False,False,True,True,False,P2,55,template_expandable
fluid_motion,fluid_motion_blue,Fluid Motion,Action,CompendiumOfRathe|EnigmaSilverAgeDeck,Enigma|Nuu|Zen,Blitz|Clash|ClassicConstructed|LivingLegend|Open|SilverAge|UltimatePitFight,GoAgain,False,False,True,True,False,P2,55,template_expandable
flurry_stance,flurry_stance_red,Flurry Stance,Action,Promos|TheHunted,Boltyn|Dorinthea|Emperor|Fang|Hala|Kassai|Olympia,Blitz|Clash|ClassicConstructed|Draft|LivingLegend|Open|Sealed|SilverAge|UltimatePitFight,GoAgain,False,False,True,True,False,P2,55,template_expandable
fluster_fist,fluster_fist_blue|fluster_fist_red|fluster_fist_yellow,Fluster Fist,Action,KatsuBlitzDeck|KatsuHeroDeck|WelcomeToRathe,Benji|Cindra|Fai|Ira|Katsu|Zen,Blitz|Clash|ClassicConstructed|Draft|LivingLegend|Open|Sealed|SilverAge|UltimatePitFight,Combo,False,False,True,True,False,P2,55,template_expandable
flying_high,flying_high_blue|flying_high_red|flying_high_yellow,Flying High,Action,HighSeas|Promos,Arakni|Aurora|Aurora2|Azalea|Benji|Betsy|Blaze|Bolfar|Boltyn|Bravo|Brevant|Briar|Broscilio|Brutus|Chane|Cindra|Crackni|Crix|Dash|DataDoll|Dorinthea|Dromai|Emperor|Enigma|Fai|Fang|Florian|Frankie|Genis|GravyBones|Hala|Ira|Iyslander|Jarl|Kano|Kassai|Katsu|Kavdaen|Kayo|Kox|Levia|Lexi|Librarian|Lyath|Marlynn|Maxx|Melody|Nuu|Oldhim|Olympia|Oscilio|Pleiades|Prism|Puffin|RKO|Reya|Rhinar|Riptide|Ruudi|Scurv|Shiyana|Slippy|Squizzy|Starvo|Taipanis|Taylor|Teklovossen|Terra|Theryon|Tuffnut|Uzuri|Valda|Verdance|Victor|Viserai|Vynnset|Yoji|Yorick|Zen|Zyggy,Blitz|Clash|ClassicConstructed|Draft|LivingLegend|Open|Sealed|SilverAge|UltimatePitFight,GoAgain,False,False,True,True,False,P2,55,template_expandable
force_of_nature,force_of_nature_blue,Force of Nature,Action,TalesOfAria,Briar|Shiyana,Blitz|Clash|ClassicConstructed|Draft|LivingLegend|Open|Sealed|UltimatePitFight,Fusion|GoAgain|Specialization,False,False,True,True,False,P2,55,template_expandable
force_sight,force_sight_blue|force_sight_red|force_sight_yellow,Force Sight,Action,ArcaneRising,Arakni|Aurora|Aurora2|Azalea|Benji|Betsy|Blaze|Bolfar|Boltyn|Bravo|Brevant|Briar|Broscilio|Brutus|Chane|Cindra|Crackni|Crix|Dash|DataDoll|Dorinthea|Dromai|Emperor|Enigma|Fai|Fang|Florian|Frankie|Genis|GravyBones|Hala|Ira|Iyslander|Jarl|Kano|Kassai|Katsu|Kavdaen|Kayo|Kox|Levia|Lexi|Librarian|Lyath|Marlynn|Maxx|Melody|Nuu|Oldhim|Olympia|Oscilio|Pleiades|Prism|Puffin|RKO|Reya|Rhinar|Riptide|Ruudi|Scurv|Shiyana|Slippy|Squizzy|Starvo|Taipanis|Taylor|Teklovossen|Terra|Theryon|Tuffnut|Uzuri|Valda|Verdance|Victor|Viserai|Vynnset|Yoji|Yorick|Zen|Zyggy,Blitz|Clash|ClassicConstructed|Draft|LivingLegend|Open|Sealed|SilverAge|UltimatePitFight,GoAgain|Opt,False,False,True,True,False,P2,55,template_expandable
foreboding_bolt,foreboding_bolt_blue|foreboding_bolt_red|foreboding_bolt_yellow,Foreboding Bolt,Action,CrucibleOfWar,Blaze|Broscilio|Emperor|Iyslander|Kano|Oscilio|Verdance,Blitz|Clash|ClassicConstructed|LivingLegend|Open|SilverAge|UltimatePitFight,Opt,False,False,True,True,False,P2,55,template_expandable
forged_for_war,forged_for_war_yellow,Forged for War,Action,WelcomeToRathe,Betsy|Bolfar|Bravo|Brevant|Crix|Jarl|Kox|Lyath|Oldhim|Pleiades|Reya|Starvo|Terra|Valda|Victor|Yoji,Blitz|ClassicConstructed|Draft|LivingLegend|Open|Sealed|UltimatePitFight,GoAgain,False,False,True,True,False,P2,55,template_expandable
frail_swingline,frail_swingline_blue,Frail Swingline,Action,CompendiumOfRathe,Azalea|Lexi|Marlynn|Riptide,Blitz|Clash|ClassicConstructed|LivingLegend|Open|SilverAge|UltimatePitFight,GoAgain,False,False,True,True,False,P2,55,template_expandable
frontline_scout,frontline_scout_blue|frontline_scout_red|frontline_scout_yellow,Frontline Scout,Action,Monarch,Arakni|Aurora|Aurora2|Azalea|Benji|Betsy|Blaze|Bolfar|Boltyn|Bravo|Brevant|Briar|Broscilio|Brutus|Chane|Cindra|Crackni|Crix|Dash|DataDoll|Dorinthea|Dromai|Emperor|Enigma|Fai|Fang|Florian|Frankie|Genis|GravyBones|Hala|Ira|Iyslander|Jarl|Kano|Kassai|Katsu|Kavdaen|Kayo|Kox|Levia|Lexi|Librarian|Lyath|Marlynn|Maxx|Melody|Nuu|Oldhim|Olympia|Oscilio|Pleiades|Prism|Puffin|RKO|Reya|Rhinar|Riptide|Ruudi|Scurv|Shiyana|Slippy|Squizzy|Starvo|Taipanis|Taylor|Teklovossen|Terra|Theryon|Tuffnut|Uzuri|Valda|Verdance|Victor|Viserai|Vynnset|Yoji|Yorick|Zen|Zyggy,Blitz|Clash|ClassicConstructed|Draft|LivingLegend|Open|Sealed|SilverAge|UltimatePitFight,GoAgain,False,False,True,True,False,P2,55,template_expandable
frosthaven_sheath,frosthaven_sheath_red,Frosthaven Sheath,DefenseReaction,CompendiumOfRathe|Promos,Aurora|Briar|Florian|Iyslander|Jarl|Lexi|Oldhim|Oscilio|Starvo|Terra|Verdance,Blitz|Clash|ClassicConstructed|LivingLegend|Open|SilverAge|UltimatePitFight,Bond,False,False,True,True,False,P2,55,template_expandable
frozen_to_death,frozen_to_death_blue,Frozen to Death,Action,ArmoryDeckOriginsJarl,Jarl|Oldhim|Starvo,Blitz|ClassicConstructed|LivingLegend|Open|UltimatePitFight,Fusion,False,False,True,True,False,P2,55,template_expandable
fry,fry_blue|fry_red|fry_yellow,Fry,Action,FirstStrikeAurora|AuroraBlitzDeck|OscilioBlitzDeck|Promos|Rosetta,Aurora|Aurora2|Briar|Broscilio|Lexi|Oscilio|Starvo|Zyggy,Blitz|Clash|ClassicConstructed|Draft|LivingLegend|Open|Sealed|SilverAge|UltimatePitFight,GoAgain,False,False,True,True,False,P2,55,template_expandable
full_tilt,full_tilt_blue|full_tilt_red|full_tilt_yellow,Full Tilt,Action,BrightLights,Dash|DataDoll|Maxx|Puffin|Teklovossen,Blitz|Clash|ClassicConstructed|Draft|LivingLegend|Open|Sealed|SilverAge|UltimatePitFight,Boost,False,False,True,True,False,P2,55,template_expandable
fulminate,fulminate_yellow,Fulminate,Action,TalesOfAria,Aurora|Briar|Florian|Iyslander|Jarl|Lexi|Oldhim|Oscilio|Starvo|Terra|Verdance,Blitz|ClassicConstructed|Draft|LivingLegend|Open|Sealed|UltimatePitFight,Fusion|GoAgain,False,False,True,True,False,P2,55,template_expandable
funeral_moon,funeral_moon_red,Funeral Moon,Action,DuskTillDawn,Chane|Vynnset,Blitz|ClassicConstructed|LivingLegend|Open|UltimatePitFight,BloodDebt,False,False,True,True,False,P2,55,template_expandable
gallow_end_of_the_line,gallow_end_of_the_line_yellow,"Gallow, End of the Line",Action,SuperSlam,GravyBones,Blitz|ClassicConstructed|LivingLegend|Open|UltimatePitFight,WateryGrave,False,False,True,True,False,P2,55,template_expandable
garland_of_spring,garland_of_spring,Garland of Spring,Equipment,Promos|SuperSlam,Arakni|Aurora|Aurora2|Azalea|Benji|Betsy|Blaze|Bolfar|Boltyn|Bravo|Brevant|Briar|Broscilio|Brutus|Chane|Cindra|Crackni|Crix|Dash|DataDoll|Dorinthea|Dromai|Emperor|Enigma|Fai|Fang|Florian|Frankie|Genis|GravyBones|Hala|Ira|Iyslander|Jarl|Kano|Kassai|Katsu|Kavdaen|Kayo|Kox|Levia|Lexi|Librarian|Lyath|Marlynn|Maxx|Melody|Nuu|Oldhim|Olympia|Oscilio|Pleiades|Prism|Puffin|RKO|Reya|Rhinar|Riptide|Ruudi|Scurv|Shiyana|Slippy|Squizzy|Starvo|Taipanis|Taylor|Teklovossen|Terra|Theryon|Tuffnut|Uzuri|Valda|Verdance|Victor|Viserai|Vynnset|Yoji|Yorick|Zen|Zyggy,Blitz|Clash|ClassicConstructed|Draft|LivingLegend|Open|Sealed|SilverAge|UltimatePitFight,GoAgain,False,False,True,True,False,P2,55,template_expandable
gas_guzzler,gas_guzzler_blue|gas_guzzler_red|gas_guzzler_yellow,Gas Guzzler,Action,BrightLights,Dash|DataDoll|Maxx|Puffin|Teklovossen,Blitz|Clash|ClassicConstructed|Draft|LivingLegend|Open|Sealed|SilverAge|UltimatePitFight,Boost,False,False,True,True,False,P2,55,template_expandable
gas_up,gas_up_blue|gas_up_red|gas_up_yellow,Gas Up,Action,BrightLights|Promos,Dash|DataDoll|Maxx|Puffin|Teklovossen,Blitz|Clash|ClassicConstructed|Draft|LivingLegend|Open|Sealed|SilverAge|UltimatePitFight,GoAgain,False,False,True,True,False,P2,55,template_expandable
gauntlet_of_boulderhold,gauntlet_of_boulderhold,Gauntlet of Boulderhold,Equipment,MasteryPackGuardian,Betsy|Bolfar|Bravo|Brevant|Crix|Jarl|Kox|Lyath|Oldhim|Pleiades|Reya|Starvo|Taylor|Terra|Valda|Victor|Yoji,Blitz|Clash|ClassicConstructed|LivingLegend|Open|SilverAge|UltimatePitFight,Battleworn|GoAgain,False,False,True,True,False,P2,55,template_expandable
gauntlet_of_might,gauntlet_of_might,Gauntlet of Might,Equipment,BetsyBlitzDeck|HeavyHitters|KayoBlitzDeck|RhinarBlitzDeck|VictorBlitzDeck,Betsy|Bolfar|Bravo|Brevant|Crix|Jarl|Kayo|Kox|Levia|Lyath|Oldhim|Pleiades|RKO|Reya|Rhinar|Starvo|Taylor|Terra|Tuffnut|Valda|Victor|Yoji,Blitz|Clash|ClassicConstructed|Draft|LivingLegend|Open|Sealed|SilverAge|UltimatePitFight,BladeBreak|GoAgain,False,False,True,True,False,P2,55,template_expandable
gauntlets_of_unity,gauntlets_of_unity,Gauntlets of Unity,Equipment,CompendiumOfRathe|DorintheaSilverAgeDeck,Boltyn|Dorinthea|Emperor|Fang|Hala|Kassai|Olympia|Taylor,Blitz|Clash|ClassicConstructed|LivingLegend|Open|SilverAge|UltimatePitFight,Temper|Unity,False,False,True,True,False,P2,55,template_expandable
gaze_the_ages,gaze_the_ages_blue,Gaze the Ages,Action,CrucibleOfWar,Blaze|Broscilio|Iyslander|Kano|Oscilio|Verdance,Blitz|ClassicConstructed|LivingLegend|Open|UltimatePitFight,Opt,False,False,True,True,False,P2,55,template_expandable
gentle_breeze,gentle_breeze_red,Gentle Breeze,Action,CompendiumOfRathe,Benji|Cindra|Fai|Ira|Katsu|Zen,Blitz|ClassicConstructed|LivingLegend|Open|UltimatePitFight,GoAgain,False,False,True,True,False,P2,55,template_expandable
geyser_of_seismic_stirrings,geyser_of_seismic_stirrings_blue|geyser_of_seismic_stirrings_red|geyser_of_seismic_stirrings_yellow,Geyser of Seismic Stirrings,Action,MasteryPackGuardian,Betsy|Bolfar|Bravo|Brevant|Crix|Jarl|Kox|Lyath|Oldhim|Pleiades|Reya|Starvo|Terra|Valda|Victor|Yoji,Blitz|Clash|ClassicConstructed|LivingLegend|Open|SilverAge|UltimatePitFight,GoAgain,False,False,True,True,False,P2,55,template_expandable
gigawatt,gigawatt_blue|gigawatt_red|gigawatt_yellow,Gigawatt,Action,BrightLights,Dash|DataDoll|Maxx|Puffin|Teklovossen,Blitz|Clash|ClassicConstructed|Draft|LivingLegend|Open|Sealed|SilverAge|UltimatePitFight,GoAgain,False,False,True,True,False,P2,55,template_expandable
give_and_take,give_and_take_red,Give and Take,Action,ArmoryDeckIra|Outsiders,Arakni|Aurora|Aurora2|Azalea|Benji|Betsy|Blaze|Bolfar|Boltyn|Bravo|Brevant|Briar|Broscilio|Brutus|Chane|Cindra|Crackni|Crix|Dash|DataDoll|Dorinthea|Dromai|Emperor|Enigma|Fai|Fang|Florian|Frankie|Genis|GravyBones|Hala|Ira|Iyslander|Jarl|Kano|Kassai|Katsu|Kavdaen|Kayo|Kox|Levia|Lexi|Librarian|Lyath|Marlynn|Maxx|Melody|Nuu|Oldhim|Olympia|Oscilio|Pleiades|Prism|Puffin|RKO|Reya|Rhinar|Riptide|Ruudi|Scurv|Shiyana|Slippy|Squizzy|Starvo|Taipanis|Taylor|Teklovossen|Terra|Theryon|Tuffnut|Uzuri|Valda|Verdance|Victor|Viserai|Vynnset|Yoji|Yorick|Zen|Zyggy,Blitz|ClassicConstructed|Draft|LivingLegend|Open|Sealed|UltimatePitFight,GoAgain,False,False,True,True,False,P2,55,template_expandable
give_no_quarter,give_no_quarter_blue,Give No Quarter,Action,HighSeas,GravyBones,Blitz|ClassicConstructed|Draft|LivingLegend|Open|Sealed|UltimatePitFight,GoAgain,False,False,True,True,False,P2,55,template_expandable
glacial_footsteps,glacial_footsteps_blue|glacial_footsteps_red|glacial_footsteps_yellow,Glacial Footsteps,Action,OldhimBlitzDeck|TalesOfAria,Jarl|Oldhim|Starvo|Terra,Blitz|Clash|ClassicConstructed|Draft|LivingLegend|Open|Sealed|SilverAge|UltimatePitFight,Dominate|Fusion,False,False,True,True,False,P2,55,template_expandable
glint_the_quicksilver,glint_the_quicksilver_blue,Glint the Quicksilver,AttackReaction,HistoryPack1|WelcomeToRathe,Boltyn|Dorinthea|Fang|Hala|Kassai|Olympia,Blitz|ClassicConstructed|Draft|LivingLegend|Open|Sealed|UltimatePitFight,GoAgain|Reprise,False,False,True,True,False,P2,55,template_expandable
glistening_steelblade,glistening_steelblade_yellow,Glistening Steelblade,Action,ClassicBattlesRhinarDorinthea|GEM,Dorinthea|Shiyana,Blitz|Clash|ClassicConstructed|LivingLegend|Open|UltimatePitFight,GoAgain|Specialization,False,False,True,True,False,P2,55,template_expandable
gloves_of_azure_waves,gloves_of_azure_waves,Gloves of Azure Waves,Equipment,CompendiumOfRathe,GravyBones|Marlynn|Puffin|Scurv|Taylor,Blitz|ClassicConstructed|LivingLegend|Open|UltimatePitFight,ArcaneBarrier|BladeBreak|HighTide,False,False,True,True,False,P2,55,template_expandable
glyph_overlay,glyph_overlay_blue|glyph_overlay_red|glyph_overlay_yellow,Glyph Overlay,Action,OscilioBlitzDeck|Promos|Rosetta,Blaze|Broscilio|Emperor|Iyslander|Kano|Oscilio|Verdance,Blitz|Clash|ClassicConstructed|Draft|LivingLegend|Open|Sealed|SilverAge|UltimatePitFight,Surge,False,False,True,True,False,P2,55,template_expandable
goblet_of_bloodrun_wine,goblet_of_bloodrun_wine_blue,Goblet of Bloodrun Wine,Action,DorintheaSilverAgeDeck|HeavyHitters|KassaiBlitzDeck|Promos,Boltyn|Dorinthea|Fang|Hala|Kassai|Olympia,Blitz|Clash|ClassicConstructed|Draft|LivingLegend|Open|Sealed|SilverAge|UltimatePitFight,GoAgain,False,False,True,True,False,P2,55,template_expandable
gold_baited_hook,gold_baited_hook,Gold-Baited Hook,Equipment,HighSeas|Promos,GravyBones|Marlynn|Puffin|Scurv|Taylor,Blitz|ClassicConstructed|LivingLegend|Open|UltimatePitFight,Battleworn|GoAgain|Steal,False,False,True,True,False,P2,55,template_expandable
gold_the_tip,gold_the_tip_yellow,Gold the Tip,Action,HighSeas,Marlynn,Blitz|ClassicConstructed|Draft|LivingLegend|Open|Sealed|UltimatePitFight,GoAgain,False,False,True,True,False,P2,55,template_expandable
golden_glare,golden_glare,Golden Glare,Equipment,HeavyHitters|Promos|VictorBlitzDeck,Shiyana|Taylor|Victor,Blitz|Clash|ClassicConstructed|Draft|LivingLegend|Open|Sealed|SilverAge|UltimatePitFight,BladeBreak|Specialization,False,False,True,True,False,P2,55,template_expandable
golden_skywarden,golden_skywarden_yellow,Golden Skywarden,Action,HighSeas|Promos,Puffin,Blitz|ClassicConstructed|Draft|LivingLegend|Open|Sealed|UltimatePitFight,Galvanize,False,False,True,True,False,P2,55,template_expandable
golden_tipple,golden_tipple_blue|golden_tipple_red|golden_tipple_yellow,Golden Tipple,Action,HighSeas,GravyBones|Marlynn|Puffin|Scurv,Blitz|Clash|Draft|LivingLegend|Open|Sealed|SilverAge|UltimatePitFight,GoAgain,False,False,True,True,False,P2,55,template_expandable
goliath_gauntlet,goliath_gauntlet,Goliath Gauntlet,Equipment,ArmoryDeckRhinar|BravoHeroDeck|HistoryPack1|LeviaBlitzDeck|MasteryPackGuardian|OldhimBlitzDeck|Promos|WelcomeToRathe,Arakni|Aurora|Aurora2|Azalea|Benji|Betsy|Blaze|Bolfar|Boltyn|Bravo|Brevant|Briar|Broscilio|Brutus|Chane|Cindra|Crackni|Crix|Dash|DataDoll|Dorinthea|Dromai|Emperor|Enigma|Fai|Fang|Florian|Frankie|Genis|GravyBones|Hala|Ira|Iyslander|Jarl|Kano|Kassai|Katsu|Kavdaen|Kayo|Kox|Levia|Lexi|Librarian|Lyath|Marlynn|Maxx|Melody|Nuu|Oldhim|Olympia|Oscilio|Pleiades|Prism|Puffin|RKO|Reya|Rhinar|Riptide|Ruudi|Scurv|Shiyana|Slippy|Squizzy|Starvo|Taipanis|Taylor|Teklovossen|Terra|Theryon|Tuffnut|Uzuri|Valda|Verdance|Victor|Viserai|Vynnset|Yoji|Yorick|Zen|Zyggy,Blitz|ClassicConstructed|Draft|LivingLegend|Open|Sealed|UltimatePitFight,GoAgain,False,False,True,True,False,P2,55,template_expandable
good_natured_brutality,good_natured_brutality_yellow,Good Natured Brutality,Action,SuperSlam,Tuffnut,Blitz|ClassicConstructed|Draft|LivingLegend|Open|Sealed|UltimatePitFight,TheCrowdCheers,False,False,True,True,False,P2,55,template_expandable
grim_feast,grim_feast_blue|grim_feast_red|grim_feast_yellow,Grim Feast,Action,DuskTillDawn,Chane|Levia|Vynnset,Blitz|Clash|ClassicConstructed|LivingLegend|Open|SilverAge|UltimatePitFight,BloodDebt,False,False,True,True,False,P2,55,template_expandable
grimoire_of_the_haunt,grimoire_of_the_haunt,Grimoire of the Haunt,Equipment,DuskTillDawn,Chane|Taylor|Vynnset,Blitz|ClassicConstructed|LivingLegend|Open|UltimatePitFight,ArcaneBarrier|BloodDebt,False,False,True,True,False,P2,55,template_expandable
grind_them_down,grind_them_down_blue|grind_them_down_red|grind_them_down_yellow,Grind Them Down,Action,MasteryPackGuardian,Betsy|Bolfar|Bravo|Brevant|Crix|Jarl|Kox|Lyath|Oldhim|Pleiades|Reya|Starvo|Terra|Valda|Victor|Yoji,Blitz|Clash|ClassicConstructed|LivingLegend|Open|SilverAge|UltimatePitFight,Crush,False,False,True,True,False,P2,55,template_expandable
groundbreaker_crix,groundbreaker_crix,Groundbreaker Crix,Hero,Promos|SmashPalace,Brutus|Crix,Clash|Open|UltimatePitFight,Clash|Protect,False,False,True,True,False,P2,55,template_expandable
grow_claws,grow_claws_blue|grow_claws_red|grow_claws_yellow,Grow Claws,Action,CindraBlitzDeck|TheHunted,Benji|Cindra|Fai|Ira|Katsu|Zen,Blitz|Clash|ClassicConstructed|Draft|LivingLegend|Open|Sealed|SilverAge|UltimatePitFight,GoAgain,False,False,True,True,False,P2,55,template_expandable
growl,growl_red|growl_yellow,Growl,Action,RoundTheTable,Benji|Cindra|Fai|Ira|Katsu|Zen,Blitz|Clash|ClassicConstructed|LivingLegend|Open|SilverAge|UltimatePitFight,GoAgain,False,False,True,True,False,P2,55,template_expandable
gustwave_of_the_second_wind,gustwave_of_the_second_wind_red,Gustwave of the Second Wind,Action,Rosetta,Benji|Cindra|Fai|Ira|Katsu|Zen,Blitz|ClassicConstructed|LivingLegend|Open|UltimatePitFight,Combo|GoAgain,False,False,True,True,False,P2,55,template_expandable
haboob,haboob_red,Haboob,Action,CompendiumOfRathe,Dromai,Blitz|Clash|ClassicConstructed|LivingLegend|Open|SilverAge|UltimatePitFight,GoAgain,False,False,True,True,False,P2,55,template_expandable
hack_to_reality,hack_to_reality_yellow,Hack to Reality,Action,DuskTillDawn,Arakni|Aurora|Aurora2|Azalea|Benji|Betsy|Blaze|Bolfar|Boltyn|Bravo|Brevant|Briar|Broscilio|Brutus|Chane|Cindra|Crackni|Crix|Dash|DataDoll|Dorinthea|Dromai|Enigma|Fai|Fang|Florian|Frankie|Genis|GravyBones|Hala|Ira|Iyslander|Jarl|Kano|Kassai|Katsu|Kavdaen|Kayo|Kox|Levia|Lexi|Librarian|Lyath|Marlynn|Maxx|Melody|Nuu|Oldhim|Olympia|Oscilio|Pleiades|Prism|Puffin|RKO|Reya|Rhinar|Riptide|Ruudi|Scurv|Shiyana|Slippy|Squizzy|Starvo|Taipanis|Taylor|Teklovossen|Terra|Theryon|Tuffnut|Uzuri|Valda|Verdance|Victor|Viserai|Vynnset|Yoji|Yorick|Zen|Zyggy,Blitz|ClassicConstructed|LivingLegend|Open|UltimatePitFight,GoAgain,False,False,True,True,False,P2,55,template_expandable
hand_of_vengeance,hand_of_vengeance,Hand of Vengeance,Equipment,TheHunted,Cindra|Dromai|Emperor|Fai|Fang|Taipanis|Taylor,Blitz|Clash|ClassicConstructed|Draft|LivingLegend|Open|Sealed|SilverAge|UltimatePitFight,BladeBreak,False,False,True,True,False,P2,55,template_expandable
harmony_of_the_hunt,harmony_of_the_hunt_blue|harmony_of_the_hunt_red|harmony_of_the_hunt_yellow,Harmony of the Hunt,Action,PartTheMistveil|ZenBlitzDeck,Zen,Blitz|Clash|ClassicConstructed|Draft|LivingLegend|Open|Sealed|SilverAge|UltimatePitFight,GoAgain,False,False,True,True,False,P2,55,template_expandable
harness_lightning,harness_lightning_red|harness_lightning_yellow,Harness Lightning,Action,FirstStrikeAurora,Aurora|Briar|Florian,Blitz|Clash|ClassicConstructed|LivingLegend|Open|SilverAge|UltimatePitFight,Flow,False,False,True,True,False,P2,55,template_expandable
harvest_season,harvest_season_blue|harvest_season_red|harvest_season_yellow,Harvest Season,Action,Promos|Rosetta|VerdanceBlitzDeck,Briar|Florian|Jarl|Oldhim|Starvo|Terra|Verdance,Blitz|Clash|ClassicConstructed|Draft|LivingLegend|Open|Sealed|SilverAge|UltimatePitFight,GoAgain,False,False,True,True,False,P2,55,template_expandable
haunting_specter,haunting_specter_blue|haunting_specter_red|haunting_specter_yellow,Haunting Specter,Action,PartTheMistveil,Dromai|Enigma|Prism|Zyggy,Blitz|Clash|ClassicConstructed|Draft|LivingLegend|Open|Sealed|SilverAge|UltimatePitFight,Ward,False,False,True,True,False,P2,55,template_expandable
haze_bending,haze_bending_blue,Haze Bending,Action,ArmoryDeckLegendsPrism|Everfest|Promos,Dromai|Enigma|Prism|Zyggy,Blitz|Clash|ClassicConstructed|LivingLegend|Open|SilverAge|UltimatePitFight,Spectra,False,False,True,True,False,P2,55,template_expandable
head_jab,head_jab_blue|head_jab_red|head_jab_yellow,Head Jab,Action,BenjiBlitzDeck|KatsuBlitzDeck|KatsuHeroDeck|Outsiders|Promos|WelcomeToRathe,Benji|Cindra|Fai|Ira|Katsu|Zen,Blitz|Clash|ClassicConstructed|Draft|LivingLegend|Open|Sealed|SilverAge|UltimatePitFight,GoAgain,False,False,True,True,False,P2,55,template_expandable
head_leads_the_tail,head_leads_the_tail_red,Head Leads the Tail,Action,Outsiders,Benji|Cindra|Fai|Ira|Katsu|Zen,Blitz|ClassicConstructed|Draft|LivingLegend|Open|Sealed|UltimatePitFight,GoAgain,False,False,True,True,False,P2,55,template_expandable
heart_wrencher,heart_wrencher_blue|heart_wrencher_red|heart_wrencher_yellow,Heart Wrencher,Action,CompendiumOfRathe,Dash|DataDoll|Maxx|Puffin|Teklovossen,Blitz|Clash|ClassicConstructed|LivingLegend|Open|SilverAge|UltimatePitFight,Boost,False,False,True,True,False,P2,55,template_expandable
heartbeat_of_candlehold,heartbeat_of_candlehold_blue,Heartbeat of Candlehold,Action,Promos|Rosetta,Shiyana|Verdance,Blitz|Clash|ClassicConstructed|Draft|LivingLegend|Open|Sealed|UltimatePitFight,GoAgain|Specialization,False,False,True,True,False,P2,55,template_expandable
heave_ho,heave_ho_blue,Heave Ho!,Action,GEM|HighSeas,GravyBones,Blitz|Clash|ClassicConstructed|Draft|LivingLegend|Open|Sealed|SilverAge|UltimatePitFight,GoAgain|Overpower,False,False,True,True,False,P2,55,template_expandable
heavy_industry_power_plant,heavy_industry_power_plant,Heavy Industry Power Plant,Equipment,ArmoryDeckDash|Promos,Dash|DataDoll|Maxx|Puffin|Taylor|Teklovossen,Blitz|ClassicConstructed|LivingLegend|Open|UltimatePitFight,GoAgain|Temper,False,False,True,True,False,P2,55,template_expandable
heavy_industry_ram_stop,heavy_industry_ram_stop,Heavy Industry Ram Stop,Equipment,ArmoryDeckDash|Promos,Dash|DataDoll|Maxx|Puffin|Taylor|Teklovossen,Blitz|ClassicConstructed|LivingLegend|Open|UltimatePitFight,Temper,False,False,True,True,False,P2,55,template_expandable
heavy_industry_surveillance,heavy_industry_surveillance,Heavy Industry Surveillance,Equipment,ArmoryDeckDash,Dash|DataDoll|Maxx|Puffin|Taylor|Teklovossen,Blitz|ClassicConstructed|LivingLegend|Open|UltimatePitFight,Temper,False,False,True,True,False,P2,55,template_expandable
helm_of_lignum_vitae,helm_of_lignum_vitae,Helm of Lignum Vitae,Equipment,FlorianBlitzDeck|Promos|Rosetta|VerdanceBlitzDeck,Briar|Florian|Jarl|Oldhim|Starvo|Taylor|Terra|Verdance,Blitz|Clash|ClassicConstructed|Draft|LivingLegend|Open|Sealed|SilverAge|UltimatePitFight,BladeBreak,False,False,True,True,False,P2,55,template_expandable
helm_of_might_and_magic,helm_of_might_and_magic,Helm of Might and Magic,Equipment,CompendiumOfRathe,Aurora|Aurora2|Briar|Chane|Florian|Taylor|Viserai|Vynnset,Blitz|Clash|ClassicConstructed|LivingLegend|Open|SilverAge|UltimatePitFight,BladeBreak|Spellvoid,False,False,True,True,False,P2,55,template_expandable
helm_of_the_arknight,helm_of_the_arknight,Helm of the Arknight,Equipment,ArmoryDeckLegendsViserai|GEM,Aurora|Aurora2|Briar|Chane|Florian|Taylor|Viserai|Vynnset,Blitz|ClassicConstructed|LivingLegend|Open|UltimatePitFight,Temper,False,False,True,True,False,P2,55,template_expandable
helm_of_unity,helm_of_unity,Helm of Unity,Equipment,CompendiumOfRathe|DorintheaSilverAgeDeck,Boltyn|Dorinthea|Emperor|Fang|Hala|Kassai|Olympia|Taylor,Blitz|Clash|ClassicConstructed|LivingLegend|Open|SilverAge|UltimatePitFight,Temper|Unity,False,False,True,True,False,P2,55,template_expandable
herald_of_erudition,herald_of_erudition_yellow,Herald of Erudition,Action,ArmoryDeckLegendsPrism|Monarch,Prism,Blitz|ClassicConstructed|Draft|LivingLegend|Open|Sealed|UltimatePitFight,Dominate|Phantasm,False,False,True,True,False,P2,55,template_expandable
herald_of_protection,herald_of_protection_blue|herald_of_protection_red|herald_of_protection_yellow,Herald of Protection,Action,ArmoryDeckLegendsPrism|DuskTillDawn|Monarch|PrismBlitzDeck|Promos,Prism,Blitz|Clash|ClassicConstructed|Draft|LivingLegend|Open|Sealed|SilverAge|UltimatePitFight,Phantasm,False,False,True,True,False,P2,55,template_expandable
herald_of_ravages,herald_of_ravages_blue|herald_of_ravages_red|herald_of_ravages_yellow,Herald of Ravages,Action,DuskTillDawn|Monarch|PrismBlitzDeck|Promos,Prism,Blitz|Clash|ClassicConstructed|Draft|LivingLegend|Open|Sealed|SilverAge|UltimatePitFight,Phantasm,False,False,True,True,False,P2,55,template_expandable
herald_of_sekem,herald_of_sekem_red,Herald of Sekem,Action,HighSeas,Prism,Blitz|ClassicConstructed|LivingLegend|Open|UltimatePitFight,Phantasm,False,False,True,True,False,P2,55,template_expandable
heroic_grit,heroic_grit_yellow,Heroic Grit,Action,SuperSlam,Pleiades|Tuffnut,Blitz|Clash|ClassicConstructed|Draft|LivingLegend|Open|Sealed|SilverAge|UltimatePitFight,GoAgain,False,False,True,True,False,P2,55,template_expandable
heroic_pose,heroic_pose_blue|heroic_pose_red|heroic_pose_yellow,Heroic Pose,Action,GEM|SuperSlam,Pleiades|Tuffnut,Blitz|Clash|ClassicConstructed|Draft|LivingLegend|Open|Sealed|SilverAge|UltimatePitFight,GoAgain|TheCrowdCheers,False,False,True,True,False,P2,55,template_expandable
high_octane,high_octane_red,High Octane,Action,ArcaneRising|HistoryPack1,Dash|DataDoll|Maxx|Puffin|Teklovossen,Blitz|Draft|LivingLegend|Open|Sealed|UltimatePitFight,GoAgain,False,False,True,True,False,P2,55,template_expandable
high_roller,high_roller_blue|high_roller_red|high_roller_yellow,High Roller,Action,Everfest,Kayo|Levia|RKO|Rhinar|Tuffnut,Blitz|Clash|ClassicConstructed|LivingLegend|Open|SilverAge|UltimatePitFight,GoAgain|Intimidate,False,False,True,True,False,P2,55,template_expandable
high_speed_impact,high_speed_impact_blue|high_speed_impact_red|high_speed_impact_yellow,High Speed Impact,Action,CrucibleOfWar|HistoryPack1,Dash|DataDoll|Maxx|Puffin|Teklovossen,Blitz|Clash|ClassicConstructed|LivingLegend|Open|SilverAge|UltimatePitFight,Boost|Dominate,False,False,True,True,False,P2,55,template_expandable
high_striker,high_striker_blue|high_striker_red|high_striker_yellow,High Striker,Action,Everfest,Arakni|Aurora|Aurora2|Azalea|Benji|Betsy|Blaze|Bolfar|Boltyn|Bravo|Brevant|Briar|Broscilio|Brutus|Chane|Cindra|Crackni|Crix|Dash|DataDoll|Dorinthea|Dromai|Emperor|Enigma|Fai|Fang|Florian|Frankie|Genis|GravyBones|Hala|Ira|Iyslander|Jarl|Kano|Kassai|Katsu|Kavdaen|Kayo|Kox|Levia|Lexi|Librarian|Lyath|Marlynn|Maxx|Melody|Nuu|Oldhim|Olympia|Oscilio|Pleiades|Prism|Puffin|RKO|Reya|Rhinar|Riptide|Ruudi|Scurv|Shiyana|Slippy|Squizzy|Starvo|Taipanis|Taylor|Teklovossen|Terra|Theryon|Tuffnut|Uzuri|Valda|Verdance|Victor|Viserai|Vynnset|Yoji|Yorick|Zen|Zyggy,Blitz|Clash|ClassicConstructed|LivingLegend|Open|SilverAge|UltimatePitFight,GoAgain,False,False,True,True,False,P2,55,template_expandable
high_voltage,high_voltage_blue,High Voltage,Instant,Rosetta,Aurora|Aurora2|Briar|Broscilio|Lexi|Oscilio|Starvo|Zyggy,Blitz|ClassicConstructed|Draft|LivingLegend|Open|Sealed|UltimatePitFight,Amp,False,False,True,True,False,P2,55,template_expandable
hms_barracuda,hms_barracuda_yellow,HMS Barracuda,Action,HighSeas,GravyBones|Marlynn|Puffin|Scurv,Blitz|Clash|ClassicConstructed|Draft|LivingLegend|Open|Sealed|SilverAge|UltimatePitFight,HighTide|Overpower,False,False,True,True,False,P2,55,template_expandable
hms_kraken,hms_kraken_yellow,HMS Kraken,Action,HighSeas,GravyBones|Marlynn|Puffin|Scurv,Blitz|Clash|ClassicConstructed|Draft|LivingLegend|Open|Sealed|SilverAge|UltimatePitFight,HighTide|Overpower,False,False,True,True,False,P2,55,template_expandable
hms_marlin,hms_marlin_yellow,HMS Marlin,Action,HighSeas,GravyBones|Marlynn|Puffin|Scurv,Blitz|Clash|ClassicConstructed|Draft|LivingLegend|Open|Sealed|SilverAge|UltimatePitFight,HighTide|Overpower,False,False,True,True,False,P2,55,template_expandable
hold_focus,hold_focus,Hold Focus,Equipment,OscilioBlitzDeck|Promos|Rosetta|VerdanceBlitzDeck,Blaze|Broscilio|Emperor|Iyslander|Kano|Oscilio|Taylor|Verdance,Blitz|Clash|ClassicConstructed|Draft|LivingLegend|Open|Sealed|SilverAge|UltimatePitFight,Amp|GoAgain,False,False,True,True,False,P2,55,template_expandable
homage_to_ancestors,homage_to_ancestors_blue,Homage to Ancestors,Instant,EnigmaBlitzDeck|EnigmaSilverAgeDeck|PartTheMistveil|Promos,Enigma|Nuu|Zen,Blitz|Clash|ClassicConstructed|Draft|LivingLegend|Open|Sealed|SilverAge|UltimatePitFight,Legendary|Transcend,False,False,True,True,False,P2,55,template_expandable
hood_of_red_sand,hood_of_red_sand,Hood of Red Sand,Equipment,HeavyHitters|KassaiBlitzDeck|Promos,Kassai|Shiyana|Taylor,Blitz|Clash|ClassicConstructed|Draft|LivingLegend|Open|Sealed|SilverAge|UltimatePitFight,Battleworn|Specialization,False,False,True,True,False,P2,55,template_expandable
hook,hook_blue,Hook,Action,HighSeas,Azalea|Lexi|Marlynn|Riptide,Blitz|Clash|ClassicConstructed|Draft|LivingLegend|Open|Sealed|SilverAge|UltimatePitFight,GoAgain,False,False,True,True,False,P2,55,template_expandable
hostile_encroachment,hostile_encroachment_red,Hostile Encroachment,Action,MasteryPackGuardian|Promos,Betsy|Bolfar|Bravo|Brevant|Crix|Jarl|Kox|Lyath|Oldhim|Pleiades|Reya|Starvo|Terra|Valda|Victor|Yoji,Blitz|Clash|ClassicConstructed|LivingLegend|Open|SilverAge|UltimatePitFight,Crush,False,False,True,True,False,P2,55,template_expandable
hot_on_their_heels,hot_on_their_heels_red,Hot on Their Heels,Action,CindraBlitzDeck|FaiSilverAgeDeck|TheHunted,Cindra|Fai,Blitz|Clash|ClassicConstructed|Draft|LivingLegend|Open|Sealed|SilverAge|UltimatePitFight,GoAgain|Mark,False,False,True,True,False,P2,55,template_expandable
hot_streak,hot_streak,Hot Streak,Weapon,HeavyHitters|KassaiBlitzDeck|Promos,Boltyn|Dorinthea|Emperor|Fang|Hala|Kassai|Olympia,Blitz|Clash|ClassicConstructed|Draft|LivingLegend|Open|Sealed|SilverAge|UltimatePitFight,GoAgain,False,False,True,True,False,P2,55,template_expandable
howl_from_beyond,howl_from_beyond_blue|howl_from_beyond_red|howl_from_beyond_yellow,Howl from Beyond,Action,ChaneBlitzDeck|Monarch,Chane|Levia|Vynnset,Blitz|Clash|ClassicConstructed|Draft|LivingLegend|Open|Sealed|SilverAge|UltimatePitFight,BloodDebt|GoAgain,False,False,True,True,False,P2,55,template_expandable
humble_entrance,humble_entrance_blue,Humble Entrance,Action,GEM|SuperSlam,Pleiades|Tuffnut,Blitz|Clash|ClassicConstructed|Draft|LivingLegend|Open|Sealed|SilverAge|UltimatePitFight,GoAgain,False,False,True,True,False,P2,55,template_expandable
hundred_winds,hundred_winds_blue|hundred_winds_red|hundred_winds_yellow,Hundred Winds,Action,Everfest,Benji|Cindra|Fai|Ira|Katsu|Zen,Blitz|Clash|ClassicConstructed|LivingLegend|Open|SilverAge|UltimatePitFight,Combo|GoAgain,False,False,True,True,False,P2,55,template_expandable
hungering_slaughterbeast,hungering_slaughterbeast_blue|hungering_slaughterbeast_red|hungering_slaughterbeast_yellow,Hungering Slaughterbeast,Action,LeviaBlitzDeck|Monarch,Levia,Blitz|Clash|ClassicConstructed|Draft|LivingLegend|Open|Sealed|SilverAge|UltimatePitFight,BloodDebt,False,False,True,True,False,P2,55,template_expandable
hungry_for_more,hungry_for_more_red,Hungry for More,Instant,Promos|SuperSlam,Betsy|Bolfar|Bravo|Brevant|Crix|Jarl|Kox|Lyath|Oldhim|Pleiades|Reya|Starvo|Terra|Valda|Victor|Yoji,Blitz|ClassicConstructed|Draft|LivingLegend|Open|Sealed|UltimatePitFight,Suspense,False,False,True,True,False,P2,55,template_expandable
hunt_a_killer,hunt_a_killer_blue|hunt_a_killer_red|hunt_a_killer_yellow,Hunt a Killer,Action,TheHunted,Boltyn|Dorinthea|Emperor|Fang|Hala|Kassai|Olympia,Blitz|Clash|ClassicConstructed|Draft|LivingLegend|Open|Sealed|SilverAge|UltimatePitFight,GoAgain|Mark,False,False,True,True,False,P2,55,template_expandable
hunt_to_the_ends_of_rathe,hunt_to_the_ends_of_rathe_red,Hunt to the Ends of Rathe,Action,CindraBlitzDeck|FangBlitzDeck|GEM|TheHunted,Cindra|Dromai|Emperor|Fai|Fang|Taipanis,Blitz|Clash|ClassicConstructed|Draft|LivingLegend|Open|Sealed|SilverAge|UltimatePitFight,GoAgain|Mark,False,False,True,True,False,P2,55,template_expandable
hurricane_technique,hurricane_technique_yellow,Hurricane Technique,Action,WelcomeToRathe,Benji|Cindra|Fai|Ira|Katsu|Zen,Blitz|ClassicConstructed|Draft|LivingLegend|Open|Sealed|UltimatePitFight,Combo|GoAgain,False,False,True,True,False,P2,55,template_expandable
hydraulic_press,hydraulic_press_blue|hydraulic_press_red|hydraulic_press_yellow,Hydraulic Press,Action,BrightLights,Dash|DataDoll|Maxx|Puffin|Teklovossen,Blitz|Clash|ClassicConstructed|Draft|LivingLegend|Open|Sealed|SilverAge|UltimatePitFight,Overpower|Scrap,False,False,True,True,False,P2,55,template_expandable
hyper_inflation,hyper_inflation_blue|hyper_inflation_red|hyper_inflation_yellow,Hyper Inflation,Action,ArakniSilverAgeDeck|CompendiumOfRathe|GEM,Crackni|Slippy,Blitz|Clash|ClassicConstructed|LivingLegend|Open|SilverAge|UltimatePitFight,GoAgain,False,False,True,True,False,P2,55,template_expandable
hyper_x3,hyper_x3,Hyper-X3,Equipment,BrightLights|Promos,Dash|DataDoll|Maxx|Puffin|Taylor|Teklovossen,Blitz|ClassicConstructed|LivingLegend|Open|UltimatePitFight,Battleworn,False,False,True,True,False,P2,55,template_expandable
ice_quake,ice_quake_blue|ice_quake_red|ice_quake_yellow,Ice Quake,Action,TalesOfAria,Iyslander|Jarl|Lexi|Oldhim|Starvo,Blitz|Clash|ClassicConstructed|Draft|LivingLegend|Open|Sealed|SilverAge|UltimatePitFight,GoAgain,False,False,True,True,False,P2,55,template_expandable
ice_storm,ice_storm_red,Ice Storm,Action,TalesOfAria,Lexi,Blitz|ClassicConstructed|Draft|LivingLegend|Open|Sealed|UltimatePitFight,Fusion|GoAgain,False,False,True,True,False,P2,55,template_expandable
ignite,ignite_red,Ignite,Action,TheHunted,Cindra|Fai,Blitz|ClassicConstructed|Draft|LivingLegend|Open|Sealed|UltimatePitFight,GoAgain,False,False,True,True,False,P2,55,template_expandable
imposing_visage,imposing_visage_blue,Imposing Visage,Action,Everfest,Betsy|Bolfar|Bravo|Brevant|Crix|Jarl|Kox|Lyath|Oldhim|Pleiades|Reya|Starvo|Terra|Valda|Victor|Yoji,Blitz|ClassicConstructed|LivingLegend|Open|UltimatePitFight,GoAgain,False,False,True,True,False,P2,55,template_expandable
in_the_palm_of_your_hand,in_the_palm_of_your_hand_red,In the Palm of Your Hand,Instant,Promos|SuperSlam,Betsy|Bolfar|Bravo|Brevant|Crix|Jarl|Kox|Lyath|Oldhim|Pleiades|Reya|Starvo|Terra|Valda|Victor|Yoji,Blitz|ClassicConstructed|Draft|LivingLegend|Open|Sealed|UltimatePitFight,Suspense,False,False,True,True,False,P2,55,template_expandable
increase_the_tension,increase_the_tension_blue|increase_the_tension_red|increase_the_tension_yellow,Increase the Tension,Action,CrucibleOfWar|RiptideBlitzDeck,Azalea|Lexi|Marlynn|Riptide,Blitz|Clash|ClassicConstructed|LivingLegend|Open|SilverAge|UltimatePitFight,GoAgain,False,False,True,True,False,P2,55,template_expandable
induction_chamber,induction_chamber_red,Induction Chamber,Action,ArcaneRising|HistoryPack1,Dash|DataDoll|Maxx|Puffin|Teklovossen,Blitz|ClassicConstructed|Draft|LivingLegend|Open|Sealed|UltimatePitFight,GoAgain,False,False,True,True,False,P2,55,template_expandable
inflame,inflame_red,Inflame,Action,FaiBlitzDeck|Uprising,Cindra|Dromai|Emperor|Fai|Fang|Taipanis,Blitz|Clash|ClassicConstructed|Draft|LivingLegend|Open|Sealed|SilverAge|UltimatePitFight,GoAgain,False,False,True,True,False,P2,55,template_expandable
infuse_alloy,infuse_alloy_blue|infuse_alloy_red|infuse_alloy_yellow,Infuse Alloy,Action,BrightLights,Dash|DataDoll|Maxx|Puffin|Teklovossen,Blitz|Clash|ClassicConstructed|Draft|LivingLegend|Open|Sealed|SilverAge|UltimatePitFight,Galvanize,False,False,True,True,False,P2,55,template_expandable
infuse_titanium,infuse_titanium_blue|infuse_titanium_red|infuse_titanium_yellow,Infuse Titanium,Action,BrightLights,Dash|DataDoll|Maxx|Puffin|Teklovossen,Blitz|Clash|ClassicConstructed|Draft|LivingLegend|Open|Sealed|SilverAge|UltimatePitFight,Galvanize,False,False,True,True,False,P2,55,template_expandable
inspire_lightning,inspire_lightning_blue|inspire_lightning_red|inspire_lightning_yellow,Inspire Lightning,Action,TalesOfAria,Aurora|Briar|Florian,Blitz|Clash|ClassicConstructed|Draft|LivingLegend|Open|Sealed|SilverAge|UltimatePitFight,Fusion,False,False,True,True,False,P2,55,template_expandable
instill_fear,instill_fear_blue|instill_fear_red|instill_fear_yellow,Instill Fear,Action,SuperSlam,Lyath|RKO,Blitz|Clash|ClassicConstructed|Draft|LivingLegend|Open|Sealed|SilverAge|UltimatePitFight,Intimidate,False,False,True,True,False,P2,55,template_expandable
inverters_nightcowl,inverters_nightcowl,Inverter's Nightcowl,Equipment,ArmoryDeckArakni,Arakni|Crackni|Nuu|Slippy|Taylor|Uzuri,Blitz|ClassicConstructed|LivingLegend|Open|UltimatePitFight,Battleworn|GoAgain,False,False,True,True,False,P2,55,template_expandable
invigorate,invigorate_blue|invigorate_red|invigorate_yellow,Invigorate,Action,Promos|TalesOfAria,Aurora|Briar|Florian|Iyslander|Jarl|Lexi|Oldhim|Oscilio|Starvo|Terra|Verdance,Blitz|Clash|ClassicConstructed|Draft|LivingLegend|Open|Sealed|SilverAge|UltimatePitFight,GoAgain,False,False,True,True,False,P2,55,template_expandable
invoke_suraya,invoke_suraya_yellow,Invoke Suraya,Action,Dynasty,Prism,Blitz|ClassicConstructed|LivingLegend|Open|UltimatePitFight,GoAgain|Legendary|Transform,False,False,True,True,False,P2,55,template_expandable
ironrot_gauntlet,ironrot_gauntlet,Ironrot Gauntlet,Equipment,BriarBlitzDeck|DorintheaHeroDeck|HistoryPack1|MasteryPackGuardian|Promos|RhinarHeroDeck|WelcomeToRathe,Arakni|Aurora|Aurora2|Azalea|Benji|Betsy|Blaze|Bolfar|Boltyn|Bravo|Brevant|Briar|Broscilio|Brutus|Chane|Cindra|Crackni|Crix|Dash|DataDoll|Dorinthea|Dromai|Emperor|Enigma|Fai|Fang|Florian|Frankie|Genis|GravyBones|Hala|Ira|Iyslander|Jarl|Kano|Kassai|Katsu|Kavdaen|Kayo|Kox|Levia|Lexi|Librarian|Lyath|Marlynn|Maxx|Melody|Nuu|Oldhim|Olympia|Oscilio|Pleiades|Prism|Puffin|RKO|Reya|Rhinar|Riptide|Ruudi|Scurv|Shiyana|Slippy|Squizzy|Starvo|Taipanis|Taylor|Teklovossen|Terra|Theryon|Tuffnut|Uzuri|Valda|Verdance|Victor|Viserai|Vynnset|Yoji|Yorick|Zen|Zyggy,Blitz|Clash|ClassicConstructed|Draft|LivingLegend|Open|Sealed|SilverAge|UltimatePitFight,BladeBreak,False,False,True,True,False,P2,55,template_expandable
ironrot_helm,ironrot_helm,Ironrot Helm,Equipment,FirstStrikeAurora|FirstStrikeTerra|BravoDemoDeck|ClassicBattlesRhinarDorinthea|DorintheaDemoDeck|HistoryPack1|KatsuHeroDeck|MasteryPackGuardian|Promos|RhinarHeroDeck|WelcomeToRathe,Arakni|Aurora|Aurora2|Azalea|Benji|Betsy|Blaze|Bolfar|Boltyn|Bravo|Brevant|Briar|Broscilio|Brutus|Chane|Cindra|Crackni|Crix|Dash|DataDoll|Dorinthea|Dromai|Emperor|Enigma|Fai|Fang|Florian|Frankie|Genis|GravyBones|Hala|Ira|Iyslander|Jarl|Kano|Kassai|Katsu|Kavdaen|Kayo|Kox|Levia|Lexi|Librarian|Lyath|Marlynn|Maxx|Melody|Nuu|Oldhim|Olympia|Oscilio|Pleiades|Prism|Puffin|RKO|Reya|Rhinar|Riptide|Ruudi|Scurv|Shiyana|Slippy|Squizzy|Starvo|Taipanis|Taylor|Teklovossen|Terra|Theryon|Tuffnut|Uzuri|Valda|Verdance|Victor|Viserai|Vynnset|Yoji|Yorick|Zen|Zyggy,Blitz|Clash|ClassicConstructed|Draft|LivingLegend|Open|Sealed|SilverAge|UltimatePitFight,BladeBreak,False,False,True,True,False,P2,55,template_expandable
ironrot_legs,ironrot_legs,Ironrot Legs,Equipment,FirstStrikeAurora|FirstStrikeTerra|AzaleaBlitzDeck|BravoDemoDeck|BravoHeroDeck|ClassicBattlesRhinarDorinthea|HistoryPack1|KatsuHeroDeck|LexiBlitzDeck|MasteryPackGuardian|Promos|RiptideBlitzDeck|WelcomeToRathe,Arakni|Aurora|Aurora2|Azalea|Benji|Betsy|Blaze|Bolfar|Boltyn|Bravo|Brevant|Briar|Broscilio|Brutus|Chane|Cindra|Crackni|Crix|Dash|DataDoll|Dorinthea|Dromai|Emperor|Enigma|Fai|Fang|Florian|Frankie|Genis|GravyBones|Hala|Ira|Iyslander|Jarl|Kano|Kassai|Katsu|Kavdaen|Kayo|Kox|Levia|Lexi|Librarian|Lyath|Marlynn|Maxx|Melody|Nuu|Oldhim|Olympia|Oscilio|Pleiades|Prism|Puffin|RKO|Reya|Rhinar|Riptide|Ruudi|Scurv|Shiyana|Slippy|Squizzy|Starvo|Taipanis|Taylor|Teklovossen|Terra|Theryon|Tuffnut|Uzuri|Valda|Verdance|Victor|Viserai|Vynnset|Yoji|Yorick|Zen|Zyggy,Blitz|Clash|ClassicConstructed|Draft|LivingLegend|Open|Sealed|SilverAge|UltimatePitFight,BladeBreak,False,False,True,True,False,P2,55,template_expandable
ironrot_plate,ironrot_plate,Ironrot Plate,Equipment,BravoHeroDeck|DorintheaHeroDeck|HistoryPack1|MasteryPackGuardian|Promos|WelcomeToRathe,Arakni|Aurora|Aurora2|Azalea|Benji|Betsy|Blaze|Bolfar|Boltyn|Bravo|Brevant|Briar|Broscilio|Brutus|Chane|Cindra|Crackni|Crix|Dash|DataDoll|Dorinthea|Dromai|Emperor|Enigma|Fai|Fang|Florian|Frankie|Genis|GravyBones|Hala|Ira|Iyslander|Jarl|Kano|Kassai|Katsu|Kavdaen|Kayo|Kox|Levia|Lexi|Librarian|Lyath|Marlynn|Maxx|Melody|Nuu|Oldhim|Olympia|Oscilio|Pleiades|Prism|Puffin|RKO|Reya|Rhinar|Riptide|Ruudi|Scurv|Shiyana|Slippy|Squizzy|Starvo|Taipanis|Taylor|Teklovossen|Terra|Theryon|Tuffnut|Uzuri|Valda|Verdance|Victor|Viserai|Vynnset|Yoji|Yorick|Zen|Zyggy,Blitz|Clash|ClassicConstructed|Draft|LivingLegend|Open|Sealed|SilverAge|UltimatePitFight,BladeBreak,False,False,True,True,False,P2,55,template_expandable
ironsong_determination,ironsong_determination_yellow,Ironsong Determination,Action,WelcomeToRathe,Boltyn|Dorinthea|Fang|Hala|Kassai|Olympia,Blitz|ClassicConstructed|Draft|LivingLegend|Open|Sealed|UltimatePitFight,Dominate|GoAgain,False,False,True,True,False,P2,55,template_expandable
ironsong_response,ironsong_response_blue|ironsong_response_red|ironsong_response_yellow,Ironsong Response,AttackReaction,ClassicBattlesRhinarDorinthea|DorintheaSilverAgeDeck|HistoryPack1|Promos|WelcomeToRathe,Boltyn|Dorinthea|Emperor|Fang|Hala|Kassai|Olympia,Blitz|Clash|ClassicConstructed|Draft|LivingLegend|Open|Sealed|SilverAge|UltimatePitFight,Reprise,False,False,True,True,False,P2,55,template_expandable
isenhowl_weathervane,isenhowl_weathervane_blue|isenhowl_weathervane_red|isenhowl_weathervane_yellow,Isenhowl Weathervane,Action,Uprising,Iyslander|Jarl|Lexi|Oldhim|Starvo,Blitz|Clash|ClassicConstructed|Draft|LivingLegend|Open|Sealed|SilverAge|UltimatePitFight,GoAgain,False,False,True,True,False,P2,55,template_expandable
jack_be_nimble,jack_be_nimble_red,Jack Be Nimble,Action,HighSeas,Arakni|Aurora|Aurora2|Azalea|Benji|Betsy|Blaze|Bolfar|Boltyn|Bravo|Brevant|Briar|Broscilio|Brutus|Chane|Cindra|Crackni|Crix|Dash|DataDoll|Dorinthea|Dromai|Emperor|Enigma|Fai|Fang|Florian|Frankie|Genis|GravyBones|Hala|Ira|Iyslander|Jarl|Kano|Kassai|Katsu|Kavdaen|Kayo|Kox|Levia|Lexi|Librarian|Lyath|Marlynn|Maxx|Melody|Nuu|Oldhim|Olympia|Oscilio|Pleiades|Prism|Puffin|RKO|Reya|Rhinar|Riptide|Ruudi|Scurv|Shiyana|Slippy|Squizzy|Starvo|Taipanis|Taylor|Teklovossen|Terra|Theryon|Tuffnut|Uzuri|Valda|Verdance|Victor|Viserai|Vynnset|Yoji|Yorick|Zen|Zyggy,Blitz|Clash|ClassicConstructed|Draft|LivingLegend|Open|Sealed|SilverAge|UltimatePitFight,GoAgain|Steal,False,False,True,True,False,P2,55,template_expandable
jack_be_quick,jack_be_quick_red,Jack Be Quick,Action,HighSeas,Arakni|Aurora|Aurora2|Azalea|Benji|Betsy|Blaze|Bolfar|Boltyn|Bravo|Brevant|Briar|Broscilio|Brutus|Chane|Cindra|Crackni|Crix|Dash|DataDoll|Dorinthea|Dromai|Emperor|Enigma|Fai|Fang|Florian|Frankie|Genis|GravyBones|Hala|Ira|Iyslander|Jarl|Kano|Kassai|Katsu|Kavdaen|Kayo|Kox|Levia|Lexi|Librarian|Lyath|Marlynn|Maxx|Melody|Nuu|Oldhim|Olympia|Oscilio|Pleiades|Prism|Puffin|RKO|Reya|Rhinar|Riptide|Ruudi|Scurv|Shiyana|Slippy|Squizzy|Starvo|Taipanis|Taylor|Teklovossen|Terra|Theryon|Tuffnut|Uzuri|Valda|Verdance|Victor|Viserai|Vynnset|Yoji|Yorick|Zen|Zyggy,Blitz|Clash|ClassicConstructed|Draft|LivingLegend|Open|Sealed|SilverAge|UltimatePitFight,GoAgain|Steal,False,False,True,True,False,P2,55,template_expandable
jaws_of_victory,jaws_of_victory_red,Jaws of Victory,Action,SuperSlam,Tuffnut,Blitz|ClassicConstructed|Draft|LivingLegend|Open|Sealed|UltimatePitFight,GoAgain|TheCrowdCheers,False,False,True,True,False,P2,55,template_expandable
jittery_bones,jittery_bones_blue|jittery_bones_red|jittery_bones_yellow,Jittery Bones,Action,ArmoryDeckGravyBones|GEM|HighSeas,GravyBones,Blitz|Clash|ClassicConstructed|Draft|LivingLegend|Open|Sealed|SilverAge|UltimatePitFight,GoAgain,False,False,True,True,False,P2,55,template_expandable
jolly_bludger,jolly_bludger_yellow,Jolly Bludger,Action,HighSeas,Puffin,Blitz|ClassicConstructed|Draft|LivingLegend|Open|Sealed|UltimatePitFight,Overpower|Steal,False,False,True,True,False,P2,55,template_expandable
junkyard_dogg,junkyard_dogg_blue|junkyard_dogg_red|junkyard_dogg_yellow,Junkyard Dogg,Action,BrightLights,Dash|DataDoll|Maxx|Puffin|Teklovossen,Blitz|Clash|ClassicConstructed|Draft|LivingLegend|Open|Sealed|SilverAge|UltimatePitFight,Scrap,False,False,True,True,False,P2,55,template_expandable
kindle,kindle_red,Kindle,Instant,PartTheMistveil,Blaze|Broscilio|Emperor|Iyslander|Kano|Oscilio|Verdance,Blitz|ClassicConstructed|LivingLegend|Open|UltimatePitFight,Amp,False,False,True,True,False,P2,55,template_expandable
kiss_of_death,kiss_of_death_red,Kiss of Death,Action,TheHunted,Arakni|Crackni|Nuu|Slippy|Uzuri,Blitz|ClassicConstructed|Draft|LivingLegend|Open|Sealed|UltimatePitFight,Stealth,False,False,True,True,False,P2,55,template_expandable
knife_through_butter,knife_through_butter_blue|knife_through_butter_red|knife_through_butter_yellow,Knife Through Butter,Action,TheHunted,Boltyn|Dorinthea|Emperor|Fang|Hala|Kassai|Olympia,Blitz|Clash|ClassicConstructed|Draft|LivingLegend|Open|Sealed|SilverAge|UltimatePitFight,GoAgain,False,False,True,True,False,P2,55,template_expandable
knock_em_off_their_feet,knock_em_off_their_feet_red,Knock 'Em Off Their Feet,Action,BravoDemoDeck,Betsy|Bolfar|Bravo|Brevant|Crix|Jarl|Kox|Lyath|Oldhim|Pleiades|Reya|Starvo|Terra|Valda|Victor|Yoji,Blitz|Clash|ClassicConstructed|LivingLegend|Open|SilverAge|UltimatePitFight,Crush,False,False,True,True,False,P2,55,template_expandable
korshem_crossroad_of_elements,korshem_crossroad_of_elements,"Korshem, Crossroad of Elements",Action,TalesOfAria,Aurora|Briar|Florian|Iyslander|Jarl|Lexi|Oldhim|Oscilio|Starvo|Terra|Verdance,Blitz|ClassicConstructed|Draft|LivingLegend|Open|Sealed|UltimatePitFight,GoAgain|Legendary,False,False,True,True,False,P2,55,template_expandable
lace_with_bloodrot,lace_with_bloodrot_red,Lace with Bloodrot,Action,ArmoryDeckAzalea|AzaleaSilverAgeDeck|Outsiders|Promos,Azalea|Lexi|Marlynn|Riptide,Blitz|Clash|ClassicConstructed|Draft|LivingLegend|Open|Sealed|SilverAge|UltimatePitFight,GoAgain,False,False,True,True,False,P2,55,template_expandable
lace_with_frailty,lace_with_frailty_red,Lace with Frailty,Action,ArmoryDeckAzalea|AzaleaSilverAgeDeck|Outsiders|Promos,Azalea|Lexi|Marlynn|Riptide,Blitz|Clash|ClassicConstructed|Draft|LivingLegend|Open|Sealed|SilverAge|UltimatePitFight,GoAgain,False,False,True,True,False,P2,55,template_expandable
lace_with_inertia,lace_with_inertia_red,Lace with Inertia,Action,ArmoryDeckAzalea|AzaleaSilverAgeDeck|Outsiders|Promos,Azalea|Lexi|Marlynn|Riptide,Blitz|Clash|ClassicConstructed|Draft|LivingLegend|Open|Sealed|SilverAge|UltimatePitFight,GoAgain,False,False,True,True,False,P2,55,template_expandable
laden_with_earth,laden_with_earth_red,Laden with Earth,Action,CompendiumOfRathe,Aurora|Briar|Florian|Iyslander|Jarl|Lexi|Oldhim|Oscilio|Starvo|Terra|Verdance,Blitz|Clash|ClassicConstructed|LivingLegend|Open|SilverAge|UltimatePitFight,Bond|GoAgain,False,False,True,True,False,P2,55,template_expandable
laden_with_frost,laden_with_frost_red,Laden with Frost,Action,CompendiumOfRathe,Aurora|Briar|Florian|Iyslander|Jarl|Lexi|Oldhim|Oscilio|Starvo|Terra|Verdance,Blitz|Clash|ClassicConstructed|LivingLegend|Open|SilverAge|UltimatePitFight,Bond|GoAgain,False,False,True,True,False,P2,55,template_expandable
laden_with_lightning,laden_with_lightning_red,Laden with Lightning,Action,CompendiumOfRathe,Aurora|Briar|Florian|Iyslander|Jarl|Lexi|Oldhim|Oscilio|Starvo|Terra|Verdance,Blitz|Clash|ClassicConstructed|LivingLegend|Open|SilverAge|UltimatePitFight,Bond|GoAgain,False,False,True,True,False,P2,55,template_expandable
lava_burst,lava_burst_red,Lava Burst,Action,DromaiBlitzDeck|FaiSilverAgeDeck|Uprising,Cindra|Dromai|Emperor|Fai|Fang|Taipanis,Blitz|Clash|ClassicConstructed|Draft|LivingLegend|Open|Sealed|SilverAge|UltimatePitFight,Rupture,False,False,True,True,False,P2,55,template_expandable
lava_vein_loyalty,lava_vein_loyalty_blue|lava_vein_loyalty_red|lava_vein_loyalty_yellow,Lava Vein Loyalty,Action,FaiBlitzDeck|TheHunted|Uprising,Cindra|Fai,Blitz|Clash|ClassicConstructed|Draft|LivingLegend|Open|Sealed|SilverAge|UltimatePitFight,GoAgain,False,False,True,True,False,P2,55,template_expandable
lay_down_the_challenge,lay_down_the_challenge_yellow,Lay Down the Challenge,Action,CompendiumOfRathe,Kayo|Levia|RKO|Rhinar|Tuffnut,Blitz|ClassicConstructed|LivingLegend|Open|UltimatePitFight,GoAgain|Intimidate,False,False,True,True,False,P2,55,template_expandable
lead_the_charge,lead_the_charge_blue|lead_the_charge_red|lead_the_charge_yellow,Lead the Charge,Action,ArcaneRising,Arakni|Aurora|Aurora2|Azalea|Benji|Betsy|Blaze|Bolfar|Boltyn|Bravo|Brevant|Briar|Broscilio|Brutus|Chane|Cindra|Crackni|Crix|Dash|DataDoll|Dorinthea|Dromai|Emperor|Enigma|Fai|Fang|Florian|Frankie|Genis|GravyBones|Hala|Ira|Iyslander|Jarl|Kano|Kassai|Katsu|Kavdaen|Kayo|Kox|Levia|Lexi|Librarian|Lyath|Marlynn|Maxx|Melody|Nuu|Oldhim|Olympia|Oscilio|Pleiades|Prism|Puffin|RKO|Reya|Rhinar|Riptide|Ruudi|Scurv|Shiyana|Slippy|Squizzy|Starvo|Taipanis|Taylor|Teklovossen|Terra|Theryon|Tuffnut|Uzuri|Valda|Verdance|Victor|Viserai|Vynnset|Yoji|Yorick|Zen|Zyggy,Blitz|Clash|ClassicConstructed|Draft|LivingLegend|Open|Sealed|SilverAge|UltimatePitFight,GoAgain,False,False,True,True,False,P2,55,template_expandable
lead_with_heart,lead_with_heart_blue|lead_with_heart_red|lead_with_heart_yellow,Lead with Heart,Action,HeavyHitters,Betsy|Bolfar|Boltyn|Bravo|Brevant|Crix|Dorinthea|Emperor|Fang|Hala|Jarl|Kassai|Kox|Lyath|Oldhim|Olympia|Pleiades|Reya|Starvo|Terra|Valda|Victor|Yoji,Blitz|Clash|ClassicConstructed|Draft|LivingLegend|Open|Sealed|SilverAge|UltimatePitFight,GoAgain,False,False,True,True,False,P2,55,template_expandable
lead_with_power,lead_with_power_blue|lead_with_power_red|lead_with_power_yellow,Lead with Power,Action,HeavyHitters|KayoBlitzDeck,Betsy|Bolfar|Bravo|Brevant|Crix|Jarl|Kayo|Kox|Levia|Lyath|Oldhim|Pleiades|RKO|Reya|Rhinar|Starvo|Terra|Tuffnut|Valda|Victor|Yoji,Blitz|Clash|ClassicConstructed|Draft|LivingLegend|Open|Sealed|SilverAge|UltimatePitFight,GoAgain,False,False,True,True,False,P2,55,template_expandable
lead_with_speed,lead_with_speed_blue|lead_with_speed_red|lead_with_speed_yellow,Lead with Speed,Action,DorintheaSilverAgeDeck|HeavyHitters|KassaiBlitzDeck|KayoBlitzDeck|OlympiaBlitzDeck,Boltyn|Dorinthea|Emperor|Fang|Hala|Kassai|Kayo|Levia|Olympia|RKO|Rhinar|Tuffnut,Blitz|Clash|ClassicConstructed|Draft|LivingLegend|Open|Sealed|SilverAge|UltimatePitFight,GoAgain,False,False,True,True,False,P2,55,template_expandable
leave_a_dent,leave_a_dent_blue,Leave a Dent,Action,MasteryPackGuardian,Betsy|Bolfar|Bravo|Brevant|Crix|Jarl|Kox|Lyath|Oldhim|Pleiades|Reya|Starvo|Terra|Valda|Victor|Yoji,Blitz|ClassicConstructed|LivingLegend|Open|UltimatePitFight,Crush|GoAgain,False,False,True,True,False,P2,55,template_expandable
leave_them_hanging,leave_them_hanging_red,Leave Them Hanging,Instant,SuperSlam,Lyath,Blitz|ClassicConstructed|Draft|LivingLegend|Open|Sealed|UltimatePitFight,Intimidate|Suspense,False,False,True,True,False,P2,55,template_expandable
leaven_sheath,leaven_sheath_red,Leaven Sheath,DefenseReaction,CompendiumOfRathe|Promos,Aurora|Briar|Florian|Iyslander|Jarl|Lexi|Oldhim|Oscilio|Starvo|Terra|Verdance,Blitz|Clash|ClassicConstructed|LivingLegend|Open|SilverAge|UltimatePitFight,Bond,False,False,True,True,False,P2,55,template_expandable
leg_tap,leg_tap_blue|leg_tap_red|leg_tap_yellow,Leg Tap,Action,HistoryPack1|KatsuHeroDeck|RoundTheTable|WelcomeToRathe,Benji|Cindra|Fai|Ira|Katsu|Zen,Blitz|Clash|ClassicConstructed|Draft|LivingLegend|Open|Sealed|SilverAge|UltimatePitFight,GoAgain,False,False,True,True,False,P2,55,template_expandable
lesson_in_lava,lesson_in_lava_yellow,Lesson in Lava,Action,ArcaneRising|HistoryPack1,Kano|Shiyana,Blitz|Clash|ClassicConstructed|Draft|LivingLegend|Open|Sealed|UltimatePitFight,Specialization,False,False,True,True,False,P2,55,template_expandable
ley_line_of_the_old_ones,ley_line_of_the_old_ones_blue,Ley Line of the Old Ones,Instant,MasteryPackGuardian,Betsy|Bolfar|Bravo|Brevant|Crix|Jarl|Kox|Lyath|Oldhim|Pleiades|Reya|Starvo|Terra|Valda|Victor|Yoji,Blitz|ClassicConstructed|LivingLegend|Open|UltimatePitFight,Legendary,False,False,True,True,False,P2,55,template_expandable
life_for_a_life,life_for_a_life_blue|life_for_a_life_red|life_for_a_life_yellow,Life for a Life,Action,ArcaneRising|HighSeas|HistoryPack1,Arakni|Aurora|Aurora2|Azalea|Benji|Betsy|Blaze|Bolfar|Boltyn|Bravo|Brevant|Briar|Broscilio|Brutus|Chane|Cindra|Crackni|Crix|Dash|DataDoll|Dorinthea|Dromai|Emperor|Enigma|Fai|Fang|Florian|Frankie|Genis|GravyBones|Hala|Ira|Iyslander|Jarl|Kano|Kassai|Katsu|Kavdaen|Kayo|Kox|Levia|Lexi|Librarian|Lyath|Marlynn|Maxx|Melody|Nuu|Oldhim|Olympia|Oscilio|Pleiades|Prism|Puffin|RKO|Reya|Rhinar|Riptide|Ruudi|Scurv|Shiyana|Slippy|Squizzy|Starvo|Taipanis|Taylor|Teklovossen|Terra|Theryon|Tuffnut|Uzuri|Valda|Verdance|Victor|Viserai|Vynnset|Yoji|Yorick|Zen|Zyggy,Blitz|Clash|ClassicConstructed|Draft|LivingLegend|Open|Sealed|SilverAge|UltimatePitFight,GoAgain,False,False,True,True,False,P2,55,template_expandable
life_of_the_party,life_of_the_party_blue|life_of_the_party_red|life_of_the_party_yellow,Life of the Party,Action,Everfest|Promos|RoundTheTable,Arakni|Aurora|Aurora2|Azalea|Benji|Betsy|Blaze|Bolfar|Boltyn|Bravo|Brevant|Briar|Broscilio|Brutus|Chane|Cindra|Crackni|Crix|Dash|DataDoll|Dorinthea|Dromai|Emperor|Enigma|Fai|Fang|Florian|Frankie|Genis|GravyBones|Hala|Ira|Iyslander|Jarl|Kano|Kassai|Katsu|Kavdaen|Kayo|Kox|Levia|Lexi|Librarian|Lyath|Marlynn|Maxx|Melody|Nuu|Oldhim|Olympia|Oscilio|Pleiades|Prism|Puffin|RKO|Reya|Rhinar|Riptide|Ruudi|Scurv|Shiyana|Slippy|Squizzy|Starvo|Taipanis|Taylor|Teklovossen|Terra|Theryon|Tuffnut|Uzuri|Valda|Verdance|Victor|Viserai|Vynnset|Yoji|Yorick|Zen|Zyggy,Blitz|Clash|ClassicConstructed|LivingLegend|Open|SilverAge|UltimatePitFight,GoAgain,False,False,True,True,False,P2,55,template_expandable
light_the_way,light_the_way_blue|light_the_way_red|light_the_way_yellow,Light the Way,Action,ArmoryDeckBoltyn|DuskTillDawn,Boltyn,Blitz|Clash|ClassicConstructed|LivingLegend|Open|SilverAge|UltimatePitFight,Charge|GoAgain,False,False,True,True,False,P2,55,template_expandable
lighten_the_load,lighten_the_load_blue|lighten_the_load_red|lighten_the_load_yellow,Lighten the Load,Action,CompendiumOfRathe,GravyBones|Marlynn|Puffin|Scurv,Blitz|Clash|ClassicConstructed|LivingLegend|Open|SilverAge|UltimatePitFight,GoAgain,False,False,True,True,False,P2,55,template_expandable
lightning_surge,lightning_surge_blue|lightning_surge_red|lightning_surge_yellow,Lightning Surge,Action,FirstStrikeAurora|ArmoryDeckAurora|AuroraBlitzDeck|OscilioBlitzDeck|Rosetta|TalesOfAria,Aurora|Aurora2|Briar|Broscilio|Lexi|Oscilio|Starvo|Zyggy,Blitz|Clash|ClassicConstructed|Draft|LivingLegend|Open|Sealed|SilverAge|UltimatePitFight,GoAgain,False,False,True,True,False,P2,55,template_expandable
limbs_of_lignum_vitae,limbs_of_lignum_vitae,Limbs of Lignum Vitae,Equipment,CompendiumOfRathe,Briar|Florian|Jarl|Oldhim|Starvo|Taylor|Terra|Verdance,Blitz|Clash|ClassicConstructed|LivingLegend|Open|SilverAge|UltimatePitFight,BladeBreak,False,False,True,True,False,P2,55,template_expandable
line,line_blue,Line,Action,HighSeas,Azalea|Lexi|Marlynn|Riptide,Blitz|Clash|ClassicConstructed|Draft|LivingLegend|Open|Sealed|SilverAge|UltimatePitFight,GoAgain,False,False,True,True,False,P2,55,template_expandable
line_it_up,line_it_up_yellow,Line It Up,Action,ArmoryDeckAzalea,Azalea|Lexi|Marlynn|Riptide,Blitz|ClassicConstructed|LivingLegend|Open|UltimatePitFight,GoAgain,False,False,True,True,False,P2,55,template_expandable
liquefy,liquefy_red,Liquefy,AttackReaction,Uprising,Cindra|Dromai|Emperor|Fai|Fang|Taipanis,Blitz|ClassicConstructed|Draft|LivingLegend|Open|Sealed|UltimatePitFight,Rupture,False,False,True,True,False,P2,55,template_expandable
loan_shark,loan_shark_yellow,Loan Shark,Action,HighSeas,GravyBones|Marlynn|Puffin|Scurv,Blitz|ClassicConstructed|Draft|LivingLegend|Open|Sealed|UltimatePitFight,GoAgain,False,False,True,True,False,P2,55,template_expandable
locked_and_loaded,locked_and_loaded_blue|locked_and_loaded_red|locked_and_loaded_yellow,Locked and Loaded,Action,ArcaneRising,Dash|DataDoll|Maxx|Puffin|Teklovossen,Blitz|Clash|ClassicConstructed|Draft|LivingLegend|Open|Sealed|SilverAge|UltimatePitFight,GoAgain|Opt,False,False,True,True,False,P2,55,template_expandable
log_fall,log_fall_red|log_fall_yellow,Log Fall,Action,FirstStrikeTerra,Jarl|Oldhim|Starvo|Terra,Blitz|Clash|ClassicConstructed|LivingLegend|Open|SilverAge|UltimatePitFight,Bond|Overpower,False,False,True,True,False,P2,55,template_expandable
longdraw_half_glove,longdraw_half_glove,Longdraw Half-glove,Equipment,PartTheMistveil,Azalea|Lexi|Marlynn|Riptide|Taylor,Blitz|ClassicConstructed|LivingLegend|Open|UltimatePitFight,Battleworn,False,False,True,True,False,P2,55,template_expandable
look_within,look_within_blue,Look Within,Action,CompendiumOfRathe,Enigma|Nuu|Zen,Blitz|Clash|ClassicConstructed|LivingLegend|Open|SilverAge|UltimatePitFight,GoAgain,False,False,True,True,False,P2,55,template_expandable
looking_for_a_scrap,looking_for_a_scrap_blue|looking_for_a_scrap_red|looking_for_a_scrap_yellow,Looking for a Scrap,Action,Outsiders|Promos,Arakni|Aurora|Aurora2|Azalea|Benji|Betsy|Blaze|Bolfar|Boltyn|Bravo|Brevant|Briar|Broscilio|Brutus|Chane|Cindra|Crackni|Crix|Dash|DataDoll|Dorinthea|Dromai|Emperor|Enigma|Fai|Fang|Florian|Frankie|Genis|GravyBones|Hala|Ira|Iyslander|Jarl|Kano|Kassai|Katsu|Kavdaen|Kayo|Kox|Levia|Lexi|Librarian|Lyath|Marlynn|Maxx|Melody|Nuu|Oldhim|Olympia|Oscilio|Pleiades|Prism|Puffin|RKO|Reya|Rhinar|Riptide|Ruudi|Scurv|Shiyana|Slippy|Squizzy|Starvo|Taipanis|Taylor|Teklovossen|Terra|Theryon|Tuffnut|Uzuri|Valda|Verdance|Victor|Viserai|Vynnset|Yoji|Yorick|Zen|Zyggy,Blitz|Clash|ClassicConstructed|Draft|LivingLegend|Open|Sealed|SilverAge|UltimatePitFight,GoAgain,False,False,True,True,False,P2,55,template_expandable
loot_the_arsenal,loot_the_arsenal_blue,Loot the Arsenal,Action,ArmoryDeckGravyBones|GEM,GravyBones,Blitz|Clash|ClassicConstructed|LivingLegend|Open|SilverAge|UltimatePitFight,GoAgain,False,False,True,True,False,P2,55,template_expandable
loot_the_hold,loot_the_hold_blue,Loot the Hold,Action,ArmoryDeckGravyBones|GEM,GravyBones,Blitz|Clash|ClassicConstructed|LivingLegend|Open|SilverAge|UltimatePitFight,GoAgain,False,False,True,True,False,P2,55,template_expandable
lord_of_wind,lord_of_wind_blue,Lord of Wind,Action,HistoryPack1|WelcomeToRathe,Katsu|Shiyana,Blitz|Clash|ClassicConstructed|Draft|LivingLegend|Open|Sealed|UltimatePitFight,Combo|Specialization,False,False,True,True,False,P2,55,template_expandable
lost_in_thought,lost_in_thought_red,Lost in Thought,Action,DuskTillDawn,Dromai|Enigma|Prism|Zyggy,Blitz|ClassicConstructed|LivingLegend|Open|UltimatePitFight,GoAgain,False,False,True,True,False,P2,55,template_expandable
lumina_ascension,lumina_ascension_yellow,Lumina Ascension,Action,ArmoryDeckBoltyn|Monarch,Boltyn|Shiyana,Blitz|Clash|ClassicConstructed|Draft|LivingLegend|Open|Sealed|UltimatePitFight,GoAgain|Specialization,False,False,True,True,False,P2,55,template_expandable
lumina_lance,lumina_lance_yellow,Lumina Lance,AttackReaction,DuskTillDawn,Boltyn|Librarian|Prism|Theryon,Blitz|ClassicConstructed|LivingLegend|Open|UltimatePitFight,GoAgain,False,False,True,True,False,P2,55,template_expandable
luminaris_celestial_fury,luminaris_celestial_fury,"Luminaris, Celestial Fury",Weapon,DuskTillDawn|Promos,Prism,Blitz|Clash|ClassicConstructed|LivingLegend|Open|SilverAge|UltimatePitFight,GoAgain,False,False,True,True,False,P2,55,template_expandable
lunar_mirage,lunar_mirage_red,Lunar Mirage,Action,CompendiumOfRathe,Dromai|Enigma|Prism|Zyggy,Blitz|ClassicConstructed|LivingLegend|Open|UltimatePitFight,GoAgain|Mirage,False,False,True,True,False,P2,55,template_expandable
machinations_of_dominion,machinations_of_dominion_blue,Machinations of Dominion,Action,Rosetta,Aurora|Aurora2|Briar|Chane|Florian|Viserai|Vynnset,Blitz|ClassicConstructed|Draft|LivingLegend|Open|Sealed|UltimatePitFight,GoAgain|Overpower,False,False,True,True,False,P2,55,template_expandable
macho_grande,macho_grande_blue|macho_grande_red|macho_grande_yellow,Macho Grande,Action,Everfest|MasteryPackGuardian|Promos,Betsy|Bolfar|Bravo|Brevant|Crix|Jarl|Kox|Lyath|Oldhim|Pleiades|Reya|Starvo|Terra|Valda|Victor|Yoji,Blitz|Clash|ClassicConstructed|LivingLegend|Open|SilverAge|UltimatePitFight,Dominate,False,False,True,True,False,P2,55,template_expandable
madcap_charger,madcap_charger_blue|madcap_charger_red|madcap_charger_yellow,Madcap Charger,Action,Dynasty,Kayo|Levia|RKO|Rhinar|Tuffnut,Blitz|Clash|ClassicConstructed|LivingLegend|Open|SilverAge|UltimatePitFight,GoAgain,False,False,True,True,False,P2,55,template_expandable
mage_master_boots,mage_master_boots,Mage Master Boots,Equipment,ArcaneRising|ArmoryDeckLegendsPrism|HistoryPack1|Promos,Arakni|Aurora|Aurora2|Azalea|Benji|Betsy|Blaze|Bolfar|Boltyn|Bravo|Brevant|Briar|Broscilio|Brutus|Chane|Cindra|Crackni|Crix|Dash|DataDoll|Dorinthea|Dromai|Emperor|Enigma|Fai|Fang|Florian|Frankie|Genis|GravyBones|Hala|Ira|Iyslander|Jarl|Kano|Kassai|Katsu|Kavdaen|Kayo|Kox|Levia|Lexi|Librarian|Lyath|Marlynn|Maxx|Melody|Nuu|Oldhim|Olympia|Oscilio|Pleiades|Prism|Puffin|RKO|Reya|Rhinar|Riptide|Ruudi|Scurv|Shiyana|Slippy|Squizzy|Starvo|Taipanis|Taylor|Teklovossen|Terra|Theryon|Tuffnut|Uzuri|Valda|Verdance|Victor|Viserai|Vynnset|Yoji|Yorick|Zen|Zyggy,Blitz|Clash|ClassicConstructed|Draft|LivingLegend|Open|Sealed|SilverAge|UltimatePitFight,GoAgain,False,False,True,True,False,P2,55,template_expandable
malefic_incantation,malefic_incantation_blue|malefic_incantation_red|malefic_incantation_yellow,Malefic Incantation,Action,ArmoryDeckLegendsViserai|FlorianBlitzDeck|GEM|Rosetta|ViseraiSilverAgeDeck,Aurora|Aurora2|Briar|Chane|Florian|Viserai|Vynnset,Blitz|Clash|ClassicConstructed|Draft|LivingLegend|Open|Sealed|SilverAge|UltimatePitFight,GoAgain,False,False,True,True,False,P2,55,template_expandable
man_overboard,man_overboard_blue|man_overboard_red|man_overboard_yellow,Man Overboard,Action,CompendiumOfRathe|GEM,GravyBones,Blitz|Clash|ClassicConstructed|LivingLegend|Open|SilverAge|UltimatePitFight,GoAgain,False,False,True,True,False,P2,55,template_expandable
mangle,mangle_red,Mangle,Action,ArmoryDeckOriginsJarl|CrucibleOfWar|HistoryPack1,Betsy|Bolfar|Bravo|Brevant|Crix|Jarl|Kox|Lyath|Oldhim|Pleiades|Reya|Starvo|Terra|Valda|Victor|Yoji,Blitz|ClassicConstructed|LivingLegend|Open|UltimatePitFight,Crush,False,False,True,True,False,P2,55,template_expandable
march_of_loyalty,march_of_loyalty_red,March of Loyalty,Action,GEM|TheHunted,Cindra|Dromai|Emperor|Fai|Fang|Taipanis,Blitz|Clash|ClassicConstructed|Draft|LivingLegend|Open|Sealed|SilverAge|UltimatePitFight,GoAgain,False,False,True,True,False,P2,55,template_expandable
mark_of_the_huntsman,mark_of_the_huntsman,Mark of the Huntsman,Weapon,ArakniSilverAgeDeck|ArakniWebOfDeceitBlitzDeck|GEM|Promos|TheHunted,Arakni|Crackni|Nuu|Slippy|Uzuri,Blitz|Clash|ClassicConstructed|Draft|LivingLegend|Open|Sealed|SilverAge|UltimatePitFight,GoAgain|Mark,False,False,True,True,False,P2,55,template_expandable
mark_with_magma,mark_with_magma_red,Mark with Magma,Action,CindraBlitzDeck|TheHunted,Cindra|Fai,Blitz|Clash|ClassicConstructed|Draft|LivingLegend|Open|Sealed|SilverAge|UltimatePitFight,GoAgain|Mark,False,False,True,True,False,P2,55,template_expandable
mask_of_shifting_perspectives,mask_of_shifting_perspectives,Mask of Shifting Perspectives,Equipment,BenjiBlitzDeck|Outsiders|UzuriBlitzDeck,Arakni|Benji|Cindra|Crackni|Fai|Ira|Katsu|Nuu|Slippy|Taylor|Uzuri|Zen,Blitz|Clash|ClassicConstructed|Draft|LivingLegend|Open|Sealed|SilverAge|UltimatePitFight,BladeBreak,False,False,True,True,False,P2,55,template_expandable
massacre,massacre_red,Massacre,Action,ArmoryDeckRhinar|CrucibleOfWar|HistoryPack1,Kayo|Levia|RKO|Rhinar|Tuffnut,Blitz|ClassicConstructed|LivingLegend|Open|UltimatePitFight,Intimidate,False,False,True,True,False,P2,55,template_expandable
mauling_qi,mauling_qi_red,Mauling Qi,Action,RoundTheTable,Benji|Cindra|Fai|Ira|Katsu|Zen,Blitz|ClassicConstructed|LivingLegend|Open|UltimatePitFight,Combo,False,False,True,True,False,P2,55,template_expandable
mauvrion_skies,mauvrion_skies_blue|mauvrion_skies_red|mauvrion_skies_yellow,Mauvrion Skies,Action,CrucibleOfWar|HistoryPack1|TournamentPack|ViseraiSilverAgeDeck,Aurora|Aurora2|Briar|Chane|Florian|Viserai|Vynnset,Blitz|Clash|ClassicConstructed|LivingLegend|Open|SilverAge|UltimatePitFight,GoAgain,False,False,True,True,False,P2,55,template_expandable
mbrio_base_digits,mbrio_base_digits,mBrio Base Digits,Equipment,CompendiumOfRathe,Dash|DataDoll|Maxx|Puffin|Taylor|Teklovossen,Blitz|Clash|ClassicConstructed|LivingLegend|Open|SilverAge|UltimatePitFight,Temper,False,False,True,True,False,P2,55,template_expandable
meat_and_greet,meat_and_greet_blue|meat_and_greet_red|meat_and_greet_yellow,Meat and Greet,Action,AuroraBlitzDeck|CrucibleOfWar|HistoryPack1|Rosetta,Aurora|Aurora2|Briar|Chane|Florian|Viserai|Vynnset,Blitz|Clash|ClassicConstructed|Draft|LivingLegend|Open|Sealed|SilverAge|UltimatePitFight,GoAgain,False,False,True,True,False,P2,55,template_expandable
melting_point,melting_point_red,Melting Point,Action,Outsiders,Azalea|Lexi|Marlynn|Riptide,Blitz|ClassicConstructed|Draft|LivingLegend|Open|Sealed|UltimatePitFight,GoAgain,False,False,True,True,False,P2,55,template_expandable
merciless_battleaxe,merciless_battleaxe,Merciless Battleaxe,Weapon,Dynasty,Boltyn|Dorinthea|Emperor|Fang|Hala|Kassai|Olympia,Blitz|Clash|ClassicConstructed|LivingLegend|Open|UltimatePitFight,Overpower,False,False,True,True,False,P2,55,template_expandable
metis_archangel_of_tenacity,metis_archangel_of_tenacity,"Metis, Archangel of Tenacity",,DuskTillDawn,Librarian|Prism|Theryon,Blitz|ClassicConstructed|LivingLegend|Open|UltimatePitFight,Dominate|Ward,False,False,True,True,False,P2,55,template_expandable
mhz_script,mhz_script_yellow,MHz Script,Action,BrightLights,Dash|DataDoll|Maxx|Puffin|Teklovossen,Blitz|Clash|ClassicConstructed|Draft|LivingLegend|Open|Sealed|SilverAge|UltimatePitFight,Crank|GoAgain,False,False,True,True,False,P2,55,template_expandable
micro_processor,micro_processor_blue,Micro-processor,Action,Everfest,DataDoll|Shiyana,Blitz|Clash|ClassicConstructed|LivingLegend|Open|UltimatePitFight,Opt|Specialization,False,False,True,True,False,P2,55,template_expandable
midas_touch,midas_touch_yellow,Midas Touch,Action,HighSeas|Promos,Arakni|Aurora|Aurora2|Azalea|Benji|Betsy|Blaze|Bolfar|Boltyn|Bravo|Brevant|Briar|Broscilio|Brutus|Chane|Cindra|Crackni|Crix|Dash|DataDoll|Dorinthea|Dromai|Enigma|Fai|Fang|Florian|Frankie|Genis|GravyBones|Hala|Ira|Iyslander|Jarl|Kano|Kassai|Katsu|Kavdaen|Kayo|Kox|Levia|Lexi|Librarian|Lyath|Marlynn|Maxx|Melody|Nuu|Oldhim|Olympia|Oscilio|Pleiades|Prism|Puffin|RKO|Reya|Rhinar|Riptide|Ruudi|Scurv|Shiyana|Slippy|Squizzy|Starvo|Taipanis|Taylor|Teklovossen|Terra|Theryon|Tuffnut|Uzuri|Valda|Verdance|Victor|Viserai|Vynnset|Yoji|Yorick|Zen|Zyggy,Blitz|ClassicConstructed|Draft|LivingLegend|Open|Sealed|UltimatePitFight,GoAgain,False,False,True,True,False,P2,55,template_expandable
mind_warp,mind_warp_yellow,Mind Warp,Action,Dynasty,Blaze|Broscilio|Iyslander|Kano|Oscilio|Verdance,Blitz|ClassicConstructed|LivingLegend|Open|UltimatePitFight,Surge,False,False,True,True,False,P2,55,template_expandable
minnowism,minnowism_blue|minnowism_red|minnowism_yellow,Minnowism,Action,Monarch,Arakni|Aurora|Aurora2|Azalea|Benji|Betsy|Blaze|Bolfar|Boltyn|Bravo|Brevant|Briar|Broscilio|Brutus|Chane|Cindra|Crackni|Crix|Dash|DataDoll|Dorinthea|Dromai|Emperor|Enigma|Fai|Fang|Florian|Frankie|Genis|GravyBones|Hala|Ira|Iyslander|Jarl|Kano|Kassai|Katsu|Kavdaen|Kayo|Kox|Levia|Lexi|Librarian|Lyath|Marlynn|Maxx|Melody|Nuu|Oldhim|Olympia|Oscilio|Pleiades|Prism|Puffin|RKO|Reya|Rhinar|Riptide|Ruudi|Scurv|Shiyana|Slippy|Squizzy|Starvo|Taipanis|Taylor|Teklovossen|Terra|Theryon|Tuffnut|Uzuri|Valda|Verdance|Victor|Viserai|Vynnset|Yoji|Yorick|Zen|Zyggy,Blitz|Clash|ClassicConstructed|Draft|LivingLegend|Open|Sealed|SilverAge|UltimatePitFight,GoAgain,False,False,True,True,False,P2,55,template_expandable
mischievous_meeps,mischievous_meeps_red,Mischievous Meeps,Action,DuskTillDawn,Arakni|Aurora|Aurora2|Azalea|Benji|Betsy|Blaze|Bolfar|Boltyn|Bravo|Brevant|Briar|Broscilio|Brutus|Chane|Cindra|Crackni|Crix|Dash|DataDoll|Dorinthea|Dromai|Emperor|Enigma|Fai|Fang|Florian|Frankie|Genis|GravyBones|Hala|Ira|Iyslander|Jarl|Kano|Kassai|Katsu|Kavdaen|Kayo|Kox|Levia|Lexi|Librarian|Lyath|Marlynn|Maxx|Melody|Nuu|Oldhim|Olympia|Oscilio|Pleiades|Prism|Puffin|RKO|Reya|Rhinar|Riptide|Ruudi|Scurv|Shiyana|Slippy|Squizzy|Starvo|Taipanis|Taylor|Teklovossen|Terra|Theryon|Tuffnut|Uzuri|Valda|Verdance|Victor|Viserai|Vynnset|Yoji|Yorick|Zen|Zyggy,Blitz|ClassicConstructed|LivingLegend|Open|UltimatePitFight,GoAgain,False,False,True,True,False,P2,55,template_expandable
monkey_powder,monkey_powder_red,Monkey Powder,Action,HighSeas,Azalea|Lexi|Marlynn|Riptide,Blitz|Clash|ClassicConstructed|Draft|LivingLegend|Open|Sealed|SilverAge|UltimatePitFight,GoAgain|Overpower,False,False,True,True,False,P2,55,template_expandable
monstrous_veil,monstrous_veil,Monstrous Veil,Equipment,HeavyHitters|Promos|RhinarBlitzDeck,Rhinar|Shiyana|Taylor,Blitz|Clash|ClassicConstructed|Draft|LivingLegend|Open|Sealed|SilverAge|UltimatePitFight,Battleworn|GoAgain|Specialization,False,False,True,True,False,P2,55,template_expandable
moonshot,moonshot_yellow,Moonshot,Action,BrightLights,Dash|DataDoll|Maxx|Puffin|Teklovossen,Blitz|ClassicConstructed|Draft|LivingLegend|Open|Sealed|UltimatePitFight,Overpower,False,False,True,True,False,P2,55,template_expandable
mordred_tide,mordred_tide_red,Mordred Tide,Action,ArcaneRising|ArmoryDeckLegendsViserai|HistoryPack1,Aurora|Aurora2|Briar|Chane|Florian|Viserai|Vynnset,Blitz|ClassicConstructed|Draft|LivingLegend|Open|Sealed|UltimatePitFight,GoAgain,False,False,True,True,False,P2,55,template_expandable
mounting_anger,mounting_anger_blue|mounting_anger_red|mounting_anger_yellow,Mounting Anger,Action,FaiSilverAgeDeck|Uprising,Cindra|Fai,Blitz|Clash|ClassicConstructed|Draft|LivingLegend|Open|Sealed|SilverAge|UltimatePitFight,GoAgain,False,False,True,True,False,P2,55,template_expandable
mugenshi_release,mugenshi_release_yellow,Mugenshi: RELEASE,Action,HistoryPack1|WelcomeToRathe,Katsu|Shiyana,Blitz|Clash|ClassicConstructed|Draft|LivingLegend|Open|Sealed|UltimatePitFight,Combo|GoAgain|Specialization,False,False,True,True,False,P2,55,template_expandable
murderous_rabble,murderous_rabble_blue,Murderous Rabble,Action,ArmoryDeckGravyBones|HighSeas,GravyBones|Marlynn|Puffin|Scurv,Blitz|Clash|ClassicConstructed|Draft|LivingLegend|Open|Sealed|SilverAge|UltimatePitFight,GoAgain,False,False,True,True,False,P2,55,template_expandable
mutiny_on_the_nimbus_sovereign,mutiny_on_the_nimbus_sovereign_blue,Mutiny on the Nimbus Sovereign,Action,HighSeas,GravyBones|Marlynn|Puffin|Scurv,Blitz|Clash|ClassicConstructed|Draft|LivingLegend|Open|Sealed|SilverAge|UltimatePitFight,GoAgain|Overpower|Steal,False,False,True,True,False,P2,55,template_expandable
mutiny_on_the_swiftwater,mutiny_on_the_swiftwater_blue,Mutiny on the Swiftwater,Action,HighSeas,GravyBones|Marlynn|Puffin|Scurv,Blitz|Clash|ClassicConstructed|Draft|LivingLegend|Open|Sealed|SilverAge|UltimatePitFight,GoAgain|Steal,False,False,True,True,False,P2,55,template_expandable
natures_path_pilgrimage,natures_path_pilgrimage_blue|natures_path_pilgrimage_red|natures_path_pilgrimage_yellow,Nature's Path Pilgrimage,Action,DorintheaHeroDeck|HistoryPack1|WelcomeToRathe,Boltyn|Dorinthea|Emperor|Fang|Hala|Kassai|Olympia,Blitz|Clash|ClassicConstructed|Draft|LivingLegend|Open|Sealed|SilverAge|UltimatePitFight,GoAgain,False,False,True,True,False,P2,55,template_expandable
no_hero_stands_alone,no_hero_stands_alone_yellow,No Hero Stands Alone,Action,SuperSlam,Brutus|Pleiades|Tuffnut,Blitz|ClassicConstructed|Draft|LivingLegend|Open|Sealed|UltimatePitFight,Ambush|Clash,False,False,True,True,False,P2,55,template_expandable
nock_the_deathwhistle,nock_the_deathwhistle_blue,Nock the Deathwhistle,Action,ArcaneRising|ArmoryDeckAzalea|HistoryPack1,Azalea|Shiyana,Blitz|Clash|ClassicConstructed|Draft|LivingLegend|Open|Sealed|UltimatePitFight,GoAgain|Reload|Specialization,False,False,True,True,False,P2,55,template_expandable
nourishing_emptiness,nourishing_emptiness_red,Nourishing Emptiness,Action,Monarch|Promos,Arakni|Aurora|Aurora2|Azalea|Benji|Betsy|Blaze|Bolfar|Boltyn|Bravo|Brevant|Briar|Broscilio|Brutus|Chane|Cindra|Crackni|Crix|Dash|DataDoll|Dorinthea|Dromai|Emperor|Enigma|Fai|Fang|Florian|Frankie|Genis|GravyBones|Hala|Ira|Iyslander|Jarl|Kano|Kassai|Katsu|Kavdaen|Kayo|Kox|Levia|Lexi|Librarian|Lyath|Marlynn|Maxx|Melody|Nuu|Oldhim|Olympia|Oscilio|Pleiades|Prism|Puffin|RKO|Reya|Rhinar|Riptide|Ruudi|Scurv|Shiyana|Slippy|Squizzy|Starvo|Taipanis|Taylor|Teklovossen|Terra|Theryon|Tuffnut|Uzuri|Valda|Verdance|Victor|Viserai|Vynnset|Yoji|Yorick|Zen|Zyggy,Blitz|ClassicConstructed|Draft|LivingLegend|Open|Sealed|UltimatePitFight,Dominate,False,False,True,True,False,P2,55,template_expandable
null__shock,null__shock_yellow,Null // Shock,Instant,Promos|Rosetta,Broscilio|Oscilio,Blitz|ClassicConstructed|Draft|LivingLegend|Open|Sealed|UltimatePitFight,Meld|Negate,False,False,True,True,False,P2,55,template_expandable
nullrune_boots,nullrune_boots,Nullrune Boots,Equipment,ArcaneRising|BravoSilverAgeDeck|HistoryPack1|Promos|ViseraiSilverAgeDeck,Arakni|Aurora|Aurora2|Azalea|Benji|Betsy|Blaze|Bolfar|Boltyn|Bravo|Brevant|Briar|Broscilio|Brutus|Chane|Cindra|Crackni|Crix|Dash|DataDoll|Dorinthea|Dromai|Emperor|Enigma|Fai|Fang|Florian|Frankie|Genis|GravyBones|Hala|Ira|Iyslander|Jarl|Kano|Kassai|Katsu|Kavdaen|Kayo|Kox|Levia|Lexi|Librarian|Lyath|Marlynn|Maxx|Melody|Nuu|Oldhim|Olympia|Oscilio|Pleiades|Prism|Puffin|RKO|Reya|Rhinar|Riptide|Ruudi|Scurv|Shiyana|Slippy|Squizzy|Starvo|Taipanis|Taylor|Teklovossen|Terra|Theryon|Tuffnut|Uzuri|Valda|Verdance|Victor|Viserai|Vynnset|Yoji|Yorick|Zen|Zyggy,Blitz|Clash|ClassicConstructed|Draft|LivingLegend|Open|Sealed|SilverAge|UltimatePitFight,ArcaneBarrier,False,False,True,True,False,P2,55,template_expandable
nullrune_gloves,nullrune_gloves,Nullrune Gloves,Equipment,ArcaneRising|BravoSilverAgeDeck|DashSilverAgeDeck|DorintheaSilverAgeDeck|HistoryPack1|IyslanderSilverAgeDeck|KayoSilverAgeDeck|Promos|ViseraiSilverAgeDeck,Arakni|Aurora|Aurora2|Azalea|Benji|Betsy|Blaze|Bolfar|Boltyn|Bravo|Brevant|Briar|Broscilio|Brutus|Chane|Cindra|Crackni|Crix|Dash|DataDoll|Dorinthea|Dromai|Emperor|Enigma|Fai|Fang|Florian|Frankie|Genis|GravyBones|Hala|Ira|Iyslander|Jarl|Kano|Kassai|Katsu|Kavdaen|Kayo|Kox|Levia|Lexi|Librarian|Lyath|Marlynn|Maxx|Melody|Nuu|Oldhim|Olympia|Oscilio|Pleiades|Prism|Puffin|RKO|Reya|Rhinar|Riptide|Ruudi|Scurv|Shiyana|Slippy|Squizzy|Starvo|Taipanis|Taylor|Teklovossen|Terra|Theryon|Tuffnut|Uzuri|Valda|Verdance|Victor|Viserai|Vynnset|Yoji|Yorick|Zen|Zyggy,Blitz|Clash|ClassicConstructed|Draft|LivingLegend|Open|Sealed|SilverAge|UltimatePitFight,ArcaneBarrier,False,False,True,True,False,P2,55,template_expandable
nullrune_hood,nullrune_hood,Nullrune Hood,Equipment,ArcaneRising|DashSilverAgeDeck|DorintheaSilverAgeDeck|EnigmaSilverAgeDeck|HistoryPack1|IyslanderSilverAgeDeck|KayoSilverAgeDeck|Promos,Arakni|Aurora|Aurora2|Azalea|Benji|Betsy|Blaze|Bolfar|Boltyn|Bravo|Brevant|Briar|Broscilio|Brutus|Chane|Cindra|Crackni|Crix|Dash|DataDoll|Dorinthea|Dromai|Emperor|Enigma|Fai|Fang|Florian|Frankie|Genis|GravyBones|Hala|Ira|Iyslander|Jarl|Kano|Kassai|Katsu|Kavdaen|Kayo|Kox|Levia|Lexi|Librarian|Lyath|Marlynn|Maxx|Melody|Nuu|Oldhim|Olympia|Oscilio|Pleiades|Prism|Puffin|RKO|Reya|Rhinar|Riptide|Ruudi|Scurv|Shiyana|Slippy|Squizzy|Starvo|Taipanis|Taylor|Teklovossen|Terra|Theryon|Tuffnut|Uzuri|Valda|Verdance|Victor|Viserai|Vynnset|Yoji|Yorick|Zen|Zyggy,Blitz|Clash|ClassicConstructed|Draft|LivingLegend|Open|Sealed|SilverAge|UltimatePitFight,ArcaneBarrier,False,False,True,True,False,P2,55,template_expandable
nullrune_robe,nullrune_robe,Nullrune Robe,Equipment,ArakniSilverAgeDeck|ArcaneRising|BravoSilverAgeDeck|DorintheaSilverAgeDeck|EnigmaSilverAgeDeck|HistoryPack1|KayoSilverAgeDeck|Promos,Arakni|Aurora|Aurora2|Azalea|Benji|Betsy|Blaze|Bolfar|Boltyn|Bravo|Brevant|Briar|Broscilio|Brutus|Chane|Cindra|Crackni|Crix|Dash|DataDoll|Dorinthea|Dromai|Emperor|Enigma|Fai|Fang|Florian|Frankie|Genis|GravyBones|Hala|Ira|Iyslander|Jarl|Kano|Kassai|Katsu|Kavdaen|Kayo|Kox|Levia|Lexi|Librarian|Lyath|Marlynn|Maxx|Melody|Nuu|Oldhim|Olympia|Oscilio|Pleiades|Prism|Puffin|RKO|Reya|Rhinar|Riptide|Ruudi|Scurv|Shiyana|Slippy|Squizzy|Starvo|Taipanis|Taylor|Teklovossen|Terra|Theryon|Tuffnut|Uzuri|Valda|Verdance|Victor|Viserai|Vynnset|Yoji|Yorick|Zen|Zyggy,Blitz|Clash|ClassicConstructed|Draft|LivingLegend|Open|Sealed|SilverAge|UltimatePitFight,ArcaneBarrier,False,False,True,True,False,P2,55,template_expandable
numbskull_charm,numbskull_charm_yellow,Numbskull Charm,Instant,Promos|SuperSlam,Tuffnut,Blitz|ClassicConstructed|Draft|LivingLegend|Open|Sealed|UltimatePitFight,TheCrowdCheers,False,False,True,True,False,P2,55,template_expandable
oath_of_loyalty,oath_of_loyalty_red,Oath of Loyalty,Action,TheHunted,Cindra|Dromai|Emperor|Fai|Fang|Taipanis,Blitz|ClassicConstructed|Draft|LivingLegend|Open|Sealed|UltimatePitFight,GoAgain,False,False,True,True,False,P2,55,template_expandable
oath_of_steel,oath_of_steel_red,Oath of Steel,Action,Everfest,Boltyn|Dorinthea|Emperor|Fang|Hala|Kassai|Olympia,Blitz|ClassicConstructed|LivingLegend|Open|UltimatePitFight,GoAgain,False,False,True,True,False,P2,55,template_expandable
oath_of_the_arknight,oath_of_the_arknight_blue|oath_of_the_arknight_red|oath_of_the_arknight_yellow,Oath of the Arknight,Action,ArcaneRising|FlorianBlitzDeck|HistoryPack1|Rosetta,Aurora|Aurora2|Briar|Chane|Florian|Viserai|Vynnset,Blitz|Clash|ClassicConstructed|Draft|LivingLegend|Open|Sealed|SilverAge|UltimatePitFight,GoAgain,False,False,True,True,False,P2,55,template_expandable
odds_on_favorite,odds_on_favorite_blue,Odds on Favorite,Action,ArmoryDeckOlympia,Boltyn|Dorinthea|Fang|Hala|Kassai|Olympia,Blitz|ClassicConstructed|LivingLegend|Open|UltimatePitFight,GoAgain|Wager,False,False,True,True,False,P2,55,template_expandable
ode_to_wrath,ode_to_wrath_yellow,Ode to Wrath,Instant,ArmoryDeckLegendsPrism|Monarch|PrismBlitzDeck|Promos,Prism,Blitz|Clash|ClassicConstructed|Draft|LivingLegend|Open|Sealed|SilverAge|UltimatePitFight,GoAgain|Spectra,False,False,True,True,False,P2,55,template_expandable
off_cuts,off_cuts_blue,Off Cuts,Action,Promos,Frankie|Shiyana,Clash|Open|UltimatePitFight,GoAgain|Specialization,False,False,True,True,False,P2,55,template_expandable
okana_scar_wraps,okana_scar_wraps,Okana Scar Wraps,Equipment,ArmoryDeckIra,Benji|Cindra|Fai|Ira|Katsu|Taylor|Zen,Blitz|ClassicConstructed|LivingLegend|Open|UltimatePitFight,BladeBreak,False,False,True,True,False,P2,55,template_expandable
ollin_ice_cap,ollin_ice_cap,Ollin Ice Cap,Equipment,ArmoryDeckOriginsJarl,Jarl|Oldhim|Starvo|Taylor,Blitz|ClassicConstructed|LivingLegend|Open|UltimatePitFight,BladeBreak,False,False,True,True,False,P2,55,template_expandable
on_a_knife_edge,on_a_knife_edge_yellow,On a Knife Edge,Action,ClassicBattlesRhinarDorinthea,Arakni|Aurora|Aurora2|Azalea|Benji|Betsy|Blaze|Bolfar|Boltyn|Bravo|Brevant|Briar|Broscilio|Brutus|Chane|Cindra|Crackni|Crix|Dash|DataDoll|Dorinthea|Dromai|Enigma|Fai|Fang|Florian|Frankie|Genis|GravyBones|Hala|Ira|Iyslander|Jarl|Kano|Kassai|Katsu|Kavdaen|Kayo|Kox|Levia|Lexi|Librarian|Lyath|Marlynn|Maxx|Melody|Nuu|Oldhim|Olympia|Oscilio|Pleiades|Prism|Puffin|RKO|Reya|Rhinar|Riptide|Ruudi|Scurv|Shiyana|Slippy|Squizzy|Starvo|Taipanis|Taylor|Teklovossen|Terra|Theryon|Tuffnut|Uzuri|Valda|Verdance|Victor|Viserai|Vynnset|Yoji|Yorick|Zen|Zyggy,Blitz|Clash|ClassicConstructed|LivingLegend|Open|SilverAge|UltimatePitFight,GoAgain,False,False,True,True,False,P2,55,template_expandable
one_two_punch,one_two_punch_blue|one_two_punch_red|one_two_punch_yellow,One-Two Punch,Action,Outsiders,Benji|Cindra|Fai|Ira|Katsu|Zen,Blitz|Clash|ClassicConstructed|Draft|LivingLegend|Open|Sealed|SilverAge|UltimatePitFight,Combo,False,False,True,True,False,P2,55,template_expandable
open_the_center,open_the_center_blue|open_the_center_red|open_the_center_yellow,Open the Center,Action,KatsuBlitzDeck|KatsuHeroDeck|WelcomeToRathe,Benji|Cindra|Fai|Ira|Katsu|Zen,Blitz|Clash|ClassicConstructed|Draft|LivingLegend|Open|Sealed|SilverAge|UltimatePitFight,Combo|Dominate|GoAgain,False,False,True,True,False,P2,55,template_expandable
open_the_flood_gates,open_the_flood_gates_blue|open_the_flood_gates_red|open_the_flood_gates_yellow,Open the Flood Gates,Action,Rosetta,Blaze|Broscilio|Emperor|Iyslander|Kano|Oscilio|Verdance,Blitz|Clash|ClassicConstructed|Draft|LivingLegend|Open|Sealed|SilverAge|UltimatePitFight,Surge,False,False,True,True,False,P2,55,template_expandable
optekal_monocle,optekal_monocle_blue,Optekal Monocle,Action,ArcaneRising|HistoryPack1,Dash|DataDoll|Maxx|Puffin|Teklovossen,Blitz|Clash|ClassicConstructed|Draft|LivingLegend|Open|Sealed|SilverAge|UltimatePitFight,GoAgain|Opt,False,False,True,True,False,P2,55,template_expandable
orb_weaver_spinneret,orb_weaver_spinneret_blue|orb_weaver_spinneret_red|orb_weaver_spinneret_yellow,Orb-Weaver Spinneret,Action,ArakniSilverAgeDeck|ArakniWebOfDeceitBlitzDeck|Promos|TheHunted,Arakni|Crackni|Nuu|Slippy|Uzuri,Blitz|Clash|ClassicConstructed|Draft|LivingLegend|Open|Sealed|SilverAge|UltimatePitFight,GoAgain,False,False,True,True,False,P2,55,template_expandable
out_for_blood,out_for_blood_blue|out_for_blood_red|out_for_blood_yellow,Out for Blood,AttackReaction,CrucibleOfWar|DorintheaSilverAgeDeck|HistoryPack1,Boltyn|Dorinthea|Emperor|Fang|Hala|Kassai|Olympia,Blitz|Clash|ClassicConstructed|LivingLegend|Open|SilverAge|UltimatePitFight,Reprise,False,False,True,True,False,P2,55,template_expandable
out_muscle,out_muscle_blue|out_muscle_red|out_muscle_yellow,Out Muscle,Action,Monarch,Arakni|Aurora|Aurora2|Azalea|Benji|Betsy|Blaze|Bolfar|Boltyn|Bravo|Brevant|Briar|Broscilio|Brutus|Chane|Cindra|Crackni|Crix|Dash|DataDoll|Dorinthea|Dromai|Emperor|Enigma|Fai|Fang|Florian|Frankie|Genis|GravyBones|Hala|Ira|Iyslander|Jarl|Kano|Kassai|Katsu|Kavdaen|Kayo|Kox|Levia|Lexi|Librarian|Lyath|Marlynn|Maxx|Melody|Nuu|Oldhim|Olympia|Oscilio|Pleiades|Prism|Puffin|RKO|Reya|Rhinar|Riptide|Ruudi|Scurv|Shiyana|Slippy|Squizzy|Starvo|Taipanis|Taylor|Teklovossen|Terra|Theryon|Tuffnut|Uzuri|Valda|Verdance|Victor|Viserai|Vynnset|Yoji|Yorick|Zen|Zyggy,Blitz|Clash|ClassicConstructed|Draft|LivingLegend|Open|Sealed|SilverAge|UltimatePitFight,GoAgain,False,False,True,True,False,P2,55,template_expandable
outed,outed_red,Outed,Action,TheHunted,Arakni|Aurora|Aurora2|Azalea|Benji|Betsy|Blaze|Bolfar|Boltyn|Bravo|Brevant|Briar|Broscilio|Brutus|Chane|Cindra|Crackni|Crix|Dash|DataDoll|Dorinthea|Dromai|Emperor|Enigma|Fai|Fang|Florian|Frankie|Genis|GravyBones|Hala|Ira|Iyslander|Jarl|Kano|Kassai|Katsu|Kavdaen|Kayo|Kox|Levia|Lexi|Librarian|Lyath|Marlynn|Maxx|Melody|Nuu|Oldhim|Olympia|Oscilio|Pleiades|Prism|Puffin|RKO|Reya|Rhinar|Riptide|Ruudi|Scurv|Shiyana|Slippy|Squizzy|Starvo|Taipanis|Taylor|Teklovossen|Terra|Theryon|Tuffnut|Uzuri|Valda|Verdance|Victor|Viserai|Vynnset|Yoji|Yorick|Zen|Zyggy,Blitz|Clash|ClassicConstructed|Draft|LivingLegend|Open|Sealed|SilverAge|UltimatePitFight,GoAgain,False,False,True,True,False,P2,55,template_expandable
outland_skirmish,outland_skirmish_blue|outland_skirmish_red|outland_skirmish_yellow,Outland Skirmish,Action,Everfest,Boltyn|Dorinthea|Emperor|Fang|Hala|Kassai|Olympia,Blitz|Clash|ClassicConstructed|LivingLegend|Open|SilverAge|UltimatePitFight,GoAgain,False,False,True,True,False,P2,55,template_expandable
over_flex,over_flex_blue|over_flex_red|over_flex_yellow,Over Flex,Action,LexiBlitzDeck|TalesOfAria,Azalea|Lexi|Marlynn|Riptide,Blitz|Clash|ClassicConstructed|Draft|LivingLegend|Open|Sealed|SilverAge|UltimatePitFight,GoAgain|Reload,False,False,True,True,False,P2,55,template_expandable
overcharge,overcharge_blue|overcharge_red|overcharge_yellow,Overcharge,Action,CompendiumOfRathe,Aurora|Aurora2|Briar|Broscilio|Lexi|Oscilio|Starvo|Zyggy,Blitz|Clash|ClassicConstructed|LivingLegend|Open|SilverAge|UltimatePitFight,GoAgain,False,False,True,True,False,P2,55,template_expandable
overflow_the_aetherwell,overflow_the_aetherwell_blue|overflow_the_aetherwell_red|overflow_the_aetherwell_yellow,Overflow the Aetherwell,Action,Rosetta,Blaze|Broscilio|Emperor|Iyslander|Kano|Oscilio|Verdance,Blitz|Clash|ClassicConstructed|Draft|LivingLegend|Open|Sealed|SilverAge|UltimatePitFight,Surge,False,False,True,True,False,P2,55,template_expandable
overload,overload_blue|overload_red|overload_yellow,Overload,Action,Monarch,Arakni|Aurora|Aurora2|Azalea|Benji|Betsy|Blaze|Bolfar|Boltyn|Bravo|Brevant|Briar|Broscilio|Brutus|Chane|Cindra|Crackni|Crix|Dash|DataDoll|Dorinthea|Dromai|Emperor|Enigma|Fai|Fang|Florian|Frankie|Genis|GravyBones|Hala|Ira|Iyslander|Jarl|Kano|Kassai|Katsu|Kavdaen|Kayo|Kox|Levia|Lexi|Librarian|Lyath|Marlynn|Maxx|Melody|Nuu|Oldhim|Olympia|Oscilio|Pleiades|Prism|Puffin|RKO|Reya|Rhinar|Riptide|Ruudi|Scurv|Shiyana|Slippy|Squizzy|Starvo|Taipanis|Taylor|Teklovossen|Terra|Theryon|Tuffnut|Uzuri|Valda|Verdance|Victor|Viserai|Vynnset|Yoji|Yorick|Zen|Zyggy,Blitz|Clash|ClassicConstructed|Draft|LivingLegend|Open|Sealed|SilverAge|UltimatePitFight,Dominate|GoAgain,False,False,True,True,False,P2,55,template_expandable
overload_script,overload_script_red,Overload Script,Action,BrightLights,Dash|DataDoll|Maxx|Puffin|Teklovossen,Blitz|Clash|ClassicConstructed|Draft|LivingLegend|Open|Sealed|SilverAge|UltimatePitFight,Crank|Overpower,False,False,True,True,False,P2,55,template_expandable
overswing,overswing_blue|overswing_red|overswing_yellow,Overswing,Action,MasteryPackGuardian,Betsy|Bolfar|Bravo|Brevant|Crix|Jarl|Kox|Lyath|Oldhim|Pleiades|Reya|Starvo|Terra|Valda|Victor|Yoji,Blitz|Clash|ClassicConstructed|LivingLegend|Open|SilverAge|UltimatePitFight,GoAgain|Heave,False,False,True,True,False,P2,55,template_expandable
pack_hunt,pack_hunt_blue|pack_hunt_red|pack_hunt_yellow,Pack Hunt,Action,ClassicBattlesRhinarDorinthea|HeavyHitters|HistoryPack1|RhinarBlitzDeck|RhinarHeroDeck|WelcomeToRathe,Kayo|Levia|RKO|Rhinar|Tuffnut,Blitz|Clash|ClassicConstructed|Draft|LivingLegend|Open|Sealed|SilverAge|UltimatePitFight,Intimidate,False,False,True,True,False,P2,55,template_expandable
paddle_faster,paddle_faster_red,Paddle Faster,Action,ArmoryDeckGravyBones|HighSeas|Promos,GravyBones,Blitz|Clash|ClassicConstructed|Draft|LivingLegend|Open|Sealed|SilverAge|UltimatePitFight,GoAgain,False,False,True,True,False,P2,55,template_expandable
pain_in_the_backside,pain_in_the_backside_red,Pain in the Backside,Action,TheHunted,Arakni|Benji|Cindra|Crackni|Fai|Ira|Katsu|Nuu|Slippy|Uzuri|Zen,Blitz|ClassicConstructed|Draft|LivingLegend|Open|Sealed|UltimatePitFight,GoAgain,False,False,True,True,False,P2,55,template_expandable
painful_passage,painful_passage_red,Painful Passage,Action,SuperSlam,Chane|Vynnset,Blitz|ClassicConstructed|LivingLegend|Open|UltimatePitFight,GoAgain,False,False,True,True,False,P2,55,template_expandable
paragon_plate,paragon_plate,Paragon Plate,Equipment,ArmoryDeckOriginsHala,Boltyn|Dorinthea|Emperor|Fang|Hala|Kassai|Olympia|Taylor,Blitz|ClassicConstructed|LivingLegend|Open|UltimatePitFight,Temper,False,False,True,True,False,P2,55,template_expandable
path_of_vengeance,path_of_vengeance,Path of Vengeance,Equipment,TheHunted,Cindra|Dromai|Emperor|Fai|Fang|Taipanis|Taylor,Blitz|Clash|ClassicConstructed|Draft|LivingLegend|Open|Sealed|SilverAge|UltimatePitFight,BladeBreak|GoAgain,False,False,True,True,False,P2,55,template_expandable
path_well_traveled,path_well_traveled_blue,Path Well Traveled,Instant,NuuBlitzDeck|PartTheMistveil|Promos,Enigma|Nuu|Zen,Blitz|Clash|ClassicConstructed|Draft|LivingLegend|Open|Sealed|SilverAge|UltimatePitFight,GoAgain|Legendary|Transcend,False,False,True,True,False,P2,55,template_expandable
pay_up,pay_up_red,Pay Up,Action,HeavyHitters,Arakni|Aurora|Aurora2|Azalea|Benji|Betsy|Blaze|Bolfar|Boltyn|Bravo|Brevant|Briar|Broscilio|Brutus|Chane|Cindra|Crackni|Crix|Dash|DataDoll|Dorinthea|Dromai|Emperor|Enigma|Fai|Fang|Florian|Frankie|Genis|GravyBones|Hala|Ira|Iyslander|Jarl|Kano|Kassai|Katsu|Kavdaen|Kayo|Kox|Levia|Lexi|Librarian|Lyath|Marlynn|Maxx|Melody|Nuu|Oldhim|Olympia|Oscilio|Pleiades|Prism|Puffin|RKO|Reya|Rhinar|Riptide|Ruudi|Scurv|Shiyana|Slippy|Squizzy|Starvo|Taipanis|Taylor|Teklovossen|Terra|Theryon|Tuffnut|Uzuri|Valda|Verdance|Victor|Viserai|Vynnset|Yoji|Yorick|Zen|Zyggy,Blitz|ClassicConstructed|Draft|LivingLegend|Open|Sealed|UltimatePitFight,Overpower,False,False,True,True,False,P2,55,template_expandable
pedal_to_the_metal,pedal_to_the_metal_blue|pedal_to_the_metal_red|pedal_to_the_metal_yellow,Pedal to the Metal,Action,ArcaneRising|HistoryPack1,Dash|DataDoll|Maxx|Puffin|Teklovossen,Blitz|Clash|ClassicConstructed|Draft|LivingLegend|Open|Sealed|SilverAge|UltimatePitFight,Boost|Dominate,False,False,True,True,False,P2,55,template_expandable
peg_leg,peg_leg,Peg Leg,Equipment,HighSeas|Promos,GravyBones|Marlynn|Puffin|Scurv|Taylor,Blitz|Clash|ClassicConstructed|Draft|LivingLegend|Open|Sealed|SilverAge|UltimatePitFight,BladeBreak|GoAgain,False,False,True,True,False,P2,55,template_expandable
penetration_script,penetration_script_yellow,Penetration Script,Action,BrightLights,Dash|DataDoll|Maxx|Puffin|Teklovossen,Blitz|Clash|ClassicConstructed|Draft|LivingLegend|Open|Sealed|SilverAge|UltimatePitFight,Crank,False,False,True,True,False,P2,55,template_expandable
perch_grapplers,perch_grapplers,Perch Grapplers,Equipment,CrucibleOfWar|HistoryPack1,Azalea|Lexi|Marlynn|Riptide|Taylor,Blitz|ClassicConstructed|LivingLegend|Open|UltimatePitFight,BladeBreak|GoAgain,False,False,True,True,False,P2,55,template_expandable
perennial_aetherbloom,perennial_aetherbloom_blue|perennial_aetherbloom_red|perennial_aetherbloom_yellow,Perennial Aetherbloom,Action,Rosetta|VerdanceBlitzDeck,Blaze|Broscilio|Emperor|Iyslander|Kano|Oscilio|Verdance,Blitz|Clash|ClassicConstructed|Draft|LivingLegend|Open|Sealed|SilverAge|UltimatePitFight,Surge,False,False,True,True,False,P2,55,template_expandable
performance_bonus,performance_bonus_blue|performance_bonus_red|performance_bonus_yellow,Performance Bonus,Action,HeavyHitters|KassaiBlitzDeck|Promos,Arakni|Aurora|Aurora2|Azalea|Benji|Betsy|Blaze|Bolfar|Boltyn|Bravo|Brevant|Briar|Broscilio|Brutus|Chane|Cindra|Crackni|Crix|Dash|DataDoll|Dorinthea|Dromai|Emperor|Enigma|Fai|Fang|Florian|Frankie|Genis|GravyBones|Hala|Ira|Iyslander|Jarl|Kano|Kassai|Katsu|Kavdaen|Kayo|Kox|Levia|Lexi|Librarian|Lyath|Marlynn|Maxx|Melody|Nuu|Oldhim|Olympia|Oscilio|Pleiades|Prism|Puffin|RKO|Reya|Rhinar|Riptide|Ruudi|Scurv|Shiyana|Slippy|Squizzy|Starvo|Taipanis|Taylor|Teklovossen|Terra|Theryon|Tuffnut|Uzuri|Valda|Verdance|Victor|Viserai|Vynnset|Yoji|Yorick|Zen|Zyggy,Blitz|Clash|ClassicConstructed|Draft|LivingLegend|Open|Sealed|SilverAge|UltimatePitFight,GoAgain,False,False,True,True,False,P2,55,template_expandable
perk_up,perk_up_red,Perk Up,Action,HighSeas,Dash|DataDoll|Maxx|Puffin|Teklovossen,Blitz|Clash|ClassicConstructed|Draft|LivingLegend|Open|Sealed|SilverAge|UltimatePitFight,GoAgain,False,False,True,True,False,P2,55,template_expandable
phantasmify,phantasmify_blue|phantasmify_red|phantasmify_yellow,Phantasmify,Action,Monarch|PrismBlitzDeck|Promos,Dromai|Enigma|Prism|Zyggy,Blitz|Clash|ClassicConstructed|Draft|LivingLegend|Open|Sealed|SilverAge|UltimatePitFight,GoAgain|Phantasm,False,False,True,True,False,P2,55,template_expandable
phoenix_bannerman_arms,phoenix_bannerman_arms_red,Phoenix Bannerman: Arms,Action,CompendiumOfRathe,Cindra|Dromai|Emperor|Fai|Fang|Taipanis,Blitz|Clash|ClassicConstructed|LivingLegend|Open|SilverAge|UltimatePitFight,GoAgain|Legendary,False,False,True,True,False,P2,55,template_expandable
phoenix_bannerman_chest,phoenix_bannerman_chest_red,Phoenix Bannerman: Chest,Action,CompendiumOfRathe,Cindra|Dromai|Emperor|Fai|Fang|Taipanis,Blitz|Clash|ClassicConstructed|LivingLegend|Open|SilverAge|UltimatePitFight,GoAgain|Legendary,False,False,True,True,False,P2,55,template_expandable
phoenix_bannerman_head,phoenix_bannerman_head_red,Phoenix Bannerman: Head,Action,CompendiumOfRathe,Cindra|Dromai|Emperor|Fai|Fang|Taipanis,Blitz|Clash|ClassicConstructed|LivingLegend|Open|SilverAge|UltimatePitFight,GoAgain|Legendary,False,False,True,True,False,P2,55,template_expandable
phoenix_bannerman_legs,phoenix_bannerman_legs_red,Phoenix Bannerman: Legs,Action,CompendiumOfRathe,Cindra|Dromai|Emperor|Fai|Fang|Taipanis,Blitz|Clash|ClassicConstructed|LivingLegend|Open|SilverAge|UltimatePitFight,GoAgain|Legendary,False,False,True,True,False,P2,55,template_expandable
phoenix_flame,phoenix_flame_red,Phoenix Flame,Action,CompendiumOfRathe|FaiBlitzDeck|FaiSilverAgeDeck|Promos|Uprising,Cindra|Dromai|Emperor|Fai|Fang|Taipanis,Blitz|Clash|ClassicConstructed|Draft|LivingLegend|Open|Sealed|SilverAge|UltimatePitFight,GoAgain,False,False,True,True,False,P2,55,template_expandable
phoenix_form,phoenix_form_red,Phoenix Form,Action,Uprising,Cindra|Fai,Blitz|ClassicConstructed|Draft|LivingLegend|Open|Sealed|UltimatePitFight,GoAgain,False,False,True,True,False,P2,55,template_expandable
photon_rush,photon_rush_blue|photon_rush_red,Photon Rush,Action,FirstStrikeAurora|ArmoryDeckAurora,Aurora|Briar|Florian,Blitz|Clash|ClassicConstructed|LivingLegend|Open|SilverAge|UltimatePitFight,Flow|GoAgain,False,False,True,True,False,P2,55,template_expandable
photon_splicing,photon_splicing_blue|photon_splicing_red|photon_splicing_yellow,Photon Splicing,Action,OscilioBlitzDeck|Rosetta,Blaze|Broscilio|Emperor|Iyslander|Kano|Oscilio|Verdance,Blitz|Clash|ClassicConstructed|Draft|LivingLegend|Open|Sealed|SilverAge|UltimatePitFight,Amp,False,False,True,True,False,P2,55,template_expandable
pick_a_card_any_card,pick_a_card_any_card_blue|pick_a_card_any_card_red|pick_a_card_any_card_yellow,"Pick a Card, Any Card",Action,Everfest,Arakni|Aurora|Aurora2|Azalea|Benji|Betsy|Blaze|Bolfar|Boltyn|Bravo|Brevant|Briar|Broscilio|Brutus|Chane|Cindra|Crackni|Crix|Dash|DataDoll|Dorinthea|Dromai|Emperor|Enigma|Fai|Fang|Florian|Frankie|Genis|GravyBones|Hala|Ira|Iyslander|Jarl|Kano|Kassai|Katsu|Kavdaen|Kayo|Kox|Levia|Lexi|Librarian|Lyath|Marlynn|Maxx|Melody|Nuu|Oldhim|Olympia|Oscilio|Pleiades|Prism|Puffin|RKO|Reya|Rhinar|Riptide|Ruudi|Scurv|Shiyana|Slippy|Squizzy|Starvo|Taipanis|Taylor|Teklovossen|Terra|Theryon|Tuffnut|Uzuri|Valda|Verdance|Victor|Viserai|Vynnset|Yoji|Yorick|Zen|Zyggy,Blitz|Clash|ClassicConstructed|LivingLegend|Open|SilverAge|UltimatePitFight,GoAgain,False,False,True,True,False,P2,55,template_expandable
pick_up_the_point,pick_up_the_point_blue|pick_up_the_point_red|pick_up_the_point_yellow,Pick Up the Point,Action,ArakniSilverAgeDeck|GEM|TheHunted,Arakni|Benji|Cindra|Crackni|Fai|Ira|Katsu|Nuu|Slippy|Uzuri|Zen,Blitz|Clash|ClassicConstructed|Draft|LivingLegend|Open|Sealed|SilverAge|UltimatePitFight,GoAgain|Retrieve,False,False,True,True,False,P2,55,template_expandable
pierce_reality,pierce_reality_blue,Pierce Reality,Action,ArmoryDeckLegendsPrism|Everfest|Promos,Dromai|Enigma|Prism|Zyggy,Blitz|Clash|ClassicConstructed|LivingLegend|Open|SilverAge|UltimatePitFight,Spectra,False,False,True,True,False,P2,55,template_expandable
pint_of_strong_and_stout,pint_of_strong_and_stout_blue,Pint of Strong and Stout,Action,BetsyBlitzDeck|HeavyHitters|Promos,Betsy|Bolfar|Bravo|Brevant|Crix|Jarl|Kox|Lyath|Oldhim|Pleiades|Reya|Starvo|Terra|Valda|Victor|Yoji,Blitz|Clash|ClassicConstructed|Draft|LivingLegend|Open|Sealed|SilverAge|UltimatePitFight,GoAgain,False,False,True,True,False,P2,55,template_expandable
plating_of_unity,plating_of_unity,Plating of Unity,Equipment,CompendiumOfRathe,Boltyn|Dorinthea|Emperor|Fang|Hala|Kassai|Olympia|Taylor,Blitz|Clash|ClassicConstructed|LivingLegend|Open|SilverAge|UltimatePitFight,Temper|Unity,False,False,True,True,False,P2,55,template_expandable
plow_through,plow_through_blue|plow_through_red|plow_through_yellow,Plow Through,Action,Monarch,Boltyn|Dorinthea|Emperor|Fang|Hala|Kassai|Olympia,Blitz|Clash|ClassicConstructed|Draft|LivingLegend|Open|Sealed|SilverAge|UltimatePitFight,GoAgain,False,False,True,True,False,P2,55,template_expandable
plow_under,plow_under_yellow,Plow Under,Action,Rosetta|SuperSlam,Briar|Florian|Jarl|Oldhim|Starvo|Terra|Verdance,Blitz|ClassicConstructed|Draft|LivingLegend|Open|Sealed|UltimatePitFight,Decompose,False,False,True,True,False,P2,55,template_expandable
plunder_run,plunder_run_blue|plunder_run_red|plunder_run_yellow,Plunder Run,Action,ArcaneRising|HistoryPack1,Arakni|Aurora|Aurora2|Azalea|Benji|Betsy|Blaze|Bolfar|Boltyn|Bravo|Brevant|Briar|Broscilio|Brutus|Chane|Cindra|Crackni|Crix|Dash|DataDoll|Dorinthea|Dromai|Emperor|Enigma|Fai|Fang|Florian|Frankie|Genis|GravyBones|Hala|Ira|Iyslander|Jarl|Kano|Kassai|Katsu|Kavdaen|Kayo|Kox|Levia|Lexi|Librarian|Lyath|Marlynn|Maxx|Melody|Nuu|Oldhim|Olympia|Oscilio|Pleiades|Prism|Puffin|RKO|Reya|Rhinar|Riptide|Ruudi|Scurv|Shiyana|Slippy|Squizzy|Starvo|Taipanis|Taylor|Teklovossen|Terra|Theryon|Tuffnut|Uzuri|Valda|Verdance|Victor|Viserai|Vynnset|Yoji|Yorick|Zen|Zyggy,Blitz|Draft|LivingLegend|Open|Sealed|UltimatePitFight,GoAgain,False,False,True,True,False,P2,55,template_expandable
plunge,plunge_blue|plunge_red|plunge_yellow,Plunge,Action,Outsiders,Arakni|Benji|Cindra|Crackni|Fai|Ira|Katsu|Nuu|Slippy|Uzuri|Zen,Blitz|Clash|ClassicConstructed|Draft|LivingLegend|Open|Sealed|SilverAge|UltimatePitFight,GoAgain,False,False,True,True,False,P2,55,template_expandable
plunge_the_prospect,plunge_the_prospect_blue|plunge_the_prospect_red|plunge_the_prospect_yellow,Plunge the Prospect,Action,GEM|TheHunted,Arakni|Crackni|Nuu|Slippy|Uzuri,Blitz|Clash|ClassicConstructed|Draft|LivingLegend|Open|Sealed|SilverAge|UltimatePitFight,Stealth,False,False,True,True,False,P2,55,template_expandable
point_of_engagement,point_of_engagement_blue|point_of_engagement_red|point_of_engagement_yellow,Point of Engagement,Action,TheHunted,Boltyn|Dorinthea|Emperor|Fang|Hala|Kassai|Olympia,Blitz|Clash|ClassicConstructed|Draft|LivingLegend|Open|Sealed|SilverAge|UltimatePitFight,GoAgain,False,False,True,True,False,P2,55,template_expandable
point_the_tip,point_the_tip_blue|point_the_tip_red|point_the_tip_yellow,Point the Tip,Action,ArmoryDeckAzalea|Dynasty,Azalea|Lexi|Marlynn|Riptide,Blitz|Clash|ClassicConstructed|LivingLegend|Open|SilverAge|UltimatePitFight,GoAgain,False,False,True,True,False,P2,55,template_expandable
poison_the_tips,poison_the_tips_yellow,Poison the Tips,Action,CrucibleOfWar,Azalea|Lexi|Marlynn|Riptide,Blitz|ClassicConstructed|LivingLegend|Open|UltimatePitFight,GoAgain|Reload,False,False,True,True,False,P2,55,template_expandable
poisoned_blade,poisoned_blade_blue|poisoned_blade_red|poisoned_blade_yellow,Poisoned Blade,Action,CindraBlitzDeck|TheHunted,Arakni|Benji|Cindra|Crackni|Fai|Ira|Katsu|Nuu|Slippy|Uzuri|Zen,Blitz|Clash|ClassicConstructed|Draft|LivingLegend|Open|Sealed|SilverAge|UltimatePitFight,GoAgain,False,False,True,True,False,P2,55,template_expandable
polar_blast,polar_blast_blue|polar_blast_red|polar_blast_yellow,Polar Blast,Action,Promos|TalesOfAria,Iyslander|Jarl|Lexi|Oldhim|Starvo,Blitz|Clash|ClassicConstructed|Draft|LivingLegend|Open|Sealed|SilverAge|UltimatePitFight,Dominate|GoAgain,False,False,True,True,False,P2,55,template_expandable
polar_cap,polar_cap_blue|polar_cap_red|polar_cap_yellow,Polar Cap,Action,IyslanderSilverAgeDeck|Uprising,Iyslander|Oscilio|Verdance,Blitz|Clash|ClassicConstructed|Draft|LivingLegend|Open|Sealed|SilverAge|UltimatePitFight,Fusion,False,False,True,True,False,P2,55,template_expandable
pop_the_bubble,pop_the_bubble_blue|pop_the_bubble_red|pop_the_bubble_yellow,Pop the Bubble,Action,Rosetta,Blaze|Broscilio|Emperor|Iyslander|Kano|Oscilio|Verdance,Blitz|Clash|ClassicConstructed|Draft|LivingLegend|Open|Sealed|SilverAge|UltimatePitFight,Surge,False,False,True,True,False,P2,55,template_expandable
popped_collar_polo,popped_collar_polo,Popped Collar Polo,Equipment,Promos,Arakni|Aurora|Aurora2|Azalea|Benji|Betsy|Blaze|Bolfar|Boltyn|Bravo|Brevant|Briar|Broscilio|Brutus|Chane|Cindra|Crackni|Crix|Dash|DataDoll|Dorinthea|Dromai|Emperor|Enigma|Fai|Fang|Florian|Frankie|Genis|GravyBones|Hala|Ira|Iyslander|Jarl|Kano|Kassai|Katsu|Kavdaen|Kayo|Kox|Levia|Lexi|Librarian|Lyath|Marlynn|Maxx|Melody|Nuu|Oldhim|Olympia|Oscilio|Pleiades|Prism|Puffin|RKO|Reya|Rhinar|Riptide|Ruudi|Scurv|Shiyana|Slippy|Squizzy|Starvo|Taipanis|Taylor|Teklovossen|Terra|Theryon|Tuffnut|Uzuri|Valda|Verdance|Victor|Viserai|Vynnset|Yoji|Yorick|Zen|Zyggy,Clash|Open|UltimatePitFight,GoAgain,False,False,True,True,False,P2,55,template_expandable
portside_exchange,portside_exchange_blue,Portside Exchange,Action,ArmoryDeckGravyBones|HighSeas,GravyBones|Marlynn|Puffin|Scurv,Blitz|Clash|ClassicConstructed|Draft|LivingLegend|Open|Sealed|SilverAge|UltimatePitFight,GoAgain,False,False,True,True,False,P2,55,template_expandable
pouncing_qi,pouncing_qi_blue|pouncing_qi_red|pouncing_qi_yellow,Pouncing Qi,Action,Dynasty|PartTheMistveil|RoundTheTable|ZenBlitzDeck,Benji|Cindra|Fai|Ira|Katsu|Zen,Blitz|Clash|ClassicConstructed|Draft|LivingLegend|Open|Sealed|SilverAge|UltimatePitFight,Combo|GoAgain,False,False,True,True,False,P2,55,template_expandable
pound_of_flesh,pound_of_flesh_blue,Pound of Flesh,Action,CompendiumOfRathe,Levia,Blitz|Clash|ClassicConstructed|LivingLegend|Open|SilverAge|UltimatePitFight,GoAgain,False,False,True,True,False,P2,55,template_expandable
pound_town,pound_town_blue|pound_town_red|pound_town_yellow,Pound Town,Action,ArmoryDeckRhinar|HeavyHitters|RhinarBlitzDeck,Kayo|Levia|RKO|Rhinar|Tuffnut,Blitz|Clash|ClassicConstructed|Draft|LivingLegend|Open|Sealed|SilverAge|UltimatePitFight,BeatChest,False,False,True,True,False,P2,55,template_expandable
pounding_gale,pounding_gale_red,Pounding Gale,Action,WelcomeToRathe,Benji|Cindra|Fai|Ira|Katsu|Zen,Blitz|ClassicConstructed|Draft|LivingLegend|Open|Sealed|UltimatePitFight,Combo,False,False,True,True,False,P2,55,template_expandable
pour_the_mold,pour_the_mold_blue|pour_the_mold_red|pour_the_mold_yellow,Pour the Mold,Action,ArcaneRising,Dash|DataDoll|Maxx|Puffin|Teklovossen,Blitz|Clash|ClassicConstructed|Draft|LivingLegend|Open|Sealed|SilverAge|UltimatePitFight,GoAgain,False,False,True,True,False,P2,55,template_expandable
power_stance,power_stance_blue,Power Stance,Action,Promos|TheHunted,Boltyn|Dorinthea|Fang|Hala|Kassai|Olympia,Blitz|Clash|ClassicConstructed|Draft|LivingLegend|Open|Sealed|SilverAge|UltimatePitFight,GoAgain,False,False,True,True,False,P2,55,template_expandable
prayer_of_bellona,prayer_of_bellona_yellow,Prayer of Bellona,Action,DuskTillDawn,Boltyn,Blitz|ClassicConstructed|LivingLegend|Open|UltimatePitFight,Charge|GoAgain,False,False,True,True,False,P2,55,template_expandable
precision_press,precision_press_blue|precision_press_red|precision_press_yellow,Precision Press,Action,Dynasty,Boltyn|Dorinthea|Emperor|Fang|Hala|Kassai|Olympia,Blitz|Clash|ClassicConstructed|LivingLegend|Open|SilverAge|UltimatePitFight,GoAgain|Piercing,False,False,True,True,False,P2,55,template_expandable
predatory_assault,predatory_assault_blue|predatory_assault_red|predatory_assault_yellow,Predatory Assault,Action,CrucibleOfWar,Kayo|Levia|RKO|Rhinar|Tuffnut,Blitz|Clash|ClassicConstructed|LivingLegend|Open|SilverAge|UltimatePitFight,Dominate,False,False,True,True,False,P2,55,template_expandable
predatory_streak,predatory_streak_blue|predatory_streak_red|predatory_streak_yellow,Predatory Streak,Action,Dynasty|Promos,Benji|Cindra|Fai|Ira|Katsu|Zen,Blitz|Clash|ClassicConstructed|LivingLegend|Open|SilverAge|UltimatePitFight,GoAgain,False,False,True,True,False,P2,55,template_expandable
premeditate,premeditate_red,Premeditate,Action,Outsiders|Promos,Arakni|Aurora|Aurora2|Azalea|Benji|Betsy|Blaze|Bolfar|Boltyn|Bravo|Brevant|Briar|Broscilio|Brutus|Chane|Cindra|Crackni|Crix|Dash|DataDoll|Dorinthea|Dromai|Emperor|Enigma|Fai|Fang|Florian|Frankie|Genis|GravyBones|Hala|Ira|Iyslander|Jarl|Kano|Kassai|Katsu|Kavdaen|Kayo|Kox|Levia|Lexi|Librarian|Lyath|Marlynn|Maxx|Melody|Nuu|Oldhim|Olympia|Oscilio|Pleiades|Prism|Puffin|RKO|Reya|Rhinar|Riptide|Ruudi|Scurv|Shiyana|Slippy|Squizzy|Starvo|Taipanis|Taylor|Teklovossen|Terra|Theryon|Tuffnut|Uzuri|Valda|Verdance|Victor|Viserai|Vynnset|Yoji|Yorick|Zen|Zyggy,Blitz|ClassicConstructed|Draft|LivingLegend|Open|Sealed|UltimatePitFight,GoAgain,False,False,True,True,False,P2,55,template_expandable
prime_the_crowd,prime_the_crowd_blue|prime_the_crowd_red|prime_the_crowd_yellow,Prime the Crowd,Action,SuperSlam,Arakni|Aurora|Aurora2|Azalea|Benji|Betsy|Blaze|Bolfar|Boltyn|Bravo|Brevant|Briar|Broscilio|Brutus|Chane|Cindra|Crackni|Crix|Dash|DataDoll|Dorinthea|Dromai|Emperor|Enigma|Fai|Fang|Florian|Frankie|Genis|GravyBones|Hala|Ira|Iyslander|Jarl|Kano|Kassai|Katsu|Kavdaen|Kayo|Kox|Levia|Lexi|Librarian|Lyath|Marlynn|Maxx|Melody|Nuu|Oldhim|Olympia|Oscilio|Pleiades|Prism|Puffin|RKO|Reya|Rhinar|Riptide|Ruudi|Scurv|Shiyana|Slippy|Squizzy|Starvo|Taipanis|Taylor|Teklovossen|Terra|Theryon|Tuffnut|Uzuri|Valda|Verdance|Victor|Viserai|Vynnset|Yoji|Yorick|Zen|Zyggy,Blitz|Clash|ClassicConstructed|Draft|LivingLegend|Open|Sealed|SilverAge|UltimatePitFight,GoAgain|TheCrowdBoos|TheCrowdCheers,False,False,True,True,False,P2,55,template_expandable
primeval_bellow,primeval_bellow_blue|primeval_bellow_red|primeval_bellow_yellow,Primeval Bellow,Action,HistoryPack1|WelcomeToRathe,Kayo|Levia|RKO|Rhinar|Tuffnut,Blitz|Clash|ClassicConstructed|Draft|LivingLegend|Open|Sealed|SilverAge|UltimatePitFight,GoAgain,False,False,True,True,False,P2,55,template_expandable
prismatic_leyline,prismatic_leyline_yellow,Prismatic Leyline,Action,PartTheMistveil,Arakni|Aurora|Aurora2|Azalea|Benji|Betsy|Blaze|Bolfar|Boltyn|Bravo|Brevant|Briar|Broscilio|Brutus|Chane|Cindra|Crackni|Crix|Dash|DataDoll|Dorinthea|Dromai|Enigma|Fai|Fang|Florian|Frankie|Genis|GravyBones|Hala|Ira|Iyslander|Jarl|Kano|Kassai|Katsu|Kavdaen|Kayo|Kox|Levia|Lexi|Librarian|Lyath|Marlynn|Maxx|Melody|Nuu|Oldhim|Olympia|Oscilio|Pleiades|Prism|Puffin|RKO|Reya|Rhinar|Riptide|Ruudi|Scurv|Shiyana|Slippy|Squizzy|Starvo|Taipanis|Taylor|Teklovossen|Terra|Theryon|Tuffnut|Uzuri|Valda|Verdance|Victor|Viserai|Vynnset|Yoji|Yorick|Zen|Zyggy,Blitz|ClassicConstructed|Draft|LivingLegend|Open|Sealed|UltimatePitFight,GoAgain,False,False,True,True,False,P2,55,template_expandable
prognosticate,prognosticate_blue|prognosticate_red|prognosticate_yellow,Prognosticate,Action,Dynasty,Blaze|Broscilio|Emperor|Iyslander|Kano|Oscilio|Verdance,Blitz|Clash|ClassicConstructed|LivingLegend|Open|SilverAge|UltimatePitFight,Opt|Surge,False,False,True,True,False,P2,55,template_expandable
promise_of_plenty,promise_of_plenty_blue|promise_of_plenty_red|promise_of_plenty_yellow,Promise of Plenty,Action,CrucibleOfWar,Arakni|Aurora|Aurora2|Azalea|Benji|Betsy|Blaze|Bolfar|Boltyn|Bravo|Brevant|Briar|Broscilio|Brutus|Chane|Cindra|Crackni|Crix|Dash|DataDoll|Dorinthea|Dromai|Emperor|Enigma|Fai|Fang|Florian|Frankie|Genis|GravyBones|Hala|Ira|Iyslander|Jarl|Kano|Kassai|Katsu|Kavdaen|Kayo|Kox|Levia|Lexi|Librarian|Lyath|Marlynn|Maxx|Melody|Nuu|Oldhim|Olympia|Oscilio|Pleiades|Prism|Puffin|RKO|Reya|Rhinar|Riptide|Ruudi|Scurv|Shiyana|Slippy|Squizzy|Starvo|Taipanis|Taylor|Teklovossen|Terra|Theryon|Tuffnut|Uzuri|Valda|Verdance|Victor|Viserai|Vynnset|Yoji|Yorick|Zen|Zyggy,Blitz|Clash|ClassicConstructed|LivingLegend|Open|SilverAge|UltimatePitFight,GoAgain,False,False,True,True,False,P2,55,template_expandable
promising_terrain,promising_terrain_blue,Promising Terrain,Action,MasteryPackGuardian|Promos,Betsy|Bolfar|Bravo|Brevant|Crix|Jarl|Kox|Lyath|Oldhim|Pleiades|Reya|Starvo|Terra|Valda|Victor|Yoji,Blitz|Clash|ClassicConstructed|LivingLegend|Open|SilverAge|UltimatePitFight,GoAgain,False,False,True,True,False,P2,55,template_expandable
public_bounty,public_bounty_blue|public_bounty_red|public_bounty_yellow,Public Bounty,Action,TheHunted,Arakni|Aurora|Aurora2|Azalea|Benji|Betsy|Blaze|Bolfar|Boltyn|Bravo|Brevant|Briar|Broscilio|Brutus|Chane|Cindra|Crackni|Crix|Dash|DataDoll|Dorinthea|Dromai|Emperor|Enigma|Fai|Fang|Florian|Frankie|Genis|GravyBones|Hala|Ira|Iyslander|Jarl|Kano|Kassai|Katsu|Kavdaen|Kayo|Kox|Levia|Lexi|Librarian|Lyath|Marlynn|Maxx|Melody|Nuu|Oldhim|Olympia|Oscilio|Pleiades|Prism|Puffin|RKO|Reya|Rhinar|Riptide|Ruudi|Scurv|Shiyana|Slippy|Squizzy|Starvo|Taipanis|Taylor|Teklovossen|Terra|Theryon|Tuffnut|Uzuri|Valda|Verdance|Victor|Viserai|Vynnset|Yoji|Yorick|Zen|Zyggy,Blitz|Clash|ClassicConstructed|Draft|LivingLegend|Open|Sealed|SilverAge|UltimatePitFight,GoAgain|Mark,False,False,True,True,False,P2,55,template_expandable
pulping,pulping_blue|pulping_red|pulping_yellow,Pulping,Action,ArmoryDeckKayo|KayoSilverAgeDeck|Monarch|Promos,Kayo|Levia|RKO|Rhinar|Tuffnut,Blitz|Clash|ClassicConstructed|Draft|LivingLegend|Open|Sealed|SilverAge|UltimatePitFight,Dominate|GoAgain,False,False,True,True,False,P2,55,template_expandable
pulse_of_candlehold,pulse_of_candlehold_yellow,Pulse of Candlehold,Action,TalesOfAria,Briar|Starvo,Blitz|ClassicConstructed|Draft|LivingLegend|Open|Sealed|UltimatePitFight,GoAgain|Legendary,False,False,True,True,False,P2,55,template_expandable
pulsing_aether__life,pulsing_aether__life_red,Pulsing Aether // Life,Action|Instant,Promos|Rosetta|VerdanceBlitzDeck,Verdance,Blitz|Clash|ClassicConstructed|Draft|LivingLegend|Open|Sealed|SilverAge|UltimatePitFight,Meld,False,False,True,True,False,P2,55,template_expandable
punching_gloves,punching_gloves,Punching Gloves,Equipment,Promos|SuperSlam,Arakni|Aurora|Aurora2|Azalea|Benji|Betsy|Blaze|Bolfar|Boltyn|Bravo|Brevant|Briar|Broscilio|Brutus|Chane|Cindra|Crackni|Crix|Dash|DataDoll|Dorinthea|Dromai|Emperor|Enigma|Fai|Fang|Florian|Frankie|Genis|GravyBones|Hala|Ira|Iyslander|Jarl|Kano|Kassai|Katsu|Kavdaen|Kayo|Kox|Levia|Lexi|Librarian|Lyath|Marlynn|Maxx|Melody|Nuu|Oldhim|Olympia|Oscilio|Pleiades|Prism|Puffin|RKO|Reya|Rhinar|Riptide|Ruudi|Scurv|Shiyana|Slippy|Squizzy|Starvo|Taipanis|Taylor|Teklovossen|Terra|Theryon|Tuffnut|Uzuri|Valda|Verdance|Victor|Viserai|Vynnset|Yoji|Yorick|Zen|Zyggy,Blitz|Clash|ClassicConstructed|Draft|LivingLegend|Open|Sealed|SilverAge|UltimatePitFight,GoAgain,False,False,True,True,False,P2,55,template_expandable
push_forward,push_forward_blue|push_forward_red|push_forward_yellow,Push Forward,Action,BoltynBlitzDeck|CrucibleOfWar,Boltyn|Dorinthea|Emperor|Fang|Hala|Kassai|Olympia,Blitz|Clash|ClassicConstructed|LivingLegend|Open|SilverAge|UltimatePitFight,Dominate|GoAgain,False,False,True,True,False,P2,55,template_expandable
put_em_in_their_place,put_em_in_their_place_red,Put 'Em In Their Place,Action,MasteryPackGuardian,Shiyana|Valda,Blitz|Clash|ClassicConstructed|LivingLegend|Open|UltimatePitFight,Crush|Specialization,False,False,True,True,False,P2,55,template_expandable
put_on_ice,put_on_ice_blue|put_on_ice_red|put_on_ice_yellow,Put on Ice,Action,CompendiumOfRathe,Iyslander|Jarl|Lexi|Oldhim|Starvo,Blitz|Clash|ClassicConstructed|LivingLegend|Open|SilverAge|UltimatePitFight,Freeze|GoAgain,False,False,True,True,False,P2,55,template_expandable
putrid_stirrings,putrid_stirrings_blue|putrid_stirrings_red|putrid_stirrings_yellow,Putrid Stirrings,Action,DuskTillDawn,Chane|Vynnset,Blitz|Clash|ClassicConstructed|LivingLegend|Open|SilverAge|UltimatePitFight,BloodDebt|GoAgain,False,False,True,True,False,P2,55,template_expandable
qi_unleashed,qi_unleashed_blue|qi_unleashed_red|qi_unleashed_yellow,Qi Unleashed,Action,Dynasty|PartTheMistveil|RoundTheTable|ZenBlitzDeck,Benji|Cindra|Fai|Ira|Katsu|Zen,Blitz|Clash|ClassicConstructed|Draft|LivingLegend|Open|Sealed|SilverAge|UltimatePitFight,Combo,False,False,True,True,False,P2,55,template_expandable
quartermasters_boots,quartermasters_boots,Quartermaster's Boots,Equipment,HighSeas,Arakni|Aurora|Aurora2|Azalea|Benji|Betsy|Blaze|Bolfar|Boltyn|Bravo|Brevant|Briar|Broscilio|Brutus|Chane|Cindra|Crackni|Crix|Dash|DataDoll|Dorinthea|Dromai|Emperor|Enigma|Fai|Fang|Florian|Frankie|Genis|GravyBones|Hala|Ira|Iyslander|Jarl|Kano|Kassai|Katsu|Kavdaen|Kayo|Kox|Levia|Lexi|Librarian|Lyath|Marlynn|Maxx|Melody|Nuu|Oldhim|Olympia|Oscilio|Pleiades|Prism|Puffin|RKO|Reya|Rhinar|Riptide|Ruudi|Scurv|Shiyana|Slippy|Squizzy|Starvo|Taipanis|Taylor|Teklovossen|Terra|Theryon|Tuffnut|Uzuri|Valda|Verdance|Victor|Viserai|Vynnset|Yoji|Yorick|Zen|Zyggy,Blitz|Clash|ClassicConstructed|Draft|LivingLegend|Open|Sealed|SilverAge|UltimatePitFight,BladeBreak|GoAgain,False,False,True,True,False,P2,55,template_expandable
quickening_sand,quickening_sand_blue,Quickening Sand,Action,CompendiumOfRathe,Azalea|Lexi|Marlynn|Riptide,Blitz|Clash|ClassicConstructed|LivingLegend|Open|SilverAge|UltimatePitFight,GoAgain,False,False,True,True,False,P2,55,template_expandable
quickfire,quickfire_blue|quickfire_red|quickfire_yellow,Quickfire,Action,BrightLights,Dash|DataDoll|Maxx|Puffin|Teklovossen,Blitz|Clash|ClassicConstructed|Draft|LivingLegend|Open|Sealed|SilverAge|UltimatePitFight,GoAgain,False,False,True,True,False,P2,55,template_expandable
rage_specter,rage_specter_blue,Rage Specter,Action,PartTheMistveil,Dromai|Enigma|Prism|Zyggy,Blitz|ClassicConstructed|Draft|LivingLegend|Open|Sealed|UltimatePitFight,Ward,False,False,True,True,False,P2,55,template_expandable
raise_an_army,raise_an_army_yellow,Raise an Army,Action,HeavyHitters|Promos,Kassai|Shiyana,Blitz|Clash|ClassicConstructed|Draft|LivingLegend|Open|Sealed|UltimatePitFight,GoAgain|Specialization,False,False,True,True,False,P2,55,template_expandable
rake_the_embers,rake_the_embers_blue|rake_the_embers_red|rake_the_embers_yellow,Rake the Embers,Action,DromaiBlitzDeck|Uprising,Dromai,Blitz|ClassicConstructed|Draft|LivingLegend|Open|Sealed|SilverAge|UltimatePitFight,GoAgain|Transform,False,False,True,True,False,P2,55,template_expandable
ram_raider,ram_raider_blue|ram_raider_red|ram_raider_yellow,Ram Raider,Action,DuskTillDawn,Levia,Blitz|Clash|ClassicConstructed|LivingLegend|Open|SilverAge|UltimatePitFight,BloodDebt|GoAgain,False,False,True,True,False,P2,55,template_expandable
rampant_growth__life,rampant_growth__life_yellow,Rampant Growth // Life,Instant,Promos|Rosetta,Verdance,Blitz|ClassicConstructed|Draft|LivingLegend|Open|Sealed|UltimatePitFight,Amp|Meld,False,False,True,True,False,P2,55,template_expandable
ransack_and_raze,ransack_and_raze_blue,Ransack and Raze,Action,CompendiumOfRathe,Arakni|Aurora|Aurora2|Azalea|Benji|Betsy|Blaze|Bolfar|Boltyn|Bravo|Brevant|Briar|Broscilio|Brutus|Chane|Cindra|Crackni|Crix|Dash|DataDoll|Dorinthea|Dromai|Enigma|Fai|Fang|Florian|Frankie|Genis|GravyBones|Hala|Ira|Iyslander|Jarl|Kano|Kassai|Katsu|Kavdaen|Kayo|Kox|Levia|Lexi|Librarian|Lyath|Marlynn|Maxx|Melody|Nuu|Oldhim|Olympia|Oscilio|Pleiades|Prism|Puffin|RKO|Reya|Rhinar|Riptide|Ruudi|Scurv|Shiyana|Slippy|Squizzy|Starvo|Taipanis|Taylor|Teklovossen|Terra|Theryon|Tuffnut|Uzuri|Valda|Verdance|Victor|Viserai|Vynnset|Yoji|Yorick|Zen|Zyggy,Blitz|Clash|ClassicConstructed|LivingLegend|Open|SilverAge|UltimatePitFight,GoAgain,False,False,True,True,False,P2,55,template_expandable
rapid_fire,rapid_fire_yellow,Rapid Fire,Action,ArcaneRising,Azalea|Lexi|Marlynn|Riptide,Blitz|ClassicConstructed|Draft|LivingLegend|Open|Sealed|UltimatePitFight,GoAgain|Reload,False,False,True,True,False,P2,55,template_expandable
ratchet_up,ratchet_up_blue|ratchet_up_red|ratchet_up_yellow,Ratchet Up,Action,BrightLights,Dash|DataDoll|Maxx|Puffin|Teklovossen,Blitz|Clash|ClassicConstructed|Draft|LivingLegend|Open|Sealed|SilverAge|UltimatePitFight,Galvanize,False,False,True,True,False,P2,55,template_expandable
rattle_bones,rattle_bones_red,Rattle Bones,Action,CrucibleOfWar,Aurora|Aurora2|Briar|Chane|Florian|Viserai|Vynnset,Blitz|ClassicConstructed|LivingLegend|Open|UltimatePitFight,GoAgain,False,False,True,True,False,P2,55,template_expandable
raw_meat,raw_meat,Raw Meat,Equipment,HeavyHitters|KayoBlitzDeck|RhinarBlitzDeck,Kayo|Levia|RKO|Rhinar|Taylor|Tuffnut,Blitz|Clash|ClassicConstructed|Draft|LivingLegend|Open|Sealed|SilverAge|UltimatePitFight,Temper,False,False,True,True,False,P2,55,template_expandable
rawhide_rumble,rawhide_rumble_blue|rawhide_rumble_red|rawhide_rumble_yellow,Rawhide Rumble,Action,ArmoryDeckRhinar|HeavyHitters|RhinarBlitzDeck,Kayo|Levia|RKO|Rhinar|Tuffnut,Blitz|Clash|ClassicConstructed|Draft|LivingLegend|Open|Sealed|SilverAge|UltimatePitFight,BeatChest|Intimidate,False,False,True,True,False,P2,55,template_expandable
razor_reflex,razor_reflex_blue|razor_reflex_red|razor_reflex_yellow,Razor Reflex,AttackReaction,ArakniBlitzDeckARK|ArmoryDeckIra|DorintheaHeroDeck|GEM|HistoryPack1|Promos|TheHunted|WelcomeToRathe,Arakni|Aurora|Aurora2|Azalea|Benji|Betsy|Blaze|Bolfar|Boltyn|Bravo|Brevant|Briar|Broscilio|Brutus|Chane|Cindra|Crackni|Crix|Dash|DataDoll|Dorinthea|Dromai|Emperor|Enigma|Fai|Fang|Florian|Frankie|Genis|GravyBones|Hala|Ira|Iyslander|Jarl|Kano|Kassai|Katsu|Kavdaen|Kayo|Kox|Levia|Lexi|Librarian|Lyath|Marlynn|Maxx|Melody|Nuu|Oldhim|Olympia|Oscilio|Pleiades|Prism|Puffin|RKO|Reya|Rhinar|Riptide|Ruudi|Scurv|Shiyana|Slippy|Squizzy|Starvo|Taipanis|Taylor|Teklovossen|Terra|Theryon|Tuffnut|Uzuri|Valda|Verdance|Victor|Viserai|Vynnset|Yoji|Yorick|Zen|Zyggy,Blitz|Clash|ClassicConstructed|Draft|LivingLegend|Open|Sealed|SilverAge|UltimatePitFight,GoAgain,False,False,True,True,False,P2,55,template_expandable
razzle_dazzle,razzle_dazzle_blue|razzle_dazzle_red|razzle_dazzle_yellow,Razzle Dazzle,Action,BrightLights,Dash|DataDoll|Maxx|Puffin|Teklovossen,Blitz|Clash|ClassicConstructed|Draft|LivingLegend|Open|Sealed|SilverAge|UltimatePitFight,Boost,False,False,True,True,False,P2,55,template_expandable
re_charge,re_charge_blue|re_charge_red|re_charge_yellow,Re-Charge!,Action,BrightLights|DashSilverAgeDeck,Dash|DataDoll|Maxx|Puffin|Teklovossen,Blitz|Clash|ClassicConstructed|Draft|LivingLegend|Open|Sealed|SilverAge|UltimatePitFight,GoAgain,False,False,True,True,False,P2,55,template_expandable
reach_beyond_the_grave,reach_beyond_the_grave,Reach Beyond the Grave,Equipment,CompendiumOfRathe,Frankie|GravyBones|Taylor,Blitz|Clash|ClassicConstructed|LivingLegend|Open|SilverAge|UltimatePitFight,Battleworn|GoAgain,False,False,True,True,False,P2,55,template_expandable
read_the_glide_path,read_the_glide_path_blue|read_the_glide_path_red|read_the_glide_path_yellow,Read the Glide Path,Action,ArmoryDeckAzalea|AzaleaSilverAgeDeck|Everfest,Azalea|Lexi|Marlynn|Riptide,Blitz|Clash|ClassicConstructed|LivingLegend|Open|SilverAge|UltimatePitFight,GoAgain|Opt,False,False,True,True,False,P2,55,template_expandable
read_the_ripples,read_the_ripples_blue|read_the_ripples_red|read_the_ripples_yellow,Read the Ripples,Action,Uprising,Blaze|Broscilio|Emperor|Iyslander|Kano|Oscilio|Verdance,Blitz|Clash|ClassicConstructed|Draft|LivingLegend|Open|Sealed|SilverAge|UltimatePitFight,Opt,False,False,True,True,False,P2,55,template_expandable
ready_to_roll,ready_to_roll_blue,Ready to Roll,Action,Everfest,Kayo|RKO|Shiyana,Blitz|Clash|ClassicConstructed|LivingLegend|Open|UltimatePitFight,GoAgain|Specialization,False,False,True,True,False,P2,55,template_expandable
rebellious_rush,rebellious_rush_blue|rebellious_rush_red|rebellious_rush_yellow,Rebellious Rush,Action,FaiBlitzDeck|Uprising,Cindra|Fai,Blitz|Clash|ClassicConstructed|Draft|LivingLegend|Open|Sealed|SilverAge|UltimatePitFight,GoAgain,False,False,True,True,False,P2,55,template_expandable
recoil,recoil_blue|recoil_red|recoil_yellow,Recoil,Action,Outsiders,Benji|Cindra|Fai|Ira|Katsu|Zen,Blitz|Clash|ClassicConstructed|Draft|LivingLegend|Open|Sealed|SilverAge|UltimatePitFight,Combo,False,False,True,True,False,P2,55,template_expandable
red_hot,red_hot_red,Red Hot,Action,DromaiBlitzDeck|Promos|Uprising,Dromai|Fai|Shiyana,Blitz|Clash|ClassicConstructed|Draft|LivingLegend|Open|Sealed|SilverAge|UltimatePitFight,Rupture|Specialization,False,False,True,True,False,P2,55,template_expandable
regain_composure,regain_composure_blue,Regain Composure,Action,HighSeas,Arakni|Aurora|Aurora2|Azalea|Benji|Betsy|Blaze|Bolfar|Boltyn|Bravo|Brevant|Briar|Broscilio|Brutus|Chane|Cindra|Crackni|Crix|Dash|DataDoll|Dorinthea|Dromai|Enigma|Fai|Fang|Florian|Frankie|Genis|GravyBones|Hala|Ira|Iyslander|Jarl|Kano|Kassai|Katsu|Kavdaen|Kayo|Kox|Levia|Lexi|Librarian|Lyath|Marlynn|Maxx|Melody|Nuu|Oldhim|Olympia|Oscilio|Pleiades|Prism|Puffin|RKO|Reya|Rhinar|Riptide|Ruudi|Scurv|Shiyana|Slippy|Squizzy|Starvo|Taipanis|Taylor|Teklovossen|Terra|Theryon|Tuffnut|Uzuri|Valda|Verdance|Victor|Viserai|Vynnset|Yoji|Yorick|Zen|Zyggy,Blitz|Clash|ClassicConstructed|Draft|LivingLegend|Open|Sealed|SilverAge|UltimatePitFight,GoAgain,False,False,True,True,False,P2,55,template_expandable
regrowth__shock,regrowth__shock_blue,Regrowth // Shock,Action|Instant,Promos|Rosetta,Briar,Blitz|ClassicConstructed|LivingLegend|Open|UltimatePitFight,GoAgain|Meld,False,False,True,True,False,P2,55,template_expandable
regurgitating_slog,regurgitating_slog_blue|regurgitating_slog_red|regurgitating_slog_yellow,Regurgitating Slog,Action,WelcomeToRathe,Arakni|Aurora|Aurora2|Azalea|Benji|Betsy|Blaze|Bolfar|Boltyn|Bravo|Brevant|Briar|Broscilio|Brutus|Chane|Cindra|Crackni|Crix|Dash|DataDoll|Dorinthea|Dromai|Emperor|Enigma|Fai|Fang|Florian|Frankie|Genis|GravyBones|Hala|Ira|Iyslander|Jarl|Kano|Kassai|Katsu|Kavdaen|Kayo|Kox|Levia|Lexi|Librarian|Lyath|Marlynn|Maxx|Melody|Nuu|Oldhim|Olympia|Oscilio|Pleiades|Prism|Puffin|RKO|Reya|Rhinar|Riptide|Ruudi|Scurv|Shiyana|Slippy|Squizzy|Starvo|Taipanis|Taylor|Teklovossen|Terra|Theryon|Tuffnut|Uzuri|Valda|Verdance|Victor|Viserai|Vynnset|Yoji|Yorick|Zen|Zyggy,Blitz|Clash|ClassicConstructed|Draft|LivingLegend|Open|Sealed|SilverAge|UltimatePitFight,Dominate,False,False,True,True,False,P2,55,template_expandable
release_the_tension,release_the_tension_blue|release_the_tension_red|release_the_tension_yellow,Release the Tension,Action,AzaleaSilverAgeDeck|Everfest|Promos,Azalea|Lexi|Marlynn|Riptide,Blitz|Clash|ClassicConstructed|LivingLegend|Open|SilverAge|UltimatePitFight,GoAgain,False,False,True,True,False,P2,55,template_expandable
relentless_pursuit,relentless_pursuit_blue,Relentless Pursuit,Action,Promos|TheHunted,Arakni|Aurora|Aurora2|Azalea|Benji|Betsy|Blaze|Bolfar|Boltyn|Bravo|Brevant|Briar|Broscilio|Brutus|Chane|Cindra|Crackni|Crix|Dash|DataDoll|Dorinthea|Dromai|Enigma|Fai|Fang|Florian|Frankie|Genis|GravyBones|Hala|Ira|Iyslander|Jarl|Kano|Kassai|Katsu|Kavdaen|Kayo|Kox|Levia|Lexi|Librarian|Lyath|Marlynn|Maxx|Melody|Nuu|Oldhim|Olympia|Oscilio|Pleiades|Prism|Puffin|RKO|Reya|Rhinar|Riptide|Ruudi|Scurv|Shiyana|Slippy|Squizzy|Starvo|Taipanis|Taylor|Teklovossen|Terra|Theryon|Tuffnut|Uzuri|Valda|Verdance|Victor|Viserai|Vynnset|Yoji|Yorick|Zen|Zyggy,Blitz|Clash|ClassicConstructed|Draft|LivingLegend|Open|Sealed|SilverAge|UltimatePitFight,GoAgain|Mark,False,False,True,True,False,P2,55,template_expandable
rend_flesh,rend_flesh_blue,Rend Flesh,Action,CompendiumOfRathe,Boltyn|Dorinthea|Fang|Hala|Kassai|Olympia,Blitz|Clash|ClassicConstructed|LivingLegend|Open|SilverAge|UltimatePitFight,GoAgain,False,False,True,True,False,P2,55,template_expandable
requiem_for_the_damned,requiem_for_the_damned_red,Requiem for the Damned,Action,DuskTillDawn,Chane|Vynnset,Blitz|ClassicConstructed|LivingLegend|Open|UltimatePitFight,BloodDebt,False,False,True,True,False,P2,55,template_expandable
restless_bones,restless_bones_blue|restless_bones_red|restless_bones_yellow,Restless Bones,Action,ArmoryDeckGravyBones|HighSeas,GravyBones,Blitz|Clash|ClassicConstructed|Draft|LivingLegend|Open|Sealed|SilverAge|UltimatePitFight,GoAgain,False,False,True,True,False,P2,55,template_expandable
restless_coalescence,restless_coalescence_yellow,Restless Coalescence,Instant,PartTheMistveil,Dromai|Enigma|Prism|Zyggy,Blitz|ClassicConstructed|Draft|LivingLegend|Open|Sealed|UltimatePitFight,Ward,False,False,True,True,False,P2,55,template_expandable
restvine_elixir,restvine_elixir_red,Restvine Elixir,Action,CompendiumOfRathe,Arakni|Aurora|Aurora2|Azalea|Benji|Betsy|Blaze|Bolfar|Boltyn|Bravo|Brevant|Briar|Broscilio|Brutus|Chane|Cindra|Crackni|Crix|Dash|DataDoll|Dorinthea|Dromai|Emperor|Enigma|Fai|Fang|Florian|Frankie|Genis|GravyBones|Hala|Ira|Iyslander|Jarl|Kano|Kassai|Katsu|Kavdaen|Kayo|Kox|Levia|Lexi|Librarian|Lyath|Marlynn|Maxx|Melody|Nuu|Oldhim|Olympia|Oscilio|Pleiades|Prism|Puffin|RKO|Reya|Rhinar|Riptide|Ruudi|Scurv|Shiyana|Slippy|Squizzy|Starvo|Taipanis|Taylor|Teklovossen|Terra|Theryon|Tuffnut|Uzuri|Valda|Verdance|Victor|Viserai|Vynnset|Yoji|Yorick|Zen|Zyggy,Blitz|Clash|ClassicConstructed|LivingLegend|Open|SilverAge|UltimatePitFight,GoAgain,False,False,True,True,False,P2,55,template_expandable
retrace_the_past,retrace_the_past_blue,Retrace the Past,Action,TheHunted,Katsu|Shiyana,Blitz|Clash|ClassicConstructed|LivingLegend|Open|UltimatePitFight,Combo|Specialization,False,False,True,True,False,P2,55,template_expandable
revel_in_runeblood,revel_in_runeblood_red,Revel in Runeblood,Action,ArmoryDeckLegendsViserai|Everfest,Aurora|Aurora2|Briar|Chane|Florian|Viserai|Vynnset,Blitz|ClassicConstructed|LivingLegend|Open|UltimatePitFight,GoAgain,False,False,True,True,False,P2,55,template_expandable
revolting_gesture,revolting_gesture_red,Revolting Gesture,Action,SuperSlam,Lyath|RKO,Blitz|Clash|ClassicConstructed|Draft|LivingLegend|Open|Sealed|SilverAge|UltimatePitFight,GoAgain,False,False,True,True,False,P2,55,template_expandable
richter_scale,richter_scale,Richter Scale,Equipment,MasteryPackGuardian,Betsy|Bolfar|Bravo|Brevant|Crix|Jarl|Kox|Lyath|Oldhim|Pleiades|Reya|Starvo|Taylor|Terra|Valda|Victor|Yoji,Blitz|Clash|ClassicConstructed|LivingLegend|Open|SilverAge|UltimatePitFight,Battleworn,False,False,True,True,False,P2,55,template_expandable
riddle_with_regret,riddle_with_regret_red,Riddle with Regret,Action,HighSeas,Crackni|Slippy,Blitz|ClassicConstructed|LivingLegend|Open|UltimatePitFight,GoAgain,False,False,True,True,False,P2,55,template_expandable
ride_the_tailwind,ride_the_tailwind_blue|ride_the_tailwind_red|ride_the_tailwind_yellow,Ride the Tailwind,Action,Everfest,Benji|Cindra|Fai|Ira|Katsu|Zen,Blitz|Clash|ClassicConstructed|LivingLegend|Open|SilverAge|UltimatePitFight,GoAgain,False,False,True,True,False,P2,55,template_expandable
rift_skitter,rift_skitter_blue|rift_skitter_red|rift_skitter_yellow,Rift Skitter,Action,DuskTillDawn,Chane|Vynnset,Blitz|Clash|ClassicConstructed|LivingLegend|Open|SilverAge|UltimatePitFight,BloodDebt|GoAgain|RuneGate,False,False,True,True,False,P2,55,template_expandable
rifted_torment,rifted_torment_blue|rifted_torment_red|rifted_torment_yellow,Rifted Torment,Action,ChaneBlitzDeck|Monarch,Chane|Vynnset,Blitz|Clash|ClassicConstructed|Draft|LivingLegend|Open|Sealed|SilverAge|UltimatePitFight,BloodDebt,False,False,True,True,False,P2,55,template_expandable
righteous_cleansing,righteous_cleansing_yellow,Righteous Cleansing,Action,CrucibleOfWar|HistoryPack1,Betsy|Bolfar|Bravo|Brevant|Crix|Jarl|Kox|Lyath|Oldhim|Pleiades|Reya|Starvo|Terra|Valda|Victor|Yoji,Blitz|ClassicConstructed|LivingLegend|Open|UltimatePitFight,Crush,False,False,True,True,False,P2,55,template_expandable
ring_of_roses,ring_of_roses_yellow,Ring of Roses,Action,TheHunted,Shiyana|Verdance,Blitz|Clash|ClassicConstructed|LivingLegend|Open|UltimatePitFight,Legendary|Specialization,False,False,True,True,False,P2,55,template_expandable
rip_off_the_top,rip_off_the_top_yellow,Rip Off the Top,Action,CompendiumOfRathe,Kayo|Levia|RKO|Rhinar|Tuffnut,Blitz|Clash|ClassicConstructed|LivingLegend|Open|SilverAge|UltimatePitFight,GoAgain,False,False,True,True,False,P2,55,template_expandable
rise_up,rise_up_red,Rise Up,Action,FaiBlitzDeck|Promos|Uprising,Dromai|Fai|Shiyana,Blitz|Clash|ClassicConstructed|Draft|LivingLegend|Open|Sealed|SilverAge|UltimatePitFight,Dominate|Rupture|Specialization,False,False,True,True,False,P2,55,template_expandable
rising_knee_thrust,rising_knee_thrust_blue|rising_knee_thrust_red|rising_knee_thrust_yellow,Rising Knee Thrust,Action,HistoryPack1|KatsuHeroDeck|WelcomeToRathe,Benji|Cindra|Fai|Ira|Katsu|Zen,Blitz|Clash|ClassicConstructed|Draft|LivingLegend|Open|Sealed|SilverAge|UltimatePitFight,Combo|GoAgain,False,False,True,True,False,P2,55,template_expandable
rising_resentment,rising_resentment_blue|rising_resentment_red|rising_resentment_yellow,Rising Resentment,Action,FaiSilverAgeDeck|Uprising,Cindra|Fai,Blitz|Clash|ClassicConstructed|Draft|LivingLegend|Open|Sealed|SilverAge|UltimatePitFight,GoAgain,False,False,True,True,False,P2,55,template_expandable
rising_speed,rising_speed_blue|rising_speed_red|rising_speed_yellow,Rising Speed,Action,HeavyHitters|KassaiBlitzDeck|OlympiaBlitzDeck,Boltyn|Dorinthea|Emperor|Fang|Hala|Kassai|Kayo|Levia|Olympia|RKO|Rhinar|Tuffnut,Blitz|Clash|ClassicConstructed|Draft|LivingLegend|Open|Sealed|SilverAge|UltimatePitFight,GoAgain,False,False,True,True,False,P2,55,template_expandable
rising_sun_setting_moon,rising_sun_setting_moon_blue,"Rising Sun, Setting Moon",Instant,EnigmaBlitzDeck|EnigmaSilverAgeDeck|PartTheMistveil|Promos|ZenBlitzDeck,Enigma|Nuu|Zen,Blitz|Clash|ClassicConstructed|Draft|LivingLegend|Open|Sealed|SilverAge|UltimatePitFight,Legendary|Transcend,False,False,True,True,False,P2,55,template_expandable
rites_of_lightning,rites_of_lightning_blue|rites_of_lightning_red|rites_of_lightning_yellow,Rites of Lightning,Action,BriarBlitzDeck|TalesOfAria,Aurora|Briar|Florian,Blitz|Clash|ClassicConstructed|Draft|LivingLegend|Open|Sealed|SilverAge|UltimatePitFight,Fusion|GoAgain,False,False,True,True,False,P2,55,template_expandable
roar_of_the_tiger,roar_of_the_tiger_yellow,Roar of the Tiger,Action,Dynasty,Benji|Cindra|Fai|Ira|Katsu|Zen,Blitz|ClassicConstructed|LivingLegend|Open|UltimatePitFight,GoAgain,False,False,True,True,False,P2,55,template_expandable
roaring_beam,roaring_beam_yellow,Roaring Beam,AttackReaction,CompendiumOfRathe|GEM,Boltyn,Blitz|Clash|ClassicConstructed|LivingLegend|Open|SilverAge|UltimatePitFight,Charge,False,False,True,True,False,P2,55,template_expandable
robe_of_autumns_fall,robe_of_autumns_fall,Robe of Autumn's Fall,Equipment,ArmoryDeckIra,Benji|Cindra|Fai|Ira|Katsu|Taylor|Zen,Blitz|Clash|ClassicConstructed|LivingLegend|Open|SilverAge|UltimatePitFight,ArcaneBarrier,False,False,True,True,False,P2,55,template_expandable
robe_of_rapture,robe_of_rapture,Robe of Rapture,Equipment,ArcaneRising|HistoryPack1,Blaze|Broscilio|Emperor|Iyslander|Kano|Oscilio|Taylor|Verdance,Blitz|Clash|ClassicConstructed|Draft|LivingLegend|Open|Sealed|SilverAge|UltimatePitFight,ArcaneBarrier,False,False,True,True,False,P2,55,template_expandable
robe_of_resourcefulness,robe_of_resourcefulness,Robe of Resourcefulness,Equipment,CompendiumOfRathe,Blaze|Broscilio|Emperor|Iyslander|Kano|Oscilio|Taylor|Verdance,Blitz|Clash|ClassicConstructed|LivingLegend|Open|SilverAge|UltimatePitFight,BladeBreak,False,False,True,True,False,P2,55,template_expandable
roiling_fissure,roiling_fissure_blue,Roiling Fissure,Action,TheHunted,Betsy|Bolfar|Bravo|Brevant|Crix|Jarl|Kox|Lyath|Oldhim|Pleiades|Reya|Starvo|Terra|Valda|Victor|Yoji,Blitz|ClassicConstructed|LivingLegend|Open|UltimatePitFight,GoAgain,False,False,True,True,False,P2,55,template_expandable
rolling_thunder,rolling_thunder_red,Rolling Thunder,Action,Everfest,Kayo|Levia|RKO|Rhinar|Tuffnut,Blitz|ClassicConstructed|LivingLegend|Open|UltimatePitFight,GoAgain,False,False,True,True,False,P2,55,template_expandable
ronin_renegade,ronin_renegade_blue|ronin_renegade_red|ronin_renegade_yellow,Ronin Renegade,Action,CindraBlitzDeck|FaiBlitzDeck|FaiSilverAgeDeck|TheHunted|Uprising,Cindra|Fai,Blitz|Clash|ClassicConstructed|Draft|LivingLegend|Open|Sealed|SilverAge|UltimatePitFight,GoAgain,False,False,True,True,False,P2,55,template_expandable
root_bound_trunks,root_bound_trunks,Root-Bound Trunks,Equipment,ArmoryDeckOriginsJarl,Jarl|Oldhim|Starvo|Taylor|Terra,Blitz|ClassicConstructed|LivingLegend|Open|UltimatePitFight,BladeBreak,False,False,True,True,False,P2,55,template_expandable
rootbound_carapace,rootbound_carapace_blue|rootbound_carapace_red|rootbound_carapace_yellow,Rootbound Carapace,DefenseReaction,FlorianBlitzDeck|Promos|Rosetta|VerdanceBlitzDeck,Briar|Florian|Jarl|Oldhim|Starvo|Terra|Verdance,Blitz|ClassicConstructed|Draft|LivingLegend|Open|Sealed|SilverAge|UltimatePitFight,Decompose,False,False,True,True,False,P2,55,template_expandable
rotary_ram,rotary_ram_blue|rotary_ram_red|rotary_ram_yellow,Rotary Ram,Action,Everfest,Dash|DataDoll|Maxx|Puffin|Teklovossen,Blitz|Clash|ClassicConstructed|LivingLegend|Open|SilverAge|UltimatePitFight,GoAgain,False,False,True,True,False,P2,55,template_expandable
rotten_old_buckler,rotten_old_buckler,Rotten Old Buckler,Equipment,FirstStrikeTerra|MasteryPackGuardian|OldhimBlitzDeck|TalesOfAria,Betsy|Bolfar|Bravo|Brevant|Crix|Jarl|Kox|Lyath|Oldhim|Pleiades|Reya|Starvo|Taylor|Terra|Valda|Victor|Yoji,Blitz|Clash|ClassicConstructed|Draft|LivingLegend|Open|Sealed|SilverAge|UltimatePitFight,BladeBreak,False,False,True,True,False,P2,55,template_expandable
rouse_the_ancients,rouse_the_ancients_blue,Rouse the Ancients,Action,Monarch|Promos,Arakni|Aurora|Aurora2|Azalea|Benji|Betsy|Blaze|Bolfar|Boltyn|Bravo|Brevant|Briar|Broscilio|Brutus|Chane|Cindra|Crackni|Crix|Dash|DataDoll|Dorinthea|Dromai|Enigma|Fai|Fang|Florian|Frankie|Genis|GravyBones|Hala|Ira|Iyslander|Jarl|Kano|Kassai|Katsu|Kavdaen|Kayo|Kox|Levia|Lexi|Librarian|Lyath|Marlynn|Maxx|Melody|Nuu|Oldhim|Olympia|Oscilio|Pleiades|Prism|Puffin|RKO|Reya|Rhinar|Riptide|Ruudi|Scurv|Shiyana|Slippy|Squizzy|Starvo|Taipanis|Taylor|Teklovossen|Terra|Theryon|Tuffnut|Uzuri|Valda|Verdance|Victor|Viserai|Vynnset|Yoji|Yorick|Zen|Zyggy,Blitz|ClassicConstructed|Draft|LivingLegend|Open|Sealed|UltimatePitFight,GoAgain,False,False,True,True,False,P2,55,template_expandable
rumble_grunting,rumble_grunting_blue|rumble_grunting_red|rumble_grunting_yellow,Rumble Grunting,Action,Dynasty,Kayo|Levia|RKO|Rhinar|Tuffnut,Blitz|Clash|ClassicConstructed|LivingLegend|Open|SilverAge|UltimatePitFight,GoAgain,False,False,True,True,False,P2,55,template_expandable
run_through,run_through_blue|run_through_red|run_through_yellow,Run Through,AttackReaction,DorintheaDemoDeck|MasteryPackWarrior,Boltyn|Dorinthea|Emperor|Fang|Hala|Kassai|Olympia,Blitz|Clash|ClassicConstructed|LivingLegend|Open|SilverAge|UltimatePitFight,GoAgain,False,False,True,True,False,P2,55,template_expandable
rune_flash,rune_flash_blue|rune_flash_red|rune_flash_yellow,Rune Flash,Action,ArcaneRising|ArmoryDeckLegendsViserai|HistoryPack1|ViseraiSilverAgeDeck,Aurora|Aurora2|Briar|Chane|Florian|Viserai|Vynnset,Blitz|Clash|ClassicConstructed|Draft|LivingLegend|Open|Sealed|SilverAge|UltimatePitFight,GoAgain,False,False,True,True,False,P2,55,template_expandable
rune_snare,rune_snare_red,Rune Snare,Action,CompendiumOfRathe,Azalea|Lexi|Marlynn|Riptide,Blitz|ClassicConstructed|LivingLegend|Open|UltimatePitFight,GoAgain,False,False,True,True,False,P2,55,template_expandable
runeblood_incantation,runeblood_incantation_blue|runeblood_incantation_red|runeblood_incantation_yellow,Runeblood Incantation,Action,Everfest,Aurora|Aurora2|Briar|Chane|Florian|Viserai|Vynnset,Blitz|Clash|ClassicConstructed|LivingLegend|Open|SilverAge|UltimatePitFight,GoAgain,False,False,True,True,False,P2,55,template_expandable
runehold_release,runehold_release,Runehold Release,Equipment,AuroraBlitzDeck|FlorianBlitzDeck|Promos|Rosetta,Aurora|Aurora2|Briar|Chane|Florian|Taylor|Viserai|Vynnset,Blitz|Clash|ClassicConstructed|Draft|LivingLegend|Open|Sealed|SilverAge|UltimatePitFight,GoAgain,False,False,True,True,False,P2,55,template_expandable
runic_reaping,runic_reaping_blue|runic_reaping_red|runic_reaping_yellow,Runic Reaping,Action,Dynasty,Aurora|Aurora2|Briar|Chane|Florian|Viserai|Vynnset,Blitz|Clash|ClassicConstructed|LivingLegend|Open|SilverAge|UltimatePitFight,GoAgain,False,False,True,True,False,P2,55,template_expandable
runic_reckoning,runic_reckoning_red,Runic Reckoning,Action,DuskTillDawn,Aurora|Aurora2|Briar|Chane|Florian|Viserai|Vynnset,Blitz|ClassicConstructed|LivingLegend|Open|UltimatePitFight,GoAgain,False,False,True,True,False,P2,55,template_expandable
rushing_river,rushing_river_blue|rushing_river_red|rushing_river_yellow,Rushing River,Action,CrucibleOfWar|HistoryPack1,Benji|Cindra|Fai|Ira|Katsu|Zen,Blitz|Clash|ClassicConstructed|LivingLegend|Open|SilverAge|UltimatePitFight,Combo|GoAgain,False,False,True,True,False,P2,55,template_expandable
rust_belt,rust_belt,Rust Belt,Equipment,HighSeas,Dash|DataDoll|Maxx|Puffin|Taylor|Teklovossen,Blitz|Clash|ClassicConstructed|Draft|LivingLegend|Open|Sealed|SilverAge|UltimatePitFight,Battleworn,False,False,True,True,False,P2,55,template_expandable
rusted_relic,rusted_relic_blue,Rusted Relic,Action,ArcaneRising|Promos,Arakni|Aurora|Aurora2|Azalea|Benji|Betsy|Blaze|Bolfar|Boltyn|Bravo|Brevant|Briar|Broscilio|Brutus|Chane|Cindra|Crackni|Crix|Dash|DataDoll|Dorinthea|Dromai|Enigma|Fai|Fang|Florian|Frankie|Genis|GravyBones|Hala|Ira|Iyslander|Jarl|Kano|Kassai|Katsu|Kavdaen|Kayo|Kox|Levia|Lexi|Librarian|Lyath|Marlynn|Maxx|Melody|Nuu|Oldhim|Olympia|Oscilio|Pleiades|Prism|Puffin|RKO|Reya|Rhinar|Riptide|Ruudi|Scurv|Shiyana|Slippy|Squizzy|Starvo|Taipanis|Taylor|Teklovossen|Terra|Theryon|Tuffnut|Uzuri|Valda|Verdance|Victor|Viserai|Vynnset|Yoji|Yorick|Zen|Zyggy,Blitz|ClassicConstructed|Draft|LivingLegend|Open|Sealed|UltimatePitFight,ArcaneBarrier,False,False,True,True,False,P2,55,template_expandable
sadistic_scowl,sadistic_scowl_red,Sadistic Scowl,Action,SuperSlam,Lyath|RKO,Blitz|Clash|ClassicConstructed|Draft|LivingLegend|Open|Sealed|SilverAge|UltimatePitFight,GoAgain|Intimidate,False,False,True,True,False,P2,55,template_expandable
saltwater_swell,saltwater_swell_blue|saltwater_swell_red|saltwater_swell_yellow,Saltwater Swell,Action,HighSeas,GravyBones|Marlynn|Puffin|Scurv,Blitz|Clash|ClassicConstructed|Draft|LivingLegend|Open|Sealed|SilverAge|UltimatePitFight,GoAgain,False,False,True,True,False,P2,55,template_expandable
sand_sketched_plan,sand_sketched_plan_blue,Sand Sketched Plan,Action,HistoryPack1|WelcomeToRathe,Rhinar|Shiyana,Blitz|Clash|ClassicConstructed|Draft|LivingLegend|Open|Sealed|UltimatePitFight,Specialization,False,False,True,True,False,P2,55,template_expandable
sap,sap_blue|sap_red|sap_yellow,Sap,Action,Dynasty|Promos,Blaze|Broscilio|Emperor|Iyslander|Kano|Oscilio|Verdance,Blitz|Clash|ClassicConstructed|LivingLegend|Open|SilverAge|UltimatePitFight,Surge,False,False,True,True,False,P2,55,template_expandable
sapwood_elixir,sapwood_elixir_red,Sapwood Elixir,Action,CompendiumOfRathe,Arakni|Aurora|Aurora2|Azalea|Benji|Betsy|Blaze|Bolfar|Boltyn|Bravo|Brevant|Briar|Broscilio|Brutus|Chane|Cindra|Crackni|Crix|Dash|DataDoll|Dorinthea|Dromai|Emperor|Enigma|Fai|Fang|Florian|Frankie|Genis|GravyBones|Hala|Ira|Iyslander|Jarl|Kano|Kassai|Katsu|Kavdaen|Kayo|Kox|Levia|Lexi|Librarian|Lyath|Marlynn|Maxx|Melody|Nuu|Oldhim|Olympia|Oscilio|Pleiades|Prism|Puffin|RKO|Reya|Rhinar|Riptide|Ruudi|Scurv|Shiyana|Slippy|Squizzy|Starvo|Taipanis|Taylor|Teklovossen|Terra|Theryon|Tuffnut|Uzuri|Valda|Verdance|Victor|Viserai|Vynnset|Yoji|Yorick|Zen|Zyggy,Blitz|Clash|ClassicConstructed|LivingLegend|Open|SilverAge|UltimatePitFight,GoAgain,False,False,True,True,False,P2,55,template_expandable
savor_bloodshed,savor_bloodshed_red,Savor Bloodshed,Action,TheHunted,Arakni|Boltyn|Crackni|Dorinthea|Emperor|Fang|Hala|Kassai|Nuu|Olympia|Slippy|Uzuri,Blitz|ClassicConstructed|Draft|LivingLegend|Open|Sealed|UltimatePitFight,GoAgain,False,False,True,True,False,P2,55,template_expandable
scarf_for_a_scarf,scarf_for_a_scarf_red,Scarf for a Scarf,Action,Promos,Arakni|Aurora|Aurora2|Azalea|Benji|Betsy|Blaze|Bolfar|Boltyn|Bravo|Brevant|Briar|Broscilio|Brutus|Chane|Cindra|Crackni|Crix|Dash|DataDoll|Dorinthea|Dromai|Emperor|Enigma|Fai|Fang|Florian|Frankie|Genis|GravyBones|Hala|Ira|Iyslander|Jarl|Kano|Kassai|Katsu|Kavdaen|Kayo|Kox|Levia|Lexi|Librarian|Lyath|Marlynn|Maxx|Melody|Nuu|Oldhim|Olympia|Oscilio|Pleiades|Prism|Puffin|RKO|Reya|Rhinar|Riptide|Ruudi|Scurv|Shiyana|Slippy|Squizzy|Starvo|Taipanis|Taylor|Teklovossen|Terra|Theryon|Tuffnut|Uzuri|Valda|Verdance|Victor|Viserai|Vynnset|Yoji|Yorick|Zen|Zyggy,Open|UltimatePitFight,GoAgain,False,False,True,True,False,P2,55,template_expandable
scooba_salty_sea_dog,scooba_salty_sea_dog_yellow,"Scooba, Salty Sea Dog",Action,HighSeas|Promos,GravyBones,Blitz|Clash|ClassicConstructed|Draft|LivingLegend|Open|Sealed|SilverAge|UltimatePitFight,WateryGrave,False,False,True,True,False,P2,55,template_expandable
scour_the_battlescape,scour_the_battlescape_blue|scour_the_battlescape_red|scour_the_battlescape_yellow,Scour the Battlescape,Action,WelcomeToRathe,Arakni|Aurora|Aurora2|Azalea|Benji|Betsy|Blaze|Bolfar|Boltyn|Bravo|Brevant|Briar|Broscilio|Brutus|Chane|Cindra|Crackni|Crix|Dash|DataDoll|Dorinthea|Dromai|Emperor|Enigma|Fai|Fang|Florian|Frankie|Genis|GravyBones|Hala|Ira|Iyslander|Jarl|Kano|Kassai|Katsu|Kavdaen|Kayo|Kox|Levia|Lexi|Librarian|Lyath|Marlynn|Maxx|Melody|Nuu|Oldhim|Olympia|Oscilio|Pleiades|Prism|Puffin|RKO|Reya|Rhinar|Riptide|Ruudi|Scurv|Shiyana|Slippy|Squizzy|Starvo|Taipanis|Taylor|Teklovossen|Terra|Theryon|Tuffnut|Uzuri|Valda|Verdance|Victor|Viserai|Vynnset|Yoji|Yorick|Zen|Zyggy,Blitz|Clash|ClassicConstructed|Draft|LivingLegend|Open|Sealed|SilverAge|UltimatePitFight,GoAgain,False,False,True,True,False,P2,55,template_expandable
scout_the_periphery,scout_the_periphery_blue|scout_the_periphery_red|scout_the_periphery_yellow,Scout the Periphery,Action,ArmoryDeckAzalea|AzaleaBlitzDeck|AzaleaSilverAgeDeck|Outsiders|RiptideBlitzDeck,Arakni|Aurora|Aurora2|Azalea|Benji|Betsy|Blaze|Bolfar|Boltyn|Bravo|Brevant|Briar|Broscilio|Brutus|Chane|Cindra|Crackni|Crix|Dash|DataDoll|Dorinthea|Dromai|Emperor|Enigma|Fai|Fang|Florian|Frankie|Genis|GravyBones|Hala|Ira|Iyslander|Jarl|Kano|Kassai|Katsu|Kavdaen|Kayo|Kox|Levia|Lexi|Librarian|Lyath|Marlynn|Maxx|Melody|Nuu|Oldhim|Olympia|Oscilio|Pleiades|Prism|Puffin|RKO|Reya|Rhinar|Riptide|Ruudi|Scurv|Shiyana|Slippy|Squizzy|Starvo|Taipanis|Taylor|Teklovossen|Terra|Theryon|Tuffnut|Uzuri|Valda|Verdance|Victor|Viserai|Vynnset|Yoji|Yorick|Zen|Zyggy,Blitz|Clash|ClassicConstructed|Draft|LivingLegend|Open|Sealed|SilverAge|UltimatePitFight,GoAgain,False,False,True,True,False,P2,55,template_expandable
scrap_hopper,scrap_hopper_blue|scrap_hopper_red|scrap_hopper_yellow,Scrap Hopper,Action,BrightLights,Dash|DataDoll|Maxx|Puffin|Teklovossen,Blitz|Clash|ClassicConstructed|Draft|LivingLegend|Open|Sealed|SilverAge|UltimatePitFight,Scrap,False,False,True,True,False,P2,55,template_expandable
scrap_prospector,scrap_prospector_blue|scrap_prospector_red|scrap_prospector_yellow,Scrap Prospector,Action,BrightLights,Dash|DataDoll|Maxx|Puffin|Teklovossen,Blitz|Clash|ClassicConstructed|Draft|LivingLegend|Open|Sealed|SilverAge|UltimatePitFight,Scrap,False,False,True,True,False,P2,55,template_expandable
scrub_the_deck,scrub_the_deck_blue,Scrub the Deck,Action,HighSeas,GravyBones|Marlynn|Puffin|Scurv,Blitz|Clash|ClassicConstructed|Draft|LivingLegend|Open|Sealed|SilverAge|UltimatePitFight,GoAgain,False,False,True,True,False,P2,55,template_expandable
scuttle_the_canal,scuttle_the_canal_blue|scuttle_the_canal_red|scuttle_the_canal_yellow,Scuttle the Canal,Action,ArmoryDeckArakni|GEM|TheHunted,Arakni|Crackni|Nuu|Slippy|Uzuri,Blitz|Clash|ClassicConstructed|Draft|LivingLegend|Open|Sealed|SilverAge|UltimatePitFight,GoAgain|Stealth,False,False,True,True,False,P2,55,template_expandable
sea_floor_salvage,sea_floor_salvage_blue,Sea Floor Salvage,Action,HighSeas,GravyBones|Marlynn|Puffin|Scurv,Blitz|Clash|ClassicConstructed|Draft|LivingLegend|Open|Sealed|SilverAge|UltimatePitFight,GoAgain,False,False,True,True,False,P2,55,template_expandable
searing_touch,searing_touch_red,Searing Touch,Action,Uprising,Cindra|Dromai|Emperor|Fai|Fang|Taipanis,Blitz|Clash|ClassicConstructed|Draft|LivingLegend|Open|Sealed|SilverAge|UltimatePitFight,Rupture,False,False,True,True,False,P2,55,template_expandable
second_strike,second_strike_blue|second_strike_red|second_strike_yellow,Second Strike,Action,AuroraBlitzDeck|Rosetta,Aurora|Aurora2|Briar|Broscilio|Lexi|Oscilio|Starvo|Zyggy,Blitz|Clash|ClassicConstructed|Draft|LivingLegend|Open|Sealed|SilverAge|UltimatePitFight,GoAgain,False,False,True,True,False,P2,55,template_expandable
second_swing,second_swing_blue|second_swing_red|second_swing_yellow,Second Swing,Action,ClassicBattlesRhinarDorinthea|Monarch,Boltyn|Dorinthea|Emperor|Fang|Hala|Kassai|Olympia,Blitz|Clash|ClassicConstructed|Draft|LivingLegend|Open|Sealed|SilverAge|UltimatePitFight,GoAgain,False,False,True,True,False,P2,55,template_expandable
security_script,security_script_blue,Security Script,Action,BrightLights,Dash|DataDoll|Maxx|Puffin|Teklovossen,Blitz|Clash|ClassicConstructed|Draft|LivingLegend|Open|Sealed|SilverAge|UltimatePitFight,Crank,False,False,True,True,False,P2,55,template_expandable
sedate,sedate_blue|sedate_red|sedate_yellow,Sedate,Action,ArakniBlitzDeck|Outsiders|UzuriBlitzDeck,Arakni|Crackni|Nuu|Slippy|Uzuri,Blitz|Clash|ClassicConstructed|Draft|LivingLegend|Open|Sealed|SilverAge|UltimatePitFight,Stealth,False,False,True,True,False,P2,55,template_expandable
seeds_of_agony,seeds_of_agony_blue|seeds_of_agony_red|seeds_of_agony_yellow,Seeds of Agony,Action,ChaneBlitzDeck|Monarch,Chane|Vynnset,Blitz|ClassicConstructed|Draft|LivingLegend|Open|Sealed|UltimatePitFight,BloodDebt|GoAgain,False,False,True,True,False,P2,55,template_expandable
seeds_of_strength,seeds_of_strength_blue|seeds_of_strength_red|seeds_of_strength_yellow,Seeds of Strength,Action,CompendiumOfRathe,Jarl|Oldhim|Starvo|Terra,Blitz|Clash|ClassicConstructed|LivingLegend|Open|SilverAge|UltimatePitFight,Bond,False,False,True,True,False,P2,55,template_expandable
seek_and_destroy,seek_and_destroy_red,Seek and Destroy,Action,TalesOfAria,Azalea|Lexi|Marlynn|Riptide,Blitz|ClassicConstructed|Draft|LivingLegend|Open|Sealed|UltimatePitFight,GoAgain,False,False,True,True,False,P2,55,template_expandable
seek_enlightenment,seek_enlightenment_blue|seek_enlightenment_red|seek_enlightenment_yellow,Seek Enlightenment,Action,Monarch|PrismBlitzDeck,Boltyn|Librarian|Prism|Theryon,Blitz|Clash|ClassicConstructed|Draft|LivingLegend|Open|Sealed|SilverAge|UltimatePitFight,GoAgain,False,False,True,True,False,P2,55,template_expandable
seek_horizon,seek_horizon_blue|seek_horizon_red|seek_horizon_yellow,Seek Horizon,Action,AzaleaBlitzDeck|Monarch|Outsiders,Arakni|Aurora|Aurora2|Azalea|Benji|Betsy|Blaze|Bolfar|Boltyn|Bravo|Brevant|Briar|Broscilio|Brutus|Chane|Cindra|Crackni|Crix|Dash|DataDoll|Dorinthea|Dromai|Emperor|Enigma|Fai|Fang|Florian|Frankie|Genis|GravyBones|Hala|Ira|Iyslander|Jarl|Kano|Kassai|Katsu|Kavdaen|Kayo|Kox|Levia|Lexi|Librarian|Lyath|Marlynn|Maxx|Melody|Nuu|Oldhim|Olympia|Oscilio|Pleiades|Prism|Puffin|RKO|Reya|Rhinar|Riptide|Ruudi|Scurv|Shiyana|Slippy|Squizzy|Starvo|Taipanis|Taylor|Teklovossen|Terra|Theryon|Tuffnut|Uzuri|Valda|Verdance|Victor|Viserai|Vynnset|Yoji|Yorick|Zen|Zyggy,Blitz|Clash|ClassicConstructed|Draft|LivingLegend|Open|Sealed|SilverAge|UltimatePitFight,GoAgain,False,False,True,True,False,P2,55,template_expandable
seek_vengeance,seek_vengeance_blue|seek_vengeance_red,Seek Vengeance,Action,ArmoryDeckIra,Benji|Cindra|Fai|Ira|Katsu|Zen,Blitz|Clash|ClassicConstructed|LivingLegend|Open|SilverAge|UltimatePitFight,Combo|GoAgain,False,False,True,True,False,P2,55,template_expandable
seekers_gilet,seekers_gilet,Seeker's Gilet,Equipment,Outsiders,Arakni|Aurora|Aurora2|Azalea|Benji|Betsy|Blaze|Bolfar|Boltyn|Bravo|Brevant|Briar|Broscilio|Brutus|Chane|Cindra|Crackni|Crix|Dash|DataDoll|Dorinthea|Dromai|Emperor|Enigma|Fai|Fang|Florian|Frankie|Genis|GravyBones|Hala|Ira|Iyslander|Jarl|Kano|Kassai|Katsu|Kavdaen|Kayo|Kox|Levia|Lexi|Librarian|Lyath|Marlynn|Maxx|Melody|Nuu|Oldhim|Olympia|Oscilio|Pleiades|Prism|Puffin|RKO|Reya|Rhinar|Riptide|Ruudi|Scurv|Shiyana|Slippy|Squizzy|Starvo|Taipanis|Taylor|Teklovossen|Terra|Theryon|Tuffnut|Uzuri|Valda|Verdance|Victor|Viserai|Vynnset|Yoji|Yorick|Zen|Zyggy,Blitz|Clash|ClassicConstructed|Draft|LivingLegend|Open|Sealed|SilverAge|UltimatePitFight,Opt,False,False,True,True,False,P2,55,template_expandable
seekers_hood,seekers_hood,Seeker's Hood,Equipment,Outsiders,Arakni|Aurora|Aurora2|Azalea|Benji|Betsy|Blaze|Bolfar|Boltyn|Bravo|Brevant|Briar|Broscilio|Brutus|Chane|Cindra|Crackni|Crix|Dash|DataDoll|Dorinthea|Dromai|Emperor|Enigma|Fai|Fang|Florian|Frankie|Genis|GravyBones|Hala|Ira|Iyslander|Jarl|Kano|Kassai|Katsu|Kavdaen|Kayo|Kox|Levia|Lexi|Librarian|Lyath|Marlynn|Maxx|Melody|Nuu|Oldhim|Olympia|Oscilio|Pleiades|Prism|Puffin|RKO|Reya|Rhinar|Riptide|Ruudi|Scurv|Shiyana|Slippy|Squizzy|Starvo|Taipanis|Taylor|Teklovossen|Terra|Theryon|Tuffnut|Uzuri|Valda|Verdance|Victor|Viserai|Vynnset|Yoji|Yorick|Zen|Zyggy,Blitz|Clash|ClassicConstructed|Draft|LivingLegend|Open|Sealed|SilverAge|UltimatePitFight,Opt,False,False,True,True,False,P2,55,template_expandable
seekers_leggings,seekers_leggings,Seeker's Leggings,Equipment,Outsiders,Arakni|Aurora|Aurora2|Azalea|Benji|Betsy|Blaze|Bolfar|Boltyn|Bravo|Brevant|Briar|Broscilio|Brutus|Chane|Cindra|Crackni|Crix|Dash|DataDoll|Dorinthea|Dromai|Emperor|Enigma|Fai|Fang|Florian|Frankie|Genis|GravyBones|Hala|Ira|Iyslander|Jarl|Kano|Kassai|Katsu|Kavdaen|Kayo|Kox|Levia|Lexi|Librarian|Lyath|Marlynn|Maxx|Melody|Nuu|Oldhim|Olympia|Oscilio|Pleiades|Prism|Puffin|RKO|Reya|Rhinar|Riptide|Ruudi|Scurv|Shiyana|Slippy|Squizzy|Starvo|Taipanis|Taylor|Teklovossen|Terra|Theryon|Tuffnut|Uzuri|Valda|Verdance|Victor|Viserai|Vynnset|Yoji|Yorick|Zen|Zyggy,Blitz|Clash|ClassicConstructed|Draft|LivingLegend|Open|Sealed|SilverAge|UltimatePitFight,Opt,False,False,True,True,False,P2,55,template_expandable
seekers_mitts,seekers_mitts,Seeker's Mitts,Equipment,BlazeSilverAgeDeck|Outsiders,Arakni|Aurora|Aurora2|Azalea|Benji|Betsy|Blaze|Bolfar|Boltyn|Bravo|Brevant|Briar|Broscilio|Brutus|Chane|Cindra|Crackni|Crix|Dash|DataDoll|Dorinthea|Dromai|Emperor|Enigma|Fai|Fang|Florian|Frankie|Genis|GravyBones|Hala|Ira|Iyslander|Jarl|Kano|Kassai|Katsu|Kavdaen|Kayo|Kox|Levia|Lexi|Librarian|Lyath|Marlynn|Maxx|Melody|Nuu|Oldhim|Olympia|Oscilio|Pleiades|Prism|Puffin|RKO|Reya|Rhinar|Riptide|Ruudi|Scurv|Shiyana|Slippy|Squizzy|Starvo|Taipanis|Taylor|Teklovossen|Terra|Theryon|Tuffnut|Uzuri|Valda|Verdance|Victor|Viserai|Vynnset|Yoji|Yorick|Zen|Zyggy,Blitz|Clash|ClassicConstructed|Draft|LivingLegend|Open|Sealed|SilverAge|UltimatePitFight,Opt,False,False,True,True,False,P2,55,template_expandable
seeping_shadows,seeping_shadows_blue|seeping_shadows_red|seeping_shadows_yellow,Seeping Shadows,Action,Monarch,Chane|Vynnset,Blitz|Clash|ClassicConstructed|Draft|LivingLegend|Open|Sealed|SilverAge|UltimatePitFight,BloodDebt|GoAgain,False,False,True,True,False,P2,55,template_expandable
seismic_shelter,seismic_shelter_blue,Seismic Shelter,Action,MasteryPackGuardian,Betsy|Bolfar|Bravo|Brevant|Crix|Jarl|Kox|Lyath|Oldhim|Pleiades|Reya|Starvo|Terra|Valda|Victor|Yoji,Blitz|ClassicConstructed|LivingLegend|Open|UltimatePitFight,GoAgain,False,False,True,True,False,P2,55,template_expandable
seismic_shift,seismic_shift_red,Seismic Shift,Action,CompendiumOfRathe,Betsy|Bolfar|Bravo|Brevant|Crix|Jarl|Kox|Lyath|Oldhim|Pleiades|Reya|Starvo|Terra|Valda|Victor|Yoji,Blitz|ClassicConstructed|LivingLegend|Open|UltimatePitFight,GoAgain,False,False,True,True,False,P2,55,template_expandable
seismic_stir,seismic_stir_blue|seismic_stir_red|seismic_stir_yellow,Seismic Stir,Action,Everfest|MasteryPackGuardian,Betsy|Bolfar|Bravo|Brevant|Crix|Jarl|Kox|Lyath|Oldhim|Pleiades|Reya|Starvo|Terra|Valda|Victor|Yoji,Blitz|Clash|ClassicConstructed|LivingLegend|Open|SilverAge|UltimatePitFight,GoAgain,False,False,True,True,False,P2,55,template_expandable
sekem_archangel_of_ravages,sekem_archangel_of_ravages,"Sekem, Archangel of Ravages",,DuskTillDawn,Librarian|Prism|Theryon,Blitz|ClassicConstructed|LivingLegend|Open|UltimatePitFight,Ward,False,False,True,True,False,P2,55,template_expandable
sense_weakness,sense_weakness_blue,Sense Weakness,Action,CompendiumOfRathe,Betsy|Bolfar|Bravo|Brevant|Crix|Jarl|Kox|Lyath|Oldhim|Pleiades|Reya|Starvo|Terra|Valda|Victor|Yoji,Blitz|ClassicConstructed|LivingLegend|Open|UltimatePitFight,Dominate|GoAgain,False,False,True,True,False,P2,55,template_expandable
shaden_scream,shaden_scream_blue|shaden_scream_red|shaden_scream_yellow,Shaden Scream,Action,DuskTillDawn,Levia,Blitz|Clash|ClassicConstructed|LivingLegend|Open|SilverAge|UltimatePitFight,GoAgain,False,False,True,True,False,P2,55,template_expandable
shaden_swing,shaden_swing_blue|shaden_swing_red|shaden_swing_yellow,Shaden Swing,Action,DuskTillDawn,Levia,Blitz|Clash|ClassicConstructed|LivingLegend|Open|SilverAge|UltimatePitFight,BloodDebt,False,False,True,True,False,P2,55,template_expandable
shadow_puppetry,shadow_puppetry_red,Shadow Puppetry,Action,Monarch,Chane|Levia|Vynnset,Blitz|ClassicConstructed|Draft|LivingLegend|Open|Sealed|UltimatePitFight,GoAgain,False,False,True,True,False,P2,55,template_expandable
shamanic_shinbones,shamanic_shinbones,Shamanic Shinbones,Equipment,CompendiumOfRathe,Kayo|Levia|RKO|Rhinar|Taylor|Tuffnut,Blitz|Clash|ClassicConstructed|LivingLegend|Open|SilverAge|UltimatePitFight,ArcaneBarrier,False,False,True,True,False,P2,55,template_expandable
shapeless_form,shapeless_form_blue,Shapeless Form,Action,CompendiumOfRathe,Zen,Blitz|Clash|ClassicConstructed|LivingLegend|Open|SilverAge|UltimatePitFight,GoAgain,False,False,True,True,False,P2,55,template_expandable
sharp_incline,sharp_incline_red|sharp_incline_yellow,Sharp Incline,Action,ArmoryDeckOriginsHala,Boltyn|Dorinthea|Emperor|Fang|Hala|Kassai|Olympia,Blitz|Clash|ClassicConstructed|LivingLegend|Open|SilverAge|UltimatePitFight,GoAgain|Sharpen,False,False,True,True,False,P2,55,template_expandable
sharpen_steel,sharpen_steel_blue|sharpen_steel_red|sharpen_steel_yellow,Sharpen Steel,Action,ClassicBattlesRhinarDorinthea|DorintheaHeroDeck|DorintheaSilverAgeDeck|WelcomeToRathe,Boltyn|Dorinthea|Emperor|Fang|Hala|Kassai|Olympia,Blitz|Clash|ClassicConstructed|Draft|LivingLegend|Open|Sealed|SilverAge|UltimatePitFight,GoAgain,False,False,True,True,False,P2,55,template_expandable
sharpened_senses,sharpened_senses_yellow,Sharpened Senses,Action,TheHunted,Boltyn|Dorinthea|Fang|Hala|Kassai|Olympia,Blitz|ClassicConstructed|Draft|LivingLegend|Open|Sealed|UltimatePitFight,GoAgain,False,False,True,True,False,P2,55,template_expandable
sharpening_sparks,sharpening_sparks_red,Sharpening Sparks,AttackReaction,MasteryPackWarrior,Boltyn|Dorinthea|Emperor|Fang|Hala|Kassai|Olympia,Blitz|ClassicConstructed|LivingLegend|Open|UltimatePitFight,Sharpen,False,False,True,True,False,P2,55,template_expandable
shelly_hardened_traveler,shelly_hardened_traveler_yellow,"Shelly, Hardened Traveler",Action,HighSeas|Promos,GravyBones,Blitz|Clash|ClassicConstructed|Draft|LivingLegend|Open|Sealed|SilverAge|UltimatePitFight,WateryGrave,False,False,True,True,False,P2,55,template_expandable
shield_beater,shield_beater,Shield Beater,Weapon,CompendiumOfRathe|GEM,Betsy|Bolfar|Bravo|Brevant|Crix|Jarl|Kox|Lyath|Oldhim|Pleiades|Reya|Starvo|Terra|Valda|Victor|Yoji,Blitz|Clash|ClassicConstructed|LivingLegend|Open|UltimatePitFight,GoAgain,False,False,True,True,False,P2,55,template_expandable
shift_the_tide_of_battle,shift_the_tide_of_battle_yellow,Shift the Tide of Battle,AttackReaction,HeavyHitters,Boltyn|Dorinthea|Fang|Hala|Kassai|Olympia,Blitz|ClassicConstructed|Draft|LivingLegend|Open|Sealed|UltimatePitFight,GoAgain,False,False,True,True,False,P2,55,template_expandable
shifting_tides,shifting_tides_blue,Shifting Tides,Action,HighSeas,GravyBones|Marlynn|Puffin|Scurv,Blitz|Clash|ClassicConstructed|Draft|LivingLegend|Open|Sealed|SilverAge|UltimatePitFight,GoAgain,False,False,True,True,False,P2,55,template_expandable
shifting_winds_of_the_mystic_beast,shifting_winds_of_the_mystic_beast_blue,Shifting Winds of the Mystic Beast,Action,PartTheMistveil,Zen,Blitz|ClassicConstructed|Draft|LivingLegend|Open|Sealed|UltimatePitFight,GoAgain,False,False,True,True,False,P2,55,template_expandable
shimmering_specter,shimmering_specter_blue|shimmering_specter_red|shimmering_specter_yellow,Shimmering Specter,Action,CompendiumOfRathe,Dromai|Enigma|Prism|Zyggy,Blitz|Clash|ClassicConstructed|LivingLegend|Open|SilverAge|UltimatePitFight,Mirage,False,False,True,True,False,P2,55,template_expandable
shimmers_of_silver,shimmers_of_silver_blue,Shimmers of Silver,Action,ArmoryDeckLegendsPrism|Everfest|Promos,Dromai|Enigma|Prism|Zyggy,Blitz|ClassicConstructed|LivingLegend|Open|UltimatePitFight,Spectra,False,False,True,True,False,P2,55,template_expandable
shining_courage,shining_courage_red,Shining Courage,Instant,GEM|SuperSlam,Pleiades|Tuffnut,Blitz|Clash|ClassicConstructed|Draft|LivingLegend|Open|Sealed|SilverAge|UltimatePitFight,TheCrowdCheers,False,False,True,True,False,P2,55,template_expandable
shiver,shiver,Shiver,Weapon,LexiBlitzDeck|Promos|TalesOfAria,Lexi,Blitz|Clash|ClassicConstructed|Draft|LivingLegend|Open|Sealed|SilverAge|UltimatePitFight,Dominate,False,False,True,True,False,P2,55,template_expandable
short_shrift,short_shrift_yellow,Short Shrift,Action,SuperSlam,Betsy|Bolfar|Bravo|Brevant|Crix|Jarl|Kox|Lyath|Oldhim|Pleiades|Reya|Starvo|Terra|Valda|Victor|Yoji,Blitz|Clash|ClassicConstructed|Draft|LivingLegend|Open|Sealed|SilverAge|UltimatePitFight,Crush,False,False,True,True,False,P2,55,template_expandable
show_no_mercy,show_no_mercy_red,Show No Mercy,Action,ArmoryDeckRhinar|HeavyHitters,Rhinar|Shiyana,Blitz|Clash|ClassicConstructed|Draft|LivingLegend|Open|Sealed|UltimatePitFight,Intimidate|Specialization,False,False,True,True,False,P2,55,template_expandable
show_time,show_time_blue,Show Time!,Action,HistoryPack1|WelcomeToRathe,Bravo|Shiyana|Starvo,Blitz|Clash|ClassicConstructed|Draft|LivingLegend|Open|Sealed|UltimatePitFight,Specialization,False,False,True,True,False,P2,55,template_expandable
sic_em_shot,sic_em_shot_blue|sic_em_shot_red|sic_em_shot_yellow,Sic 'Em Shot,Action,ArcaneRising|HighSeas|HistoryPack1|Promos,Azalea|Lexi|Marlynn|Riptide,Blitz|Clash|ClassicConstructed|Draft|LivingLegend|Open|Sealed|SilverAge|UltimatePitFight,GoAgain,False,False,True,True,False,P2,55,template_expandable
sift,sift_blue|sift_red|sift_yellow,Sift,Action,Uprising,Arakni|Aurora|Aurora2|Azalea|Benji|Betsy|Blaze|Bolfar|Boltyn|Bravo|Brevant|Briar|Broscilio|Brutus|Chane|Cindra|Crackni|Crix|Dash|DataDoll|Dorinthea|Dromai|Emperor|Enigma|Fai|Fang|Florian|Frankie|Genis|GravyBones|Hala|Ira|Iyslander|Jarl|Kano|Kassai|Katsu|Kavdaen|Kayo|Kox|Levia|Lexi|Librarian|Lyath|Marlynn|Maxx|Melody|Nuu|Oldhim|Olympia|Oscilio|Pleiades|Prism|Puffin|RKO|Reya|Rhinar|Riptide|Ruudi|Scurv|Shiyana|Slippy|Squizzy|Starvo|Taipanis|Taylor|Teklovossen|Terra|Theryon|Tuffnut|Uzuri|Valda|Verdance|Victor|Viserai|Vynnset|Yoji|Yorick|Zen|Zyggy,Blitz|Clash|ClassicConstructed|Draft|LivingLegend|Open|Sealed|SilverAge|UltimatePitFight,GoAgain,False,False,True,True,False,P2,55,template_expandable
sigil_of_aether,sigil_of_aether_blue,Sigil of Aether,Instant,Promos|Rosetta,Blaze|Broscilio|Iyslander|Kano|Oscilio|Verdance,Blitz|ClassicConstructed|Draft|LivingLegend|Open|Sealed|UltimatePitFight,Amp,False,False,True,True,False,P2,55,template_expandable
sigil_of_brilliance,sigil_of_brilliance_yellow,Sigil of Brilliance,Instant,Promos|Rosetta,Broscilio|Oscilio|Shiyana,Blitz|Clash|ClassicConstructed|Draft|LivingLegend|Open|Sealed|UltimatePitFight,Specialization,False,False,True,True,False,P2,55,template_expandable
sigil_of_conductivity,sigil_of_conductivity_blue,Sigil of Conductivity,Instant,OscilioBlitzDeck|Promos|Rosetta,Aurora|Aurora2|Briar|Broscilio|Lexi|Oscilio|Starvo|Zyggy,Blitz|Clash|ClassicConstructed|Draft|LivingLegend|Open|Sealed|SilverAge|UltimatePitFight,ArcaneShelter,False,False,True,True,False,P2,55,template_expandable
sigil_of_cycles,sigil_of_cycles_blue,Sigil of Cycles,Action,Promos|Rosetta,Arakni|Aurora|Aurora2|Azalea|Benji|Betsy|Blaze|Bolfar|Boltyn|Bravo|Brevant|Briar|Broscilio|Brutus|Chane|Cindra|Crackni|Crix|Dash|DataDoll|Dorinthea|Dromai|Enigma|Fai|Fang|Florian|Frankie|Genis|GravyBones|Hala|Ira|Iyslander|Jarl|Kano|Kassai|Katsu|Kavdaen|Kayo|Kox|Levia|Lexi|Librarian|Lyath|Marlynn|Maxx|Melody|Nuu|Oldhim|Olympia|Oscilio|Pleiades|Prism|Puffin|RKO|Reya|Rhinar|Riptide|Ruudi|Scurv|Shiyana|Slippy|Squizzy|Starvo|Taipanis|Taylor|Teklovossen|Terra|Theryon|Tuffnut|Uzuri|Valda|Verdance|Victor|Viserai|Vynnset|Yoji|Yorick|Zen|Zyggy,Blitz|Clash|ClassicConstructed|Draft|LivingLegend|Open|Sealed|SilverAge|UltimatePitFight,GoAgain,False,False,True,True,False,P2,55,template_expandable
sigil_of_deadwood,sigil_of_deadwood_blue,Sigil of Deadwood,Action,AuroraBlitzDeck|Promos|Rosetta,Aurora|Aurora2|Briar|Chane|Florian|Viserai|Vynnset,Blitz|Clash|ClassicConstructed|Draft|LivingLegend|Open|Sealed|SilverAge|UltimatePitFight,GoAgain,False,False,True,True,False,P2,55,template_expandable
sigil_of_earth,sigil_of_earth_blue,Sigil of Earth,Action,ArmoryDeckOriginsJarl|Promos|Rosetta,Briar|Florian|Jarl|Oldhim|Starvo|Terra|Verdance,Blitz|Clash|ClassicConstructed|Draft|LivingLegend|Open|Sealed|SilverAge|UltimatePitFight,GoAgain,False,False,True,True,False,P2,55,template_expandable
sigil_of_fyendal,sigil_of_fyendal_blue,Sigil of Fyendal,Action,Promos|Rosetta|VerdanceBlitzDeck,Arakni|Aurora|Aurora2|Azalea|Benji|Betsy|Blaze|Bolfar|Boltyn|Bravo|Brevant|Briar|Broscilio|Brutus|Chane|Cindra|Crackni|Crix|Dash|DataDoll|Dorinthea|Dromai|Enigma|Fai|Fang|Florian|Frankie|Genis|GravyBones|Hala|Ira|Iyslander|Jarl|Kano|Kassai|Katsu|Kavdaen|Kayo|Kox|Levia|Lexi|Librarian|Lyath|Marlynn|Maxx|Melody|Nuu|Oldhim|Olympia|Oscilio|Pleiades|Prism|Puffin|RKO|Reya|Rhinar|Riptide|Ruudi|Scurv|Shiyana|Slippy|Squizzy|Starvo|Taipanis|Taylor|Teklovossen|Terra|Theryon|Tuffnut|Uzuri|Valda|Verdance|Victor|Viserai|Vynnset|Yoji|Yorick|Zen|Zyggy,Blitz|Clash|ClassicConstructed|Draft|LivingLegend|Open|Sealed|SilverAge|UltimatePitFight,GoAgain,False,False,True,True,False,P2,55,template_expandable
sigil_of_gravespawning,sigil_of_gravespawning_blue,Sigil of Gravespawning,Action,CompendiumOfRathe,Aurora|Aurora2|Briar|Chane|Florian|Viserai|Vynnset,Blitz|ClassicConstructed|LivingLegend|Open|UltimatePitFight,GoAgain,False,False,True,True,False,P2,55,template_expandable
sigil_of_sanctuary,sigil_of_sanctuary_blue,Sigil of Sanctuary,Instant,FlorianBlitzDeck|Promos|Rosetta,Briar|Florian|Jarl|Oldhim|Starvo|Terra|Verdance,Blitz|Clash|ClassicConstructed|Draft|LivingLegend|Open|Sealed|SilverAge|UltimatePitFight,ArcaneShelter,False,False,True,True,False,P2,55,template_expandable
sigil_of_silphidae,sigil_of_silphidae_blue,Sigil of Silphidae,Action,CompendiumOfRathe|ViseraiSilverAgeDeck,Aurora|Aurora2|Briar|Chane|Florian|Viserai|Vynnset,Blitz|Clash|ClassicConstructed|LivingLegend|Open|SilverAge|UltimatePitFight,GoAgain,False,False,True,True,False,P2,55,template_expandable
sigil_of_the_arknight,sigil_of_the_arknight_blue,Sigil of the Arknight,Action,ArmoryDeckLegendsViserai|Promos|Rosetta,Aurora|Aurora2|Briar|Chane|Florian|Viserai|Vynnset,Blitz|Clash|ClassicConstructed|Draft|LivingLegend|Open|Sealed|SilverAge|UltimatePitFight,GoAgain,False,False,True,True,False,P2,55,template_expandable
silver_the_tip,silver_the_tip_blue|silver_the_tip_red|silver_the_tip_yellow,Silver the Tip,Action,ArcaneRising,Azalea|Lexi|Marlynn|Riptide,Blitz|Clash|ClassicConstructed|Draft|LivingLegend|Open|Sealed|SilverAge|UltimatePitFight,GoAgain,False,False,True,True,False,P2,55,template_expandable
silversheen_needle,silversheen_needle,Silversheen Needle,Equipment,Promos,Arakni|Aurora|Aurora2|Azalea|Benji|Betsy|Blaze|Bolfar|Boltyn|Bravo|Brevant|Briar|Broscilio|Brutus|Chane|Cindra|Crackni|Crix|Dash|DataDoll|Dorinthea|Dromai|Emperor|Enigma|Fai|Fang|Florian|Frankie|Genis|GravyBones|Hala|Ira|Iyslander|Jarl|Kano|Kassai|Katsu|Kavdaen|Kayo|Kox|Levia|Lexi|Librarian|Lyath|Marlynn|Maxx|Melody|Nuu|Oldhim|Olympia|Oscilio|Pleiades|Prism|Puffin|RKO|Reya|Rhinar|Riptide|Ruudi|Scurv|Shiyana|Slippy|Squizzy|Starvo|Taipanis|Taylor|Teklovossen|Terra|Theryon|Tuffnut|Uzuri|Valda|Verdance|Victor|Viserai|Vynnset|Yoji|Yorick|Zen|Zyggy,Open|UltimatePitFight,GoAgain,False,False,True,True,False,P2,55,template_expandable
single_minded_determination,single_minded_determination_blue|single_minded_determination_red|single_minded_determination_yellow,Single Minded Determination,Action,PartTheMistveil,Dromai|Enigma|Prism|Zyggy,Blitz|Clash|ClassicConstructed|Draft|LivingLegend|Open|Sealed|SilverAge|UltimatePitFight,Ward,False,False,True,True,False,P2,55,template_expandable
sinker,sinker_blue,Sinker,Action,HighSeas,Azalea|Lexi|Marlynn|Riptide,Blitz|Clash|ClassicConstructed|Draft|LivingLegend|Open|Sealed|SilverAge|UltimatePitFight,GoAgain|Overpower,False,False,True,True,False,P2,55,template_expandable
sizzle,sizzle_red|sizzle_yellow,Sizzle,Action,FirstStrikeAurora|ArmoryDeckAurora|Promos,Aurora|Aurora2|Briar|Broscilio|Lexi|Oscilio|Starvo|Zyggy,Blitz|Clash|ClassicConstructed|LivingLegend|Open|SilverAge|UltimatePitFight,GoAgain,False,False,True,True,False,P2,55,template_expandable
skittering_sands,skittering_sands_blue|skittering_sands_red|skittering_sands_yellow,Skittering Sands,Action,DromaiBlitzDeck|Uprising,Dromai,Blitz|Clash|ClassicConstructed|Draft|LivingLegend|Open|Sealed|SilverAge|UltimatePitFight,GoAgain|Transform,False,False,True,True,False,P2,55,template_expandable
skullhorn,skullhorn,Skullhorn,Equipment,CrucibleOfWar|HistoryPack1,Kayo|Levia|RKO|Rhinar|Taylor|Tuffnut,Blitz|ClassicConstructed|LivingLegend|Open|UltimatePitFight,ArcaneBarrier|GoAgain,False,False,True,True,False,P2,55,template_expandable
sky_fire_lanterns,sky_fire_lanterns_blue|sky_fire_lanterns_red|sky_fire_lanterns_yellow,Sky Fire Lanterns,Action,Dynasty,Aurora|Aurora2|Briar|Chane|Florian|Viserai|Vynnset,Blitz|Clash|ClassicConstructed|LivingLegend|Open|SilverAge|UltimatePitFight,GoAgain,False,False,True,True,False,P2,55,template_expandable
sky_skimmer,sky_skimmer_blue|sky_skimmer_red|sky_skimmer_yellow,Sky Skimmer,Action,GEM|HighSeas,Dash|DataDoll|Maxx|Puffin|Teklovossen,Blitz|Clash|ClassicConstructed|Draft|LivingLegend|Open|Sealed|SilverAge|UltimatePitFight,GoAgain,False,False,True,True,False,P2,55,template_expandable
skyward_serenade,skyward_serenade_yellow,Skyward Serenade,Action,ArmoryDeckAurora,Aurora|Aurora2|Briar,Blitz|ClassicConstructed|LivingLegend|Open|UltimatePitFight,GoAgain,False,False,True,True,False,P2,55,template_expandable
skywarden_no161803,skywarden_no161803_yellow,Skywarden no.161803,Action,CompendiumOfRathe,Puffin,Blitz|Clash|ClassicConstructed|LivingLegend|Open|SilverAge|UltimatePitFight,Galvanize,False,False,True,True,False,P2,55,template_expandable
slice_and_dice,slice_and_dice_blue|slice_and_dice_red|slice_and_dice_yellow,Slice and Dice,Action,Everfest,Boltyn|Dorinthea|Emperor|Fang|Hala|Kassai|Olympia,Blitz|Clash|ClassicConstructed|LivingLegend|Open|SilverAge|UltimatePitFight,GoAgain,False,False,True,True,False,P2,55,template_expandable
slither,slither,Slither,AttackReaction,NuuBlitzDeck|PartTheMistveil|Promos,Nuu|Shiyana|Yorick,Blitz|Clash|ClassicConstructed|Draft|LivingLegend|Open|Sealed|SilverAge|UltimatePitFight,Ephemeral,False,False,True,True,False,P2,55,template_expandable
sloggism,sloggism_blue|sloggism_red|sloggism_yellow,Sloggism,Action,HistoryPack1|WelcomeToRathe,Arakni|Aurora|Aurora2|Azalea|Benji|Betsy|Blaze|Bolfar|Boltyn|Bravo|Brevant|Briar|Broscilio|Brutus|Chane|Cindra|Crackni|Crix|Dash|DataDoll|Dorinthea|Dromai|Emperor|Enigma|Fai|Fang|Florian|Frankie|Genis|GravyBones|Hala|Ira|Iyslander|Jarl|Kano|Kassai|Katsu|Kavdaen|Kayo|Kox|Levia|Lexi|Librarian|Lyath|Marlynn|Maxx|Melody|Nuu|Oldhim|Olympia|Oscilio|Pleiades|Prism|Puffin|RKO|Reya|Rhinar|Riptide|Ruudi|Scurv|Shiyana|Slippy|Squizzy|Starvo|Taipanis|Taylor|Teklovossen|Terra|Theryon|Tuffnut|Uzuri|Valda|Verdance|Victor|Viserai|Vynnset|Yoji|Yorick|Zen|Zyggy,Blitz|Clash|ClassicConstructed|Draft|LivingLegend|Open|Sealed|SilverAge|UltimatePitFight,GoAgain,False,False,True,True,False,P2,55,template_expandable
smash_instinct,smash_instinct_blue|smash_instinct_red|smash_instinct_yellow,Smash Instinct,Action,HistoryPack1|RhinarHeroDeck|WelcomeToRathe,Kayo|Levia|RKO|Rhinar|Tuffnut,Blitz|Clash|ClassicConstructed|Draft|LivingLegend|Open|Sealed|SilverAge|UltimatePitFight,Intimidate,False,False,True,True,False,P2,55,template_expandable
smashback_alehorn,smashback_alehorn_blue,Smashback Alehorn,Action,ArmoryDeckRhinar|HeavyHitters|Promos|RhinarBlitzDeck,Kayo|Levia|RKO|Rhinar|Tuffnut,Blitz|Clash|ClassicConstructed|Draft|LivingLegend|Open|Sealed|SilverAge|UltimatePitFight,GoAgain,False,False,True,True,False,P2,55,template_expandable
smashing_good_time,smashing_good_time_blue|smashing_good_time_red|smashing_good_time_yellow,Smashing Good Time,Action,Everfest|Promos,Arakni|Aurora|Aurora2|Azalea|Benji|Betsy|Blaze|Bolfar|Boltyn|Bravo|Brevant|Briar|Broscilio|Brutus|Chane|Cindra|Crackni|Crix|Dash|DataDoll|Dorinthea|Dromai|Emperor|Enigma|Fai|Fang|Florian|Frankie|Genis|GravyBones|Hala|Ira|Iyslander|Jarl|Kano|Kassai|Katsu|Kavdaen|Kayo|Kox|Levia|Lexi|Librarian|Lyath|Marlynn|Maxx|Melody|Nuu|Oldhim|Olympia|Oscilio|Pleiades|Prism|Puffin|RKO|Reya|Rhinar|Riptide|Ruudi|Scurv|Shiyana|Slippy|Squizzy|Starvo|Taipanis|Taylor|Teklovossen|Terra|Theryon|Tuffnut|Uzuri|Valda|Verdance|Victor|Viserai|Vynnset|Yoji|Yorick|Zen|Zyggy,Blitz|Clash|ClassicConstructed|LivingLegend|Open|SilverAge|UltimatePitFight,GoAgain,False,False,True,True,False,P2,55,template_expandable
smell_fear,smell_fear_blue|smell_fear_yellow,Smell Fear,Action,ArmoryDeckRhinar,Kayo|Levia|RKO|Rhinar|Tuffnut,Blitz|Clash|ClassicConstructed|LivingLegend|Open|SilverAge|UltimatePitFight,BeatChest|GoAgain|Intimidate,False,False,True,True,False,P2,55,template_expandable
snow_under,snow_under_blue|snow_under_red|snow_under_yellow,Snow Under,Action,ArmoryDeckOriginsJarl|OldhimBlitzDeck|TalesOfAria,Jarl|Oldhim|Starvo|Terra,Blitz|Clash|ClassicConstructed|Draft|LivingLegend|Open|Sealed|SilverAge|UltimatePitFight,Fusion,False,False,True,True,False,P2,55,template_expandable
soaring_strike,soaring_strike_blue|soaring_strike_red|soaring_strike_yellow,Soaring Strike,Action,Uprising,Cindra|Fai,Blitz|Clash|ClassicConstructed|Draft|LivingLegend|Open|Sealed|SilverAge|UltimatePitFight,GoAgain,False,False,True,True,False,P2,55,template_expandable
solitary_companion,solitary_companion_blue|solitary_companion_red|solitary_companion_yellow,Solitary Companion,Action,PartTheMistveil,Dromai|Enigma|Prism|Zyggy,Blitz|Clash|ClassicConstructed|Draft|LivingLegend|Open|Sealed|SilverAge|UltimatePitFight,Ward,False,False,True,True,False,P2,55,template_expandable
sonata_arcanix,sonata_arcanix_red,Sonata Arcanix,Action,ArmoryDeckLegendsViserai|Monarch,Aurora|Aurora2|Briar|Chane|Florian|Viserai|Vynnset,Blitz|ClassicConstructed|Draft|LivingLegend|Open|Sealed|UltimatePitFight,GoAgain,False,False,True,True,False,P2,55,template_expandable
song_of_sinew,song_of_sinew_yellow,Song of Sinew,Action,SuperSlam,Kayo|Levia|RKO|Rhinar|Tuffnut,Blitz|ClassicConstructed|Draft|LivingLegend|Open|Sealed|UltimatePitFight,GoAgain,False,False,True,True,False,P2,55,template_expandable
soulbead_strike,soulbead_strike_blue|soulbead_strike_red|soulbead_strike_yellow,Soulbead Strike,Action,ArmoryDeckIra|CrucibleOfWar|HistoryPack1,Benji|Cindra|Fai|Ira|Katsu|Zen,Blitz|Clash|ClassicConstructed|LivingLegend|Open|SilverAge|UltimatePitFight,GoAgain,False,False,True,True,False,P2,55,template_expandable
soup_up,soup_up_blue|soup_up_red|soup_up_yellow,Soup Up,Action,BrightLights|Promos,Dash|DataDoll|Maxx|Puffin|Teklovossen,Blitz|Clash|ClassicConstructed|Draft|LivingLegend|Open|Sealed|SilverAge|UltimatePitFight,Galvanize|GoAgain,False,False,True,True,False,P2,55,template_expandable
sow_tomorrow,sow_tomorrow_blue|sow_tomorrow_red|sow_tomorrow_yellow,Sow Tomorrow,Action,BriarBlitzDeck|TalesOfAria,Briar|Florian|Jarl|Oldhim|Starvo|Terra|Verdance,Blitz|Clash|ClassicConstructed|Draft|LivingLegend|Open|Sealed|SilverAge|UltimatePitFight,GoAgain,False,False,True,True,False,P2,55,template_expandable
sowing_thorns,sowing_thorns_red,Sowing Thorns,Action,CompendiumOfRathe,Verdance,Blitz|Clash|ClassicConstructed|LivingLegend|Open|SilverAge|UltimatePitFight,Decompose,False,False,True,True,False,P2,55,template_expandable
spears_of_surreality,spears_of_surreality_blue|spears_of_surreality_red|spears_of_surreality_yellow,Spears of Surreality,Action,DromaiBlitzDeck|Monarch|TournamentPack,Dromai|Enigma|Prism|Zyggy,Blitz|Clash|ClassicConstructed|Draft|LivingLegend|Open|Sealed|SilverAge|UltimatePitFight,GoAgain|Phantasm,False,False,True,True,False,P2,55,template_expandable
spectral_manifestations,spectral_manifestations_blue|spectral_manifestations_red|spectral_manifestations_yellow,Spectral Manifestations,Action,EnigmaBlitzDeck|EnigmaSilverAgeDeck|PartTheMistveil,Dromai|Enigma|Prism|Zyggy,Blitz|Clash|ClassicConstructed|Draft|LivingLegend|Open|Sealed|SilverAge|UltimatePitFight,GoAgain,False,False,True,True,False,P2,55,template_expandable
spell_fray_cloak,spell_fray_cloak,Spell Fray Cloak,Equipment,BoltynBlitzDeck|Dynasty|LeviaBlitzDeck,Arakni|Aurora|Aurora2|Azalea|Benji|Betsy|Blaze|Bolfar|Boltyn|Bravo|Brevant|Briar|Broscilio|Brutus|Chane|Cindra|Crackni|Crix|Dash|DataDoll|Dorinthea|Dromai|Emperor|Enigma|Fai|Fang|Florian|Frankie|Genis|GravyBones|Hala|Ira|Iyslander|Jarl|Kano|Kassai|Katsu|Kavdaen|Kayo|Kox|Levia|Lexi|Librarian|Lyath|Marlynn|Maxx|Melody|Nuu|Oldhim|Olympia|Oscilio|Pleiades|Prism|Puffin|RKO|Reya|Rhinar|Riptide|Ruudi|Scurv|Shiyana|Slippy|Squizzy|Starvo|Taipanis|Taylor|Teklovossen|Terra|Theryon|Tuffnut|Uzuri|Valda|Verdance|Victor|Viserai|Vynnset|Yoji|Yorick|Zen|Zyggy,Blitz|Clash|ClassicConstructed|LivingLegend|Open|SilverAge|UltimatePitFight,Spellvoid,False,False,True,True,False,P2,55,template_expandable
spell_fray_gloves,spell_fray_gloves,Spell Fray Gloves,Equipment,ChaneBlitzDeck|Dynasty,Arakni|Aurora|Aurora2|Azalea|Benji|Betsy|Blaze|Bolfar|Boltyn|Bravo|Brevant|Briar|Broscilio|Brutus|Chane|Cindra|Crackni|Crix|Dash|DataDoll|Dorinthea|Dromai|Emperor|Enigma|Fai|Fang|Florian|Frankie|Genis|GravyBones|Hala|Ira|Iyslander|Jarl|Kano|Kassai|Katsu|Kavdaen|Kayo|Kox|Levia|Lexi|Librarian|Lyath|Marlynn|Maxx|Melody|Nuu|Oldhim|Olympia|Oscilio|Pleiades|Prism|Puffin|RKO|Reya|Rhinar|Riptide|Ruudi|Scurv|Shiyana|Slippy|Squizzy|Starvo|Taipanis|Taylor|Teklovossen|Terra|Theryon|Tuffnut|Uzuri|Valda|Verdance|Victor|Viserai|Vynnset|Yoji|Yorick|Zen|Zyggy,Blitz|Clash|ClassicConstructed|LivingLegend|Open|SilverAge|UltimatePitFight,Spellvoid,False,False,True,True,False,P2,55,template_expandable
spell_fray_leggings,spell_fray_leggings,Spell Fray Leggings,Equipment,FirstStrikeAurora|FirstStrikeTerra|Dynasty|PrismBlitzDeck,Arakni|Aurora|Aurora2|Azalea|Benji|Betsy|Blaze|Bolfar|Boltyn|Bravo|Brevant|Briar|Broscilio|Brutus|Chane|Cindra|Crackni|Crix|Dash|DataDoll|Dorinthea|Dromai|Emperor|Enigma|Fai|Fang|Florian|Frankie|Genis|GravyBones|Hala|Ira|Iyslander|Jarl|Kano|Kassai|Katsu|Kavdaen|Kayo|Kox|Levia|Lexi|Librarian|Lyath|Marlynn|Maxx|Melody|Nuu|Oldhim|Olympia|Oscilio|Pleiades|Prism|Puffin|RKO|Reya|Rhinar|Riptide|Ruudi|Scurv|Shiyana|Slippy|Squizzy|Starvo|Taipanis|Taylor|Teklovossen|Terra|Theryon|Tuffnut|Uzuri|Valda|Verdance|Victor|Viserai|Vynnset|Yoji|Yorick|Zen|Zyggy,Blitz|Clash|ClassicConstructed|LivingLegend|Open|SilverAge|UltimatePitFight,Spellvoid,False,False,True,True,False,P2,55,template_expandable
spellbane_trap,spellbane_trap_blue|spellbane_trap_red|spellbane_trap_yellow,Spellbane Trap,Action,CompendiumOfRathe,Azalea|Lexi|Marlynn|Riptide,Blitz|Clash|ClassicConstructed|LivingLegend|Open|SilverAge|UltimatePitFight,GoAgain,False,False,True,True,False,P2,55,template_expandable
spew_shadow,spew_shadow_blue|spew_shadow_red|spew_shadow_yellow,Spew Shadow,Action,Monarch,Chane|Levia|Vynnset,Blitz|Clash|ClassicConstructed|Draft|LivingLegend|Open|Sealed|SilverAge|UltimatePitFight,GoAgain,False,False,True,True,False,P2,55,template_expandable
spill_blood,spill_blood_red,Spill Blood,Action,Monarch,Boltyn|Dorinthea|Emperor|Fang|Hala|Kassai|Olympia,Blitz|ClassicConstructed|Draft|LivingLegend|Open|Sealed|UltimatePitFight,Dominate|GoAgain,False,False,True,True,False,P2,55,template_expandable
spinal_crush,spinal_crush_red,Spinal Crush,Action,ArmoryDeckPleiades|HistoryPack1|WelcomeToRathe,Betsy|Bolfar|Bravo|Brevant|Crix|Jarl|Kox|Lyath|Oldhim|Pleiades|Reya|Starvo|Terra|Valda|Victor|Yoji,Blitz|ClassicConstructed|Draft|LivingLegend|Open|Sealed|UltimatePitFight,Crush,False,False,True,True,False,P2,55,template_expandable
spinning_wheel_kick,spinning_wheel_kick_blue|spinning_wheel_kick_red|spinning_wheel_kick_yellow,Spinning Wheel Kick,Action,Outsiders|Promos,Benji|Cindra|Fai|Ira|Katsu|Zen,Blitz|Clash|ClassicConstructed|Draft|LivingLegend|Open|Sealed|SilverAge|UltimatePitFight,Combo|GoAgain,False,False,True,True,False,P2,55,template_expandable
spirit_of_christmas,spirit_of_christmas_blue,Spirit of Christmas,Action,Promos,Arakni|Aurora|Aurora2|Azalea|Benji|Betsy|Blaze|Bolfar|Boltyn|Bravo|Brevant|Briar|Broscilio|Brutus|Chane|Cindra|Crackni|Crix|Dash|DataDoll|Dorinthea|Dromai|Enigma|Fai|Fang|Florian|Frankie|Genis|GravyBones|Hala|Ira|Iyslander|Jarl|Kano|Kassai|Katsu|Kavdaen|Kayo|Kox|Levia|Lexi|Librarian|Lyath|Marlynn|Maxx|Melody|Nuu|Oldhim|Olympia|Oscilio|Pleiades|Prism|Puffin|RKO|Reya|Rhinar|Riptide|Ruudi|Scurv|Shiyana|Slippy|Squizzy|Starvo|Taipanis|Taylor|Teklovossen|Terra|Theryon|Tuffnut|Uzuri|Valda|Verdance|Victor|Viserai|Vynnset|Yoji|Yorick|Zen|Zyggy,Open|UltimatePitFight,GoAgain,False,False,True,True,False,P2,55,template_expandable
spirit_of_war,spirit_of_war_red,Spirit of War,Action,DuskTillDawn,Boltyn,Blitz|ClassicConstructed|LivingLegend|Open|UltimatePitFight,Charge,False,False,True,True,False,P2,55,template_expandable
spoils_of_war,spoils_of_war_red,Spoils of War,Action,CrucibleOfWar|HistoryPack1,Boltyn|Dorinthea|Emperor|Fang|Hala|Kassai|Olympia,Blitz|ClassicConstructed|LivingLegend|Open|UltimatePitFight,GoAgain,False,False,True,True,False,P2,55,template_expandable
spreading_flames,spreading_flames_red,Spreading Flames,Action,Uprising,Cindra|Fai,Blitz|ClassicConstructed|Draft|LivingLegend|Open|Sealed|UltimatePitFight,GoAgain,False,False,True,True,False,P2,55,template_expandable
spreading_mist,spreading_mist_blue,Spreading Mist,Action,CompendiumOfRathe,Enigma|Nuu|Zen,Blitz|Clash|ClassicConstructed|LivingLegend|Open|SilverAge|UltimatePitFight,GoAgain,False,False,True,True,False,P2,55,template_expandable
spring_tidings,spring_tidings_yellow,Spring Tidings,Action,Everfest,Benji|Shiyana,Blitz|Clash|ClassicConstructed|LivingLegend|Open|UltimatePitFight,GoAgain|Specialization,False,False,True,True,False,P2,55,template_expandable
sprocket_rocket,sprocket_rocket_blue|sprocket_rocket_red|sprocket_rocket_yellow,Sprocket Rocket,Action,ArmoryDeckMaxx|BrightLights,Dash|DataDoll|Maxx|Puffin|Teklovossen,Blitz|Clash|ClassicConstructed|Draft|LivingLegend|Open|Sealed|SilverAge|UltimatePitFight,Boost,False,False,True,True,False,P2,55,template_expandable
sprout_strength,sprout_strength_blue|sprout_strength_red|sprout_strength_yellow,Sprout Strength,Action,CompendiumOfRathe,Briar|Florian|Jarl|Oldhim|Starvo|Terra|Verdance,Blitz|Clash|ClassicConstructed|LivingLegend|Open|SilverAge|UltimatePitFight,GoAgain,False,False,True,True,False,P2,55,template_expandable
spur_locked,spur_locked_blue,Spur Locked,Action,TheHunted,Crackni|Slippy,Blitz|ClassicConstructed|LivingLegend|Open|UltimatePitFight,GoAgain,False,False,True,True,False,P2,55,template_expandable
stacked_in_your_favor,stacked_in_your_favor_blue|stacked_in_your_favor_red|stacked_in_your_favor_yellow,Stacked in Your Favor,Action,HeavyHitters,Betsy|Bolfar|Bravo|Brevant|Crix|Jarl|Kox|Lyath|Oldhim|Pleiades|Reya|Starvo|Terra|Valda|Victor|Yoji,Blitz|Clash|ClassicConstructed|Draft|LivingLegend|Open|Sealed|SilverAge|UltimatePitFight,GoAgain,False,False,True,True,False,P2,55,template_expandable
staff_of_verdant_shoots,staff_of_verdant_shoots,Staff of Verdant Shoots,Weapon,Promos|Rosetta|VerdanceBlitzDeck,Verdance,Blitz|Clash|Draft|LivingLegend|Open|Sealed|SilverAge|UltimatePitFight,Amp|GoAgain,False,False,True,True,False,P2,55,template_expandable
stalkers_steps,stalkers_steps,Stalker's Steps,Equipment,ArakniSilverAgeDeck|ArmoryDeckArakni,Arakni|Crackni|Nuu|Slippy|Taylor|Uzuri,Blitz|Clash|ClassicConstructed|LivingLegend|Open|SilverAge|UltimatePitFight,ArcaneBarrier|GoAgain,False,False,True,True,False,P2,55,template_expandable
stand_ground,stand_ground,Stand Ground,Equipment,BetsyBlitzDeck|HeavyHitters|VictorBlitzDeck,Betsy|Bolfar|Bravo|Brevant|Crix|Jarl|Kox|Lyath|Oldhim|Pleiades|Reya|Starvo|Taylor|Terra|Valda|Victor|Yoji,Blitz|Clash|ClassicConstructed|Draft|LivingLegend|Open|Sealed|SilverAge|UltimatePitFight,Temper,False,False,True,True,False,P2,55,template_expandable
star_fall,star_fall,Star Fall,Weapon,FirstStrikeAurora|ArmoryDeckAurora|AuroraBlitzDeck|Promos|Rosetta,Aurora|Aurora2|Briar,Blitz|Clash|Draft|LivingLegend|Open|Sealed|SilverAge|UltimatePitFight,GoAgain,False,False,True,True,False,P2,55,template_expandable
stardust_spike,stardust_spike_red,Stardust Spike,Instant,ArmoryDeckZyggy,Zyggy,Blitz|ClassicConstructed|LivingLegend|Open|UltimatePitFight,Amp|Ward,False,False,True,True,False,P2,55,template_expandable
starlight_striders,starlight_striders,Starlight Striders,Equipment,ArmoryDeckAurora,Aurora|Aurora2|Briar|Taylor,Blitz|ClassicConstructed|LivingLegend|Open|UltimatePitFight,BladeBreak,False,False,True,True,False,P2,55,template_expandable
static_shock,static_shock_red|static_shock_yellow,Static Shock,Action,FirstStrikeAurora|ArmoryDeckAurora,Aurora|Briar|Florian,Blitz|Clash|ClassicConstructed|LivingLegend|Open|SilverAge|UltimatePitFight,Flow,False,False,True,True,False,P2,55,template_expandable
steelblade_supremacy,steelblade_supremacy_red,Steelblade Supremacy,Action,HistoryPack1|WelcomeToRathe,Dorinthea|Shiyana,Blitz|Clash|ClassicConstructed|Draft|LivingLegend|Open|Sealed|UltimatePitFight,GoAgain|Specialization,False,False,True,True,False,P2,55,template_expandable
steelbraid_buckler,steelbraid_buckler,Steelbraid Buckler,Equipment,ArmoryDeckOriginsJarl|BravoSilverAgeDeck|Dynasty|MasteryPackGuardian,Betsy|Bolfar|Bravo|Brevant|Crix|Jarl|Kox|Lyath|Oldhim|Pleiades|Reya|Starvo|Taylor|Terra|Valda|Victor|Yoji,Blitz|Clash|ClassicConstructed|LivingLegend|Open|SilverAge|UltimatePitFight,Temper,False,False,True,True,False,P2,55,template_expandable
sting_of_sorcery,sting_of_sorcery_blue,Sting of Sorcery,Action,TalesOfAria,Aurora|Aurora2|Briar|Chane|Florian|Viserai|Vynnset,Blitz|ClassicConstructed|Draft|LivingLegend|Open|Sealed|UltimatePitFight,GoAgain,False,False,True,True,False,P2,55,template_expandable
stoke_the_flames,stoke_the_flames_red,Stoke the Flames,Action,FaiBlitzDeck|Uprising,Cindra|Dromai|Emperor|Fai|Fang|Taipanis,Blitz|Clash|ClassicConstructed|Draft|LivingLegend|Open|Sealed|SilverAge|UltimatePitFight,GoAgain,False,False,True,True,False,P2,55,template_expandable
stonewall_confidence,stonewall_confidence_blue|stonewall_confidence_red|stonewall_confidence_yellow,Stonewall Confidence,Action,HistoryPack1|MasteryPackGuardian|WelcomeToRathe,Betsy|Bolfar|Bravo|Brevant|Crix|Jarl|Kox|Lyath|Oldhim|Pleiades|Reya|Starvo|Terra|Valda|Victor|Yoji,Blitz|Clash|ClassicConstructed|Draft|LivingLegend|Open|Sealed|SilverAge|UltimatePitFight,GoAgain,False,False,True,True,False,P2,55,template_expandable
stonewall_impasse,stonewall_impasse,Stonewall Impasse,Equipment,HeavyHitters|VictorBlitzDeck,Betsy|Bolfar|Bravo|Brevant|Brutus|Crix|Jarl|Kox|Lyath|Oldhim|Pleiades|Reya|Starvo|Taylor|Terra|Valda|Victor|Yoji,Blitz|Clash|ClassicConstructed|Draft|LivingLegend|Open|Sealed|SilverAge|UltimatePitFight,Clash|Temper,False,False,True,True,False,P2,55,template_expandable
stormweavers_aegis,stormweavers_aegis,Stormweaver's Aegis,Equipment,CompendiumOfRathe,Aurora|Aurora2|Briar|Broscilio|Lexi|Oscilio|Starvo|Taylor|Zyggy,Blitz|ClassicConstructed|LivingLegend|Open|UltimatePitFight,ArcaneBarrier,False,False,True,True,False,P2,55,template_expandable
stormwind_sheath,stormwind_sheath_red,Stormwind Sheath,DefenseReaction,CompendiumOfRathe|Promos,Aurora|Briar|Florian|Iyslander|Jarl|Lexi|Oldhim|Oscilio|Starvo|Terra|Verdance,Blitz|Clash|ClassicConstructed|LivingLegend|Open|SilverAge|UltimatePitFight,Bond,False,False,True,True,False,P2,55,template_expandable
strategic_planning,strategic_planning_blue|strategic_planning_red|strategic_planning_yellow,Strategic Planning,Action,Uprising,Arakni|Aurora|Aurora2|Azalea|Benji|Betsy|Blaze|Bolfar|Boltyn|Bravo|Brevant|Briar|Broscilio|Brutus|Chane|Cindra|Crackni|Crix|Dash|DataDoll|Dorinthea|Dromai|Emperor|Enigma|Fai|Fang|Florian|Frankie|Genis|GravyBones|Hala|Ira|Iyslander|Jarl|Kano|Kassai|Katsu|Kavdaen|Kayo|Kox|Levia|Lexi|Librarian|Lyath|Marlynn|Maxx|Melody|Nuu|Oldhim|Olympia|Oscilio|Pleiades|Prism|Puffin|RKO|Reya|Rhinar|Riptide|Ruudi|Scurv|Shiyana|Slippy|Squizzy|Starvo|Taipanis|Taylor|Teklovossen|Terra|Theryon|Tuffnut|Uzuri|Valda|Verdance|Victor|Viserai|Vynnset|Yoji|Yorick|Zen|Zyggy,Blitz|Clash|ClassicConstructed|Draft|LivingLegend|Open|Sealed|SilverAge|UltimatePitFight,GoAgain,False,False,True,True,False,P2,55,template_expandable
strength_of_sequoia,strength_of_sequoia_blue|strength_of_sequoia_red|strength_of_sequoia_yellow,Strength of Sequoia,Action,OldhimBlitzDeck|Promos|TalesOfAria,Jarl|Oldhim|Starvo|Terra,Blitz|Clash|ClassicConstructed|Draft|LivingLegend|Open|Sealed|SilverAge|UltimatePitFight,Fusion|GoAgain,False,False,True,True,False,P2,55,template_expandable
stroke_of_foresight,stroke_of_foresight_blue|stroke_of_foresight_red|stroke_of_foresight_yellow,Stroke of Foresight,AttackReaction,DorintheaHeroDeck|DorintheaSilverAgeDeck|HistoryPack1|WelcomeToRathe,Boltyn|Dorinthea|Emperor|Fang|Hala|Kassai|Olympia,Blitz|Clash|ClassicConstructed|Draft|LivingLegend|Open|Sealed|SilverAge|UltimatePitFight,Reprise,False,False,True,True,False,P2,55,template_expandable
strong_wood,strong_wood_red|strong_wood_yellow,Strong Wood,Action,FirstStrikeTerra,Jarl|Oldhim|Starvo|Terra,Blitz|Clash|ClassicConstructed|LivingLegend|Open|SilverAge|UltimatePitFight,Bond,False,False,True,True,False,P2,55,template_expandable
strong_yield,strong_yield_blue|strong_yield_red|strong_yield_yellow,Strong Yield,Action,FlorianBlitzDeck|Rosetta,Briar|Florian|Jarl|Oldhim|Starvo|Terra|Verdance,Blitz|Clash|ClassicConstructed|Draft|LivingLegend|Open|Sealed|SilverAge|UltimatePitFight,GoAgain,False,False,True,True,False,P2,55,template_expandable
succumb_to_temptation,succumb_to_temptation_yellow,Succumb to Temptation,Action,Rosetta,Aurora|Aurora2|Briar|Chane|Florian|Viserai|Vynnset,Blitz|ClassicConstructed|Draft|LivingLegend|Open|Sealed|UltimatePitFight,GoAgain,False,False,True,True,False,P2,55,template_expandable
summit_the_unforgiving,summit_the_unforgiving,"Summit, the Unforgiving",Weapon,ArmoryDeckOriginsJarl|GEM,Jarl|Oldhim|Starvo,Blitz|Clash|ClassicConstructed|LivingLegend|Open|UltimatePitFight,Heavy,False,False,True,True,False,P2,55,template_expandable
sun_kiss,sun_kiss_blue|sun_kiss_red|sun_kiss_yellow,Sun Kiss,Action,ArcaneRising,Arakni|Aurora|Aurora2|Azalea|Benji|Betsy|Blaze|Bolfar|Boltyn|Bravo|Brevant|Briar|Broscilio|Brutus|Chane|Cindra|Crackni|Crix|Dash|DataDoll|Dorinthea|Dromai|Emperor|Enigma|Fai|Fang|Florian|Frankie|Genis|GravyBones|Hala|Ira|Iyslander|Jarl|Kano|Kassai|Katsu|Kavdaen|Kayo|Kox|Levia|Lexi|Librarian|Lyath|Marlynn|Maxx|Melody|Nuu|Oldhim|Olympia|Oscilio|Pleiades|Prism|Puffin|RKO|Reya|Rhinar|Riptide|Ruudi|Scurv|Shiyana|Slippy|Squizzy|Starvo|Taipanis|Taylor|Teklovossen|Terra|Theryon|Tuffnut|Uzuri|Valda|Verdance|Victor|Viserai|Vynnset|Yoji|Yorick|Zen|Zyggy,Blitz|Clash|ClassicConstructed|Draft|LivingLegend|Open|Sealed|SilverAge|UltimatePitFight,GoAgain,False,False,True,True,False,P2,55,template_expandable
sunkwater_exoshell,sunkwater_exoshell,Sunkwater Exoshell,Equipment,MasteryPackGuardian,Arakni|Aurora|Aurora2|Azalea|Benji|Betsy|Blaze|Bolfar|Boltyn|Bravo|Brevant|Briar|Broscilio|Brutus|Chane|Cindra|Crackni|Crix|Dash|DataDoll|Dorinthea|Dromai|Emperor|Enigma|Fai|Fang|Florian|Frankie|Genis|GravyBones|Hala|Ira|Iyslander|Jarl|Kano|Kassai|Katsu|Kavdaen|Kayo|Kox|Levia|Lexi|Librarian|Lyath|Marlynn|Maxx|Melody|Nuu|Oldhim|Olympia|Oscilio|Pleiades|Prism|Puffin|RKO|Reya|Rhinar|Riptide|Ruudi|Scurv|Shiyana|Slippy|Squizzy|Starvo|Taipanis|Taylor|Teklovossen|Terra|Theryon|Tuffnut|Uzuri|Valda|Verdance|Victor|Viserai|Vynnset|Yoji|Yorick|Zen|Zyggy,Blitz|Clash|ClassicConstructed|LivingLegend|Open|SilverAge|UltimatePitFight,BladeBreak,False,False,True,True,False,P2,55,template_expandable
sunkwater_lookout,sunkwater_lookout,Sunkwater Lookout,Equipment,MasteryPackGuardian,Arakni|Aurora|Aurora2|Azalea|Benji|Betsy|Blaze|Bolfar|Boltyn|Bravo|Brevant|Briar|Broscilio|Brutus|Chane|Cindra|Crackni|Crix|Dash|DataDoll|Dorinthea|Dromai|Emperor|Enigma|Fai|Fang|Florian|Frankie|Genis|GravyBones|Hala|Ira|Iyslander|Jarl|Kano|Kassai|Katsu|Kavdaen|Kayo|Kox|Levia|Lexi|Librarian|Lyath|Marlynn|Maxx|Melody|Nuu|Oldhim|Olympia|Oscilio|Pleiades|Prism|Puffin|RKO|Reya|Rhinar|Riptide|Ruudi|Scurv|Shiyana|Slippy|Squizzy|Starvo|Taipanis|Taylor|Teklovossen|Terra|Theryon|Tuffnut|Uzuri|Valda|Verdance|Victor|Viserai|Vynnset|Yoji|Yorick|Zen|Zyggy,Blitz|Clash|ClassicConstructed|LivingLegend|Open|SilverAge|UltimatePitFight,BladeBreak,False,False,True,True,False,P2,55,template_expandable
sunkwater_pincers,sunkwater_pincers,Sunkwater Pincers,Equipment,MasteryPackGuardian,Arakni|Aurora|Aurora2|Azalea|Benji|Betsy|Blaze|Bolfar|Boltyn|Bravo|Brevant|Briar|Broscilio|Brutus|Chane|Cindra|Crackni|Crix|Dash|DataDoll|Dorinthea|Dromai|Emperor|Enigma|Fai|Fang|Florian|Frankie|Genis|GravyBones|Hala|Ira|Iyslander|Jarl|Kano|Kassai|Katsu|Kavdaen|Kayo|Kox|Levia|Lexi|Librarian|Lyath|Marlynn|Maxx|Melody|Nuu|Oldhim|Olympia|Oscilio|Pleiades|Prism|Puffin|RKO|Reya|Rhinar|Riptide|Ruudi|Scurv|Shiyana|Slippy|Squizzy|Starvo|Taipanis|Taylor|Teklovossen|Terra|Theryon|Tuffnut|Uzuri|Valda|Verdance|Victor|Viserai|Vynnset|Yoji|Yorick|Zen|Zyggy,Blitz|Clash|ClassicConstructed|LivingLegend|Open|SilverAge|UltimatePitFight,BladeBreak,False,False,True,True,False,P2,55,template_expandable
sunkwater_scalers,sunkwater_scalers,Sunkwater Scalers,Equipment,MasteryPackGuardian,Arakni|Aurora|Aurora2|Azalea|Benji|Betsy|Blaze|Bolfar|Boltyn|Bravo|Brevant|Briar|Broscilio|Brutus|Chane|Cindra|Crackni|Crix|Dash|DataDoll|Dorinthea|Dromai|Emperor|Enigma|Fai|Fang|Florian|Frankie|Genis|GravyBones|Hala|Ira|Iyslander|Jarl|Kano|Kassai|Katsu|Kavdaen|Kayo|Kox|Levia|Lexi|Librarian|Lyath|Marlynn|Maxx|Melody|Nuu|Oldhim|Olympia|Oscilio|Pleiades|Prism|Puffin|RKO|Reya|Rhinar|Riptide|Ruudi|Scurv|Shiyana|Slippy|Squizzy|Starvo|Taipanis|Taylor|Teklovossen|Terra|Theryon|Tuffnut|Uzuri|Valda|Verdance|Victor|Viserai|Vynnset|Yoji|Yorick|Zen|Zyggy,Blitz|Clash|ClassicConstructed|LivingLegend|Open|SilverAge|UltimatePitFight,BladeBreak,False,False,True,True,False,P2,55,template_expandable
suraya_archangel_of_erudition,suraya_archangel_of_erudition,"Suraya, Archangel of Erudition",,DuskTillDawn,Librarian|Prism|Theryon,Blitz|ClassicConstructed|LivingLegend|Open|UltimatePitFight,Ward,False,False,True,True,False,P2,55,template_expandable
surface_shaking,surface_shaking_blue,Surface Shaking,Action,HighSeas,Betsy|Bolfar|Bravo|Brevant|Crix|Jarl|Kox|Lyath|Oldhim|Pleiades|Reya|Starvo|Terra|Valda|Victor|Yoji,Blitz|ClassicConstructed|LivingLegend|Open|UltimatePitFight,GoAgain,False,False,True,True,False,P2,55,template_expandable
surgent_aethertide,surgent_aethertide,Surgent Aethertide,Weapon,Dynasty,Blaze|Broscilio|Emperor|Iyslander|Kano|Oscilio|Verdance,Blitz|Clash|ClassicConstructed|LivingLegend|Open|UltimatePitFight,GoAgain,False,False,True,True,False,P2,55,template_expandable
surging_strike,surging_strike_blue|surging_strike_red|surging_strike_yellow,Surging Strike,Action,HistoryPack1|KatsuBlitzDeck|KatsuHeroDeck|Outsiders|WelcomeToRathe,Benji|Cindra|Fai|Ira|Katsu|Zen,Blitz|Clash|ClassicConstructed|Draft|LivingLegend|Open|Sealed|SilverAge|UltimatePitFight,GoAgain,False,False,True,True,False,P2,55,template_expandable
sutcliffes_research_notes,sutcliffes_research_notes_blue|sutcliffes_research_notes_red|sutcliffes_research_notes_yellow,Sutcliffe's Research Notes,Action,CrucibleOfWar|HistoryPack1,Aurora|Aurora2|Briar|Chane|Florian|Viserai|Vynnset,Blitz|Clash|ClassicConstructed|LivingLegend|Open|SilverAge|UltimatePitFight,GoAgain,False,False,True,True,False,P2,55,template_expandable
sweeping_blow,sweeping_blow_blue|sweeping_blow_red|sweeping_blow_yellow,Sweeping Blow,Action,DromaiBlitzDeck|Uprising,Dromai,Blitz|Clash|ClassicConstructed|Draft|LivingLegend|Open|Sealed|SilverAge|UltimatePitFight,GoAgain,False,False,True,True,False,P2,55,template_expandable
swell_tidings,swell_tidings_red,Swell Tidings,Action,Dynasty,Blaze|Broscilio|Emperor|Iyslander|Kano|Oscilio|Verdance,Blitz|ClassicConstructed|LivingLegend|Open|UltimatePitFight,Surge,False,False,True,True,False,P2,55,template_expandable
swiftwater_sloop,swiftwater_sloop_blue|swiftwater_sloop_red|swiftwater_sloop_yellow,Swiftwater Sloop,Action,HighSeas,GravyBones|Marlynn|Puffin|Scurv,Blitz|Clash|ClassicConstructed|Draft|LivingLegend|Open|Sealed|SilverAge|UltimatePitFight,HighTide,False,False,True,True,False,P2,55,template_expandable
swing_fist_think_later,swing_fist_think_later_blue|swing_fist_think_later_red|swing_fist_think_later_yellow,"Swing Fist, Think Later",Action,CrucibleOfWar,Kayo|Levia|RKO|Rhinar|Tuffnut,Blitz|Clash|ClassicConstructed|LivingLegend|Open|SilverAge|UltimatePitFight,GoAgain,False,False,True,True,False,P2,55,template_expandable
swordmasters_path,swordmasters_path_blue|swordmasters_path_red,Swordmaster's Path,Action,ArmoryDeckOriginsHala,Boltyn|Dorinthea|Emperor|Fang|Hala|Kassai|Olympia,Blitz|Clash|ClassicConstructed|LivingLegend|Open|SilverAge|UltimatePitFight,GoAgain|Sharpen,False,False,True,True,False,P2,55,template_expandable
sworn_vengeance,sworn_vengeance_blue|sworn_vengeance_red|sworn_vengeance_yellow,Sworn Vengeance,Action,FangBlitzDeck|TheHunted,Boltyn|Dorinthea|Emperor|Fang|Hala|Kassai|Olympia,Blitz|Clash|ClassicConstructed|Draft|LivingLegend|Open|Sealed|SilverAge|UltimatePitFight,GoAgain|Mark,False,False,True,True,False,P2,55,template_expandable
tag_the_target,tag_the_target_blue|tag_the_target_red|tag_the_target_yellow,Tag the Target,Action,CindraBlitzDeck|TheHunted,Benji|Cindra|Fai|Ira|Katsu|Zen,Blitz|Clash|ClassicConstructed|Draft|LivingLegend|Open|Sealed|SilverAge|UltimatePitFight,GoAgain|Mark,False,False,True,True,False,P2,55,template_expandable
take_aim,take_aim_blue|take_aim_red|take_aim_yellow,Take Aim,Action,ArcaneRising|AzaleaSilverAgeDeck|HistoryPack1|LexiBlitzDeck,Azalea|Lexi|Marlynn|Riptide,Blitz|Clash|ClassicConstructed|Draft|LivingLegend|Open|Sealed|SilverAge|UltimatePitFight,GoAgain|Reload,False,False,True,True,False,P2,55,template_expandable
take_the_bait,take_the_bait_red,Take the Bait,Action,SuperSlam,Riptide|Shiyana,Blitz|Clash|ClassicConstructed|LivingLegend|Open|UltimatePitFight,GoAgain|Specialization,False,False,True,True,False,P2,55,template_expandable
talisman_of_balance,talisman_of_balance_blue,Talisman of Balance,Action,Everfest,Arakni|Aurora|Aurora2|Azalea|Benji|Betsy|Blaze|Bolfar|Boltyn|Bravo|Brevant|Briar|Broscilio|Brutus|Chane|Cindra|Crackni|Crix|Dash|DataDoll|Dorinthea|Dromai|Enigma|Fai|Fang|Florian|Frankie|Genis|GravyBones|Hala|Ira|Iyslander|Jarl|Kano|Kassai|Katsu|Kavdaen|Kayo|Kox|Levia|Lexi|Librarian|Lyath|Marlynn|Maxx|Melody|Nuu|Oldhim|Olympia|Oscilio|Pleiades|Prism|Puffin|RKO|Reya|Rhinar|Riptide|Ruudi|Scurv|Shiyana|Slippy|Squizzy|Starvo|Taipanis|Taylor|Teklovossen|Terra|Theryon|Tuffnut|Uzuri|Valda|Verdance|Victor|Viserai|Vynnset|Yoji|Yorick|Zen|Zyggy,Blitz|Clash|ClassicConstructed|LivingLegend|Open|SilverAge|UltimatePitFight,GoAgain,False,False,True,True,False,P2,55,template_expandable
talisman_of_cremation,talisman_of_cremation_blue,Talisman of Cremation,Action,Everfest,Arakni|Aurora|Aurora2|Azalea|Benji|Betsy|Blaze|Bolfar|Boltyn|Bravo|Brevant|Briar|Broscilio|Brutus|Chane|Cindra|Crackni|Crix|Dash|DataDoll|Dorinthea|Dromai|Enigma|Fai|Fang|Florian|Frankie|Genis|GravyBones|Hala|Ira|Iyslander|Jarl|Kano|Kassai|Katsu|Kavdaen|Kayo|Kox|Levia|Lexi|Librarian|Lyath|Marlynn|Maxx|Melody|Nuu|Oldhim|Olympia|Oscilio|Pleiades|Prism|Puffin|RKO|Reya|Rhinar|Riptide|Ruudi|Scurv|Shiyana|Slippy|Squizzy|Starvo|Taipanis|Taylor|Teklovossen|Terra|Theryon|Tuffnut|Uzuri|Valda|Verdance|Victor|Viserai|Vynnset|Yoji|Yorick|Zen|Zyggy,Blitz|Clash|ClassicConstructed|LivingLegend|Open|SilverAge|UltimatePitFight,GoAgain,False,False,True,True,False,P2,55,template_expandable
talisman_of_dousing,talisman_of_dousing_yellow,Talisman of Dousing,Action,Monarch,Arakni|Aurora|Aurora2|Azalea|Benji|Betsy|Blaze|Bolfar|Boltyn|Bravo|Brevant|Briar|Broscilio|Brutus|Chane|Cindra|Crackni|Crix|Dash|DataDoll|Dorinthea|Dromai|Enigma|Fai|Fang|Florian|Frankie|Genis|GravyBones|Hala|Ira|Iyslander|Jarl|Kano|Kassai|Katsu|Kavdaen|Kayo|Kox|Levia|Lexi|Librarian|Lyath|Marlynn|Maxx|Melody|Nuu|Oldhim|Olympia|Oscilio|Pleiades|Prism|Puffin|RKO|Reya|Rhinar|Riptide|Ruudi|Scurv|Shiyana|Slippy|Squizzy|Starvo|Taipanis|Taylor|Teklovossen|Terra|Theryon|Tuffnut|Uzuri|Valda|Verdance|Victor|Viserai|Vynnset|Yoji|Yorick|Zen|Zyggy,Blitz|Clash|ClassicConstructed|Draft|LivingLegend|Open|Sealed|SilverAge|UltimatePitFight,GoAgain|Spellvoid,False,False,True,True,False,P2,55,template_expandable
talisman_of_featherfoot,talisman_of_featherfoot_yellow,Talisman of Featherfoot,Action,Everfest,Arakni|Aurora|Aurora2|Azalea|Benji|Betsy|Blaze|Bolfar|Boltyn|Bravo|Brevant|Briar|Broscilio|Brutus|Chane|Cindra|Crackni|Crix|Dash|DataDoll|Dorinthea|Dromai|Enigma|Fai|Fang|Florian|Frankie|Genis|GravyBones|Hala|Ira|Iyslander|Jarl|Kano|Kassai|Katsu|Kavdaen|Kayo|Kox|Levia|Lexi|Librarian|Lyath|Marlynn|Maxx|Melody|Nuu|Oldhim|Olympia|Oscilio|Pleiades|Prism|Puffin|RKO|Reya|Rhinar|Riptide|Ruudi|Scurv|Shiyana|Slippy|Squizzy|Starvo|Taipanis|Taylor|Teklovossen|Terra|Theryon|Tuffnut|Uzuri|Valda|Verdance|Victor|Viserai|Vynnset|Yoji|Yorick|Zen|Zyggy,Blitz|Clash|ClassicConstructed|LivingLegend|Open|SilverAge|UltimatePitFight,GoAgain,False,False,True,True,False,P2,55,template_expandable
talisman_of_recompense,talisman_of_recompense_yellow,Talisman of Recompense,Action,Everfest,Arakni|Aurora|Aurora2|Azalea|Benji|Betsy|Blaze|Bolfar|Boltyn|Bravo|Brevant|Briar|Broscilio|Brutus|Chane|Cindra|Crackni|Crix|Dash|DataDoll|Dorinthea|Dromai|Enigma|Fai|Fang|Florian|Frankie|Genis|GravyBones|Hala|Ira|Iyslander|Jarl|Kano|Kassai|Katsu|Kavdaen|Kayo|Kox|Levia|Lexi|Librarian|Lyath|Marlynn|Maxx|Melody|Nuu|Oldhim|Olympia|Oscilio|Pleiades|Prism|Puffin|RKO|Reya|Rhinar|Riptide|Ruudi|Scurv|Shiyana|Slippy|Squizzy|Starvo|Taipanis|Taylor|Teklovossen|Terra|Theryon|Tuffnut|Uzuri|Valda|Verdance|Victor|Viserai|Vynnset|Yoji|Yorick|Zen|Zyggy,Blitz|Clash|ClassicConstructed|LivingLegend|Open|SilverAge|UltimatePitFight,GoAgain,False,False,True,True,False,P2,55,template_expandable
talisman_of_tithes,talisman_of_tithes_blue,Talisman of Tithes,Action,Everfest,Arakni|Aurora|Aurora2|Azalea|Benji|Betsy|Blaze|Bolfar|Boltyn|Bravo|Brevant|Briar|Broscilio|Brutus|Chane|Cindra|Crackni|Crix|Dash|DataDoll|Dorinthea|Dromai|Enigma|Fai|Fang|Florian|Frankie|Genis|GravyBones|Hala|Ira|Iyslander|Jarl|Kano|Kassai|Katsu|Kavdaen|Kayo|Kox|Levia|Lexi|Librarian|Lyath|Marlynn|Maxx|Melody|Nuu|Oldhim|Olympia|Oscilio|Pleiades|Prism|Puffin|RKO|Reya|Rhinar|Riptide|Ruudi|Scurv|Shiyana|Slippy|Squizzy|Starvo|Taipanis|Taylor|Teklovossen|Terra|Theryon|Tuffnut|Uzuri|Valda|Verdance|Victor|Viserai|Vynnset|Yoji|Yorick|Zen|Zyggy,Blitz|Clash|ClassicConstructed|LivingLegend|Open|SilverAge|UltimatePitFight,GoAgain,False,False,True,True,False,P2,55,template_expandable
talisman_of_warfare,talisman_of_warfare_yellow,Talisman of Warfare,Action,Everfest,Arakni|Aurora|Aurora2|Azalea|Benji|Betsy|Blaze|Bolfar|Boltyn|Bravo|Brevant|Briar|Broscilio|Brutus|Chane|Cindra|Crackni|Crix|Dash|DataDoll|Dorinthea|Dromai|Enigma|Fai|Fang|Florian|Frankie|Genis|GravyBones|Hala|Ira|Iyslander|Jarl|Kano|Kassai|Katsu|Kavdaen|Kayo|Kox|Levia|Lexi|Librarian|Lyath|Marlynn|Maxx|Melody|Nuu|Oldhim|Olympia|Oscilio|Pleiades|Prism|Puffin|RKO|Reya|Rhinar|Riptide|Ruudi|Scurv|Shiyana|Slippy|Squizzy|Starvo|Taipanis|Taylor|Teklovossen|Terra|Theryon|Tuffnut|Uzuri|Valda|Verdance|Victor|Viserai|Vynnset|Yoji|Yorick|Zen|Zyggy,Blitz|Clash|ClassicConstructed|LivingLegend|Open|SilverAge|UltimatePitFight,GoAgain,False,False,True,True,False,P2,55,template_expandable
talismanic_lens,talismanic_lens,Talismanic Lens,Equipment,ArcaneRising|AzaleaSilverAgeDeck|BlazeSilverAgeDeck|HistoryPack1|Promos,Arakni|Aurora|Aurora2|Azalea|Benji|Betsy|Blaze|Bolfar|Boltyn|Bravo|Brevant|Briar|Broscilio|Brutus|Chane|Cindra|Crackni|Crix|Dash|DataDoll|Dorinthea|Dromai|Emperor|Enigma|Fai|Fang|Florian|Frankie|Genis|GravyBones|Hala|Ira|Iyslander|Jarl|Kano|Kassai|Katsu|Kavdaen|Kayo|Kox|Levia|Lexi|Librarian|Lyath|Marlynn|Maxx|Melody|Nuu|Oldhim|Olympia|Oscilio|Pleiades|Prism|Puffin|RKO|Reya|Rhinar|Riptide|Ruudi|Scurv|Shiyana|Slippy|Squizzy|Starvo|Taipanis|Taylor|Teklovossen|Terra|Theryon|Tuffnut|Uzuri|Valda|Verdance|Victor|Viserai|Vynnset|Yoji|Yorick|Zen|Zyggy,Blitz|Clash|ClassicConstructed|Draft|LivingLegend|Open|Sealed|SilverAge|UltimatePitFight,Opt,False,False,True,True,False,P2,55,template_expandable
talk_a_big_game,talk_a_big_game_blue,Talk a Big Game,Action,HeavyHitters|Promos,Betsy|Bolfar|Bravo|Brevant|Crix|Jarl|Kayo|Kox|Levia|Lyath|Oldhim|Pleiades|RKO|Reya|Rhinar|Starvo|Terra|Tuffnut|Valda|Victor|Yoji,Blitz|Draft|LivingLegend|Open|Sealed|UltimatePitFight,GoAgain,False,False,True,True,False,P2,55,template_expandable
target_totalizer,target_totalizer,Target Totalizer,Equipment,ArmoryDeckAzalea|Promos,Azalea|Lexi|Marlynn|Riptide|Taylor,Blitz|ClassicConstructed|LivingLegend|Open|UltimatePitFight,GoAgain,False,False,True,True,False,P2,55,template_expandable
tear_asunder,tear_asunder_blue,Tear Asunder,Action,ArmoryDeckPleiades|TalesOfAria,Betsy|Bolfar|Bravo|Brevant|Crix|Jarl|Kox|Lyath|Oldhim|Pleiades|Reya|Starvo|Terra|Valda|Victor|Yoji,Blitz|ClassicConstructed|Draft|LivingLegend|Open|Sealed|UltimatePitFight,Dominate|GoAgain,False,False,True,True,False,P2,55,template_expandable
tear_down_the_idols,tear_down_the_idols_red,Tear Down the Idols,Action,SuperSlam,Lyath|RKO,Blitz|ClassicConstructed|Draft|LivingLegend|Open|Sealed|UltimatePitFight,Intimidate,False,False,True,True,False,P2,55,template_expandable
tear_limb_from_limb,tear_limb_from_limb_blue,Tear Limb from Limb,Action,Monarch,Kayo|Levia|RKO|Rhinar|Tuffnut,Blitz|ClassicConstructed|Draft|LivingLegend|Open|Sealed|UltimatePitFight,GoAgain,False,False,True,True,False,P2,55,template_expandable
tear_through_the_portal,tear_through_the_portal_blue|tear_through_the_portal_red|tear_through_the_portal_yellow,Tear Through the Portal,Action,DuskTillDawn,Chane|Levia|Vynnset,Blitz|Clash|ClassicConstructed|LivingLegend|Open|SilverAge|UltimatePitFight,GoAgain,False,False,True,True,False,P2,55,template_expandable
tectonic_crust,tectonic_crust,Tectonic Crust,Equipment,ArmoryDeckOriginsJarl,Jarl|Oldhim|Starvo|Taylor|Terra,Blitz|ClassicConstructed|LivingLegend|Open|UltimatePitFight,Temper,False,False,True,True,False,P2,55,template_expandable
tectonic_instability,tectonic_instability_blue,Tectonic Instability,Action,MasteryPackGuardian,Betsy|Bolfar|Bravo|Brevant|Crix|Jarl|Kox|Lyath|Oldhim|Pleiades|Reya|Starvo|Terra|Valda|Victor|Yoji,Blitz|Clash|ClassicConstructed|LivingLegend|Open|SilverAge|UltimatePitFight,GoAgain,False,False,True,True,False,P2,55,template_expandable
tectonic_rift,tectonic_rift_blue,Tectonic Rift,Action,BrightLights,Betsy|Bolfar|Bravo|Brevant|Crix|Jarl|Kox|Lyath|Oldhim|Pleiades|Reya|Starvo|Terra|Valda|Victor|Yoji,Blitz|ClassicConstructed|LivingLegend|Open|UltimatePitFight,GoAgain,False,False,True,True,False,P2,55,template_expandable
teeth_of_the_cog,teeth_of_the_cog_blue|teeth_of_the_cog_red|teeth_of_the_cog_yellow,Teeth of the Cog,Action,HighSeas,Dash|DataDoll|Maxx|Puffin|Teklovossen,Blitz|Clash|ClassicConstructed|Draft|LivingLegend|Open|Sealed|SilverAge|UltimatePitFight,Galvanize,False,False,True,True,False,P2,55,template_expandable
teklo_base_arms,teklo_base_arms,Teklo Base Arms,Equipment,BrightLights|Promos,Dash|DataDoll|Maxx|Puffin|Taylor|Teklovossen,Blitz|Clash|ClassicConstructed|Draft|LivingLegend|Open|Sealed|SilverAge|UltimatePitFight,BladeBreak,False,False,True,True,False,P2,55,template_expandable
teklo_base_chest,teklo_base_chest,Teklo Base Chest,Equipment,BrightLights|Promos,Dash|DataDoll|Maxx|Puffin|Taylor|Teklovossen,Blitz|Clash|ClassicConstructed|Draft|LivingLegend|Open|Sealed|SilverAge|UltimatePitFight,BladeBreak,False,False,True,True,False,P2,55,template_expandable
teklo_base_head,teklo_base_head,Teklo Base Head,Equipment,BrightLights|Promos,Dash|DataDoll|Maxx|Puffin|Taylor|Teklovossen,Blitz|Clash|ClassicConstructed|Draft|LivingLegend|Open|Sealed|SilverAge|UltimatePitFight,BladeBreak,False,False,True,True,False,P2,55,template_expandable
teklo_base_legs,teklo_base_legs,Teklo Base Legs,Equipment,BrightLights|Promos,Dash|DataDoll|Maxx|Puffin|Taylor|Teklovossen,Blitz|Clash|ClassicConstructed|Draft|LivingLegend|Open|Sealed|SilverAge|UltimatePitFight,BladeBreak,False,False,True,True,False,P2,55,template_expandable
teklo_trebuchet_2000,teklo_trebuchet_2000_blue,Teklo Trebuchet 2000,Action,CompendiumOfRathe|DashSilverAgeDeck|GEM,Dash|DataDoll|Maxx|Puffin|Teklovossen,Blitz|Clash|ClassicConstructed|LivingLegend|Open|SilverAge|UltimatePitFight,Boost,False,False,True,True,False,P2,55,template_expandable
teklovossen_the_mechropotent,teklovossen_the_mechropotent,"Teklovossen, the Mechropotent",DemiHero|Equipment,BrightLights,Taylor,Blitz|ClassicConstructed|LivingLegend|Open|UltimatePitFight,Battleworn|GoAgain,False,False,True,True,False,P2,55,template_expandable
tempest_aurora,tempest_aurora_blue|tempest_aurora_red|tempest_aurora_yellow,Tempest Aurora,Action,Dynasty,Blaze|Broscilio|Emperor|Iyslander|Kano|Oscilio|Verdance,Blitz|Clash|ClassicConstructed|LivingLegend|Open|SilverAge|UltimatePitFight,GoAgain,False,False,True,True,False,P2,55,template_expandable
tempest_palm_gustwave,tempest_palm_gustwave_yellow,Tempest Palm Gustwave,Action,SuperSlam,Benji|Cindra|Fai|Ira|Katsu|Zen,Blitz|ClassicConstructed|LivingLegend|Open|UltimatePitFight,Combo|GoAgain,False,False,True,True,False,P2,55,template_expandable
tension_in_the_air,tension_in_the_air_blue|tension_in_the_air_red|tension_in_the_air_yellow,Tension in the Air,Instant,ArmoryDeckPleiades|Promos|SuperSlam,Betsy|Bolfar|Bravo|Brevant|Crix|Jarl|Kox|Lyath|Oldhim|Pleiades|Reya|Starvo|Terra|Valda|Victor|Yoji,Blitz|Clash|ClassicConstructed|Draft|LivingLegend|Open|Sealed|SilverAge|UltimatePitFight,Suspense,False,False,True,True,False,P2,55,template_expandable
tentacular_toll,tentacular_toll_blue|tentacular_toll_red|tentacular_toll_yellow,Tentacular Toll,Action,CompendiumOfRathe,GravyBones,Blitz|Clash|ClassicConstructed|LivingLegend|Open|SilverAge|UltimatePitFight,GoAgain,False,False,True,True,False,P2,55,template_expandable
terminator_tank,terminator_tank_red,Terminator Tank,Action,BrightLights,Dash|DataDoll|Maxx|Puffin|Teklovossen,Blitz|ClassicConstructed|Draft|LivingLegend|Open|Sealed|UltimatePitFight,Overpower,False,False,True,True,False,P2,55,template_expandable
terra,terra,Terra,Hero,FirstStrikeTerra|Promos,Terra,Blitz|Clash|Open|SilverAge|UltimatePitFight,Essence,False,False,True,True,False,P2,55,template_expandable
test_of_iron_grip,test_of_iron_grip_red,Test of Iron Grip,Block,MasteryPackGuardian,Betsy|Bolfar|Bravo|Brevant|Brutus|Crix|Jarl|Kox|Lyath|Oldhim|Pleiades|Reya|Starvo|Terra|Valda|Victor|Yoji,Blitz|ClassicConstructed|LivingLegend|Open|UltimatePitFight,Clash,False,False,True,True,False,P2,55,template_expandable
the_grain_that_tips_the_scale,the_grain_that_tips_the_scale_blue,The Grain that Tips the Scale,Instant,PartTheMistveil|Promos|ZenBlitzDeck,Enigma|Nuu|Zen,Blitz|Clash|ClassicConstructed|Draft|LivingLegend|Open|Sealed|SilverAge|UltimatePitFight,Legendary|Transcend,False,False,True,True,False,P2,55,template_expandable
the_hand_that_pulls_the_strings,the_hand_that_pulls_the_strings,The Hand that Pulls the Strings,Mentor,ArakniBlitzDeckARK|Promos,Arakni|Crackni|Slippy,Blitz|Clash|Open|UltimatePitFight,GoAgain,False,False,True,True,False,P2,55,template_expandable
the_suspense_is_killing_me,the_suspense_is_killing_me_blue,The Suspense is Killing Me,Instant,ArmoryDeckPleiades|BravoSilverAgeDeck|SuperSlam,Betsy|Bolfar|Bravo|Brevant|Crix|Jarl|Kox|Lyath|Oldhim|Pleiades|Reya|Starvo|Terra|Valda|Victor|Yoji,Blitz|Clash|ClassicConstructed|Draft|LivingLegend|Open|Sealed|SilverAge|UltimatePitFight,Suspense,False,False,True,True,False,P2,55,template_expandable
this_rounds_on_me,this_rounds_on_me_blue,This Round's on Me,Action,Everfest|Promos,Arakni|Aurora|Aurora2|Azalea|Benji|Betsy|Blaze|Bolfar|Boltyn|Bravo|Brevant|Briar|Broscilio|Brutus|Chane|Cindra|Crackni|Crix|Dash|DataDoll|Dorinthea|Dromai|Enigma|Fai|Fang|Florian|Frankie|Genis|GravyBones|Hala|Ira|Iyslander|Jarl|Kano|Kassai|Katsu|Kavdaen|Kayo|Kox|Levia|Lexi|Librarian|Lyath|Marlynn|Maxx|Melody|Nuu|Oldhim|Olympia|Oscilio|Pleiades|Prism|Puffin|RKO|Reya|Rhinar|Riptide|Ruudi|Scurv|Shiyana|Slippy|Squizzy|Starvo|Taipanis|Taylor|Teklovossen|Terra|Theryon|Tuffnut|Uzuri|Valda|Verdance|Victor|Viserai|Vynnset|Yoji|Yorick|Zen|Zyggy,Blitz|ClassicConstructed|LivingLegend|Open|UltimatePitFight,GoAgain,False,False,True,True,False,P2,55,template_expandable
thistle_bloom__life,thistle_bloom__life_yellow,Thistle Bloom // Life,Action|Instant,Promos|Rosetta,Briar|Florian,Blitz|ClassicConstructed|Draft|LivingLegend|Open|Sealed|UltimatePitFight,Meld,False,False,True,True,False,P2,55,template_expandable
three_of_a_kind,three_of_a_kind_red,Three of a Kind,Action,ArcaneRising|HistoryPack1,Azalea|Lexi|Marlynn|Riptide,Blitz|ClassicConstructed|Draft|LivingLegend|Open|Sealed|UltimatePitFight,GoAgain,False,False,True,True,False,P2,55,template_expandable
thrive,thrive_yellow,Thrive,Action,FirstStrikeTerra,Briar|Florian|Jarl|Oldhim|Starvo|Terra|Verdance,Blitz|ClassicConstructed|LivingLegend|Open|UltimatePitFight,GoAgain,False,False,True,True,False,P2,55,template_expandable
throttle,throttle_blue|throttle_red|throttle_yellow,Throttle,Action,ArcaneRising|ArmoryDeckDash|ArmoryDeckMaxx|DashSilverAgeDeck|HistoryPack1|RoundTheTable,Dash|DataDoll|Maxx|Puffin|Teklovossen,Blitz|Clash|ClassicConstructed|Draft|LivingLegend|Open|Sealed|SilverAge|UltimatePitFight,Boost,False,False,True,True,False,P2,55,template_expandable
throw_yourself_at_them,throw_yourself_at_them_blue|throw_yourself_at_them_red|throw_yourself_at_them_yellow,Throw Yourself at Them,Action,TheHunted,Arakni|Benji|Cindra|Crackni|Fai|Ira|Katsu|Nuu|Slippy|Uzuri|Zen,Blitz|Clash|ClassicConstructed|Draft|LivingLegend|Open|Sealed|SilverAge|UltimatePitFight,GoAgain,False,False,True,True,False,P2,55,template_expandable
thump,thump_blue|thump_red|thump_yellow,Thump,Action,MasteryPackGuardian|OldhimBlitzDeck|TalesOfAria,Betsy|Bolfar|Bravo|Brevant|Crix|Jarl|Kox|Lyath|Oldhim|Pleiades|Reya|Starvo|Terra|Valda|Victor|Yoji,Blitz|Clash|ClassicConstructed|Draft|LivingLegend|Open|Sealed|SilverAge|UltimatePitFight,Dominate,False,False,True,True,False,P2,55,template_expandable
tide_flippers,tide_flippers,Tide Flippers,Equipment,Uprising,Benji|Cindra|Fai|Ira|Katsu|Taylor|Zen,Blitz|Clash|ClassicConstructed|Draft|LivingLegend|Open|Sealed|SilverAge|UltimatePitFight,ArcaneBarrier|GoAgain,False,False,True,True,False,P2,55,template_expandable
tiger_form_incantation,tiger_form_incantation_blue|tiger_form_incantation_red|tiger_form_incantation_yellow,Tiger Form Incantation,Action,PartTheMistveil|ZenBlitzDeck,Zen,Blitz|Clash|ClassicConstructed|Draft|LivingLegend|Open|Sealed|SilverAge|UltimatePitFight,GoAgain,False,False,True,True,False,P2,55,template_expandable
tiger_swipe,tiger_swipe_red,Tiger Swipe,Action,Dynasty,Benji|Cindra|Fai|Ira|Katsu|Zen,Blitz|ClassicConstructed|LivingLegend|Open|UltimatePitFight,Combo|GoAgain,False,False,True,True,False,P2,55,template_expandable
tiger_taming_khakkara,tiger_taming_khakkara,Tiger Taming Khakkara,Weapon,PartTheMistveil|Promos|ZenBlitzDeck,Benji|Cindra|Fai|Ira|Katsu|Zen,Blitz|Clash|Draft|LivingLegend|Open|Sealed|SilverAge|UltimatePitFight,GoAgain,False,False,True,True,False,P2,55,template_expandable
tighten_the_screws,tighten_the_screws_red,Tighten the Screws,Action,HighSeas,Dash|DataDoll|Maxx|Puffin|Teklovossen,Blitz|Clash|ClassicConstructed|Draft|LivingLegend|Open|Sealed|SilverAge|UltimatePitFight,GoAgain,False,False,True,True,False,P2,55,template_expandable
tigrine_reflex,tigrine_reflex_red,Tigrine Reflex,Action,CompendiumOfRathe,Benji|Cindra|Fai|Ira|Katsu|Zen,Blitz|ClassicConstructed|LivingLegend|Open|UltimatePitFight,Combo|GoAgain,False,False,True,True,False,P2,55,template_expandable
time_flies_when_youre_having_fun,time_flies_when_youre_having_fun_red,Time Flies When You're Having Fun,Action,SuperSlam,Arakni|Aurora|Aurora2|Azalea|Benji|Betsy|Blaze|Bolfar|Boltyn|Bravo|Brevant|Briar|Broscilio|Brutus|Chane|Cindra|Crackni|Crix|Dash|DataDoll|Dorinthea|Dromai|Emperor|Enigma|Fai|Fang|Florian|Frankie|Genis|GravyBones|Hala|Ira|Iyslander|Jarl|Kano|Kassai|Katsu|Kavdaen|Kayo|Kox|Levia|Lexi|Librarian|Lyath|Marlynn|Maxx|Melody|Nuu|Oldhim|Olympia|Oscilio|Pleiades|Prism|Puffin|RKO|Reya|Rhinar|Riptide|Ruudi|Scurv|Shiyana|Slippy|Squizzy|Starvo|Taipanis|Taylor|Teklovossen|Terra|Theryon|Tuffnut|Uzuri|Valda|Verdance|Victor|Viserai|Vynnset|Yoji|Yorick|Zen|Zyggy,Blitz|ClassicConstructed|Draft|LivingLegend|Open|Sealed|UltimatePitFight,GoAgain,False,False,True,True,False,P2,55,template_expandable
tip_the_barkeep,tip_the_barkeep_blue,Tip the Barkeep,Action,HighSeas,GravyBones|Marlynn|Puffin|Scurv,Blitz|ClassicConstructed|Draft|LivingLegend|Open|Sealed|UltimatePitFight,GoAgain,False,False,True,True,False,P2,55,template_expandable
tit_for_tat,tit_for_tat_blue,Tit for Tat,Action,HighSeas,Arakni|Aurora|Aurora2|Azalea|Benji|Betsy|Blaze|Bolfar|Boltyn|Bravo|Brevant|Briar|Broscilio|Brutus|Chane|Cindra|Crackni|Crix|Dash|DataDoll|Dorinthea|Dromai|Enigma|Fai|Fang|Florian|Frankie|Genis|GravyBones|Hala|Ira|Iyslander|Jarl|Kano|Kassai|Katsu|Kavdaen|Kayo|Kox|Levia|Lexi|Librarian|Lyath|Marlynn|Maxx|Melody|Nuu|Oldhim|Olympia|Oscilio|Pleiades|Prism|Puffin|RKO|Reya|Rhinar|Riptide|Ruudi|Scurv|Shiyana|Slippy|Squizzy|Starvo|Taipanis|Taylor|Teklovossen|Terra|Theryon|Tuffnut|Uzuri|Valda|Verdance|Victor|Viserai|Vynnset|Yoji|Yorick|Zen|Zyggy,Blitz|Clash|ClassicConstructed|Draft|LivingLegend|Open|Sealed|SilverAge|UltimatePitFight,GoAgain,False,False,True,True,False,P2,55,template_expandable
toby_jugs,toby_jugs,Toby Jugs,Equipment,Promos|SuperSlam,Arakni|Aurora|Aurora2|Azalea|Benji|Betsy|Blaze|Bolfar|Boltyn|Bravo|Brevant|Briar|Broscilio|Brutus|Chane|Cindra|Crackni|Crix|Dash|DataDoll|Dorinthea|Dromai|Emperor|Enigma|Fai|Fang|Florian|Frankie|Genis|GravyBones|Hala|Ira|Iyslander|Jarl|Kano|Kassai|Katsu|Kavdaen|Kayo|Kox|Levia|Lexi|Librarian|Lyath|Marlynn|Maxx|Melody|Nuu|Oldhim|Olympia|Oscilio|Pleiades|Prism|Puffin|RKO|Reya|Rhinar|Riptide|Ruudi|Scurv|Shiyana|Slippy|Squizzy|Starvo|Taipanis|Taylor|Teklovossen|Terra|Theryon|Tuffnut|Uzuri|Valda|Verdance|Victor|Viserai|Vynnset|Yoji|Yorick|Zen|Zyggy,Blitz|Clash|ClassicConstructed|Draft|LivingLegend|Open|Sealed|SilverAge|UltimatePitFight,BladeBreak,False,False,True,True,False,P2,55,template_expandable
tome_of_aeo,tome_of_aeo_blue,Tome of Aeo,Action,Dynasty,Dromai|Enigma|Librarian|Prism|Zyggy,Blitz|ClassicConstructed|LivingLegend|Open|UltimatePitFight,Ward,False,False,True,True,False,P2,55,template_expandable
tome_of_harvests,tome_of_harvests_blue,Tome of Harvests,Action,TalesOfAria,Briar|Florian|Jarl|Librarian|Oldhim|Starvo|Terra|Verdance,Blitz|ClassicConstructed|Draft|LivingLegend|Open|Sealed|UltimatePitFight,GoAgain,False,False,True,True,False,P2,55,template_expandable
tome_of_imperial_flame,tome_of_imperial_flame_red,Tome of Imperial Flame,Action,BrightLights,Cindra|Dromai|Emperor|Fai|Fang|Librarian|Taipanis,Blitz|ClassicConstructed|LivingLegend|Open|UltimatePitFight,GoAgain,False,False,True,True,False,P2,55,template_expandable
tome_of_pandemonium,tome_of_pandemonium_yellow,Tome of Pandemonium,Action,CompendiumOfRathe,Crackni|Librarian|Slippy,Blitz|ClassicConstructed|LivingLegend|Open|UltimatePitFight,GoAgain,False,False,True,True,False,P2,55,template_expandable
tome_of_the_arknight,tome_of_the_arknight_blue,Tome of the Arknight,Action,ArcaneRising|ArmoryDeckLegendsViserai,Aurora|Aurora2|Briar|Chane|Florian|Librarian|Viserai|Vynnset,Blitz|ClassicConstructed|Draft|LivingLegend|Open|Sealed|UltimatePitFight,GoAgain,False,False,True,True,False,P2,55,template_expandable
tome_of_torment,tome_of_torment_red,Tome of Torment,Action,Monarch,Chane|Levia|Librarian|Vynnset,Blitz|ClassicConstructed|Draft|LivingLegend|Open|Sealed|UltimatePitFight,BloodDebt,False,False,True,True,False,P2,55,template_expandable
torque_tuned,torque_tuned_blue|torque_tuned_red|torque_tuned_yellow,Torque Tuned,Action,BrightLights,Dash|DataDoll|Maxx|Puffin|Teklovossen,Blitz|Clash|ClassicConstructed|Draft|LivingLegend|Open|Sealed|SilverAge|UltimatePitFight,Galvanize|Overpower,False,False,True,True,False,P2,55,template_expandable
torrent_of_tempo,torrent_of_tempo_blue|torrent_of_tempo_red|torrent_of_tempo_yellow,Torrent of Tempo,Action,ArmoryDeckIra|CrucibleOfWar|HistoryPack1|IraWelcomeDeck,Benji|Cindra|Fai|Ira|Katsu|Zen,Blitz|Clash|ClassicConstructed|LivingLegend|Open|SilverAge|UltimatePitFight,GoAgain,False,False,True,True,False,P2,55,template_expandable
tough_old_wrench,tough_old_wrench_blue|tough_old_wrench_red|tough_old_wrench_yellow,Tough Old Wrench,Action,HighSeas,Dash|DataDoll|Maxx|Puffin|Teklovossen,Blitz|Clash|ClassicConstructed|Draft|LivingLegend|Open|Sealed|SilverAge|UltimatePitFight,Galvanize,False,False,True,True,False,P2,55,template_expandable
toxicity,toxicity_blue|toxicity_red|toxicity_yellow,Toxicity,Action,Outsiders|Promos,Arakni|Azalea|Crackni|Lexi|Marlynn|Nuu|Riptide|Slippy|Uzuri,Blitz|Clash|ClassicConstructed|Draft|LivingLegend|Open|Sealed|SilverAge|UltimatePitFight,GoAgain,False,False,True,True,False,P2,55,template_expandable
trade_in,trade_in_blue|trade_in_red|trade_in_yellow,Trade In,Action,FaiBlitzDeck|HeavyHitters|HighSeas|KassaiBlitzDeck|Uprising,Arakni|Aurora|Aurora2|Azalea|Benji|Betsy|Blaze|Bolfar|Boltyn|Bravo|Brevant|Briar|Broscilio|Brutus|Chane|Cindra|Crackni|Crix|Dash|DataDoll|Dorinthea|Dromai|Emperor|Enigma|Fai|Fang|Florian|Frankie|Genis|GravyBones|Hala|Ira|Iyslander|Jarl|Kano|Kassai|Katsu|Kavdaen|Kayo|Kox|Levia|Lexi|Librarian|Lyath|Marlynn|Maxx|Melody|Nuu|Oldhim|Olympia|Oscilio|Pleiades|Prism|Puffin|RKO|Reya|Rhinar|Riptide|Ruudi|Scurv|Shiyana|Slippy|Squizzy|Starvo|Taipanis|Taylor|Teklovossen|Terra|Theryon|Tuffnut|Uzuri|Valda|Verdance|Victor|Viserai|Vynnset|Yoji|Yorick|Zen|Zyggy,Blitz|Clash|ClassicConstructed|Draft|LivingLegend|Open|Sealed|SilverAge|UltimatePitFight,GoAgain,False,False,True,True,False,P2,55,template_expandable
trailblazing_aether,trailblazing_aether_blue|trailblazing_aether_red|trailblazing_aether_yellow,Trailblazing Aether,Action,OscilioBlitzDeck|Rosetta,Blaze|Broscilio|Emperor|Iyslander|Kano|Oscilio|Verdance,Blitz|Clash|ClassicConstructed|Draft|LivingLegend|Open|Sealed|SilverAge|UltimatePitFight,Surge,False,False,True,True,False,P2,55,template_expandable
transmogrify,transmogrify_blue|transmogrify_red|transmogrify_yellow,Transmogrify,Action,Uprising,Dromai|Enigma|Prism|Zyggy,Blitz|Clash|ClassicConstructed|Draft|LivingLegend|Open|Sealed|SilverAge|UltimatePitFight,GoAgain,False,False,True,True,False,P2,55,template_expandable
trap_and_release,trap_and_release_blue|trap_and_release_red|trap_and_release_yellow,Trap and Release,Action,TheHunted,Benji|Cindra|Fai|Ira|Katsu|Zen,Blitz|Clash|ClassicConstructed|Draft|LivingLegend|Open|Sealed|SilverAge|UltimatePitFight,GoAgain|Mark,False,False,True,True,False,P2,55,template_expandable
tremor_of_resistance,tremor_of_resistance,Tremor of Resistance,Equipment,MasteryPackGuardian,Betsy|Bolfar|Bravo|Brevant|Crix|Jarl|Kox|Lyath|Oldhim|Pleiades|Reya|Starvo|Taylor|Terra|Valda|Victor|Yoji,Blitz|Clash|ClassicConstructed|LivingLegend|Open|SilverAge|UltimatePitFight,BladeBreak,False,False,True,True,False,P2,55,template_expandable
trench_of_sunken_treasure,trench_of_sunken_treasure,Trench of Sunken Treasure,Equipment,Outsiders|Promos,Azalea|Lexi|Marlynn|Riptide|Taylor,Blitz|ClassicConstructed|Draft|LivingLegend|Open|Sealed|UltimatePitFight,ArcaneBarrier|BladeBreak,False,False,True,True,False,P2,55,template_expandable
tri_shot,tri_shot_blue,Tri-shot,Action,Everfest,Azalea|Lexi|Marlynn|Riptide,Blitz|ClassicConstructed|LivingLegend|Open|UltimatePitFight,GoAgain,False,False,True,True,False,P2,55,template_expandable
tricorn_of_saltwater_death,tricorn_of_saltwater_death,Tricorn of Saltwater Death,Equipment,ArmoryDeckGravyBones,GravyBones|Taylor,Blitz|ClassicConstructed|LivingLegend|Open|UltimatePitFight,BladeBreak,False,False,True,True,False,P2,55,template_expandable
trot_along,trot_along_blue,Trot Along,Action,DorintheaDemoDeck|DorintheaSilverAgeDeck|MasteryPackWarrior|Promos|TheHunted|ViseraiSilverAgeDeck,Arakni|Aurora|Aurora2|Azalea|Benji|Betsy|Blaze|Bolfar|Boltyn|Bravo|Brevant|Briar|Broscilio|Brutus|Chane|Cindra|Crackni|Crix|Dash|DataDoll|Dorinthea|Dromai|Enigma|Fai|Fang|Florian|Frankie|Genis|GravyBones|Hala|Ira|Iyslander|Jarl|Kano|Kassai|Katsu|Kavdaen|Kayo|Kox|Levia|Lexi|Librarian|Lyath|Marlynn|Maxx|Melody|Nuu|Oldhim|Olympia|Oscilio|Pleiades|Prism|Puffin|RKO|Reya|Rhinar|Riptide|Ruudi|Scurv|Shiyana|Slippy|Squizzy|Starvo|Taipanis|Taylor|Teklovossen|Terra|Theryon|Tuffnut|Uzuri|Valda|Verdance|Victor|Viserai|Vynnset|Yoji|Yorick|Zen|Zyggy,Blitz|Clash|ClassicConstructed|Draft|LivingLegend|Open|Sealed|SilverAge|UltimatePitFight,GoAgain,False,False,True,True,False,P2,55,template_expandable
turn_the_crowd_grateful,turn_the_crowd_grateful_blue|turn_the_crowd_grateful_red|turn_the_crowd_grateful_yellow,Turn the Crowd Grateful,Action,SuperSlam,Pleiades|Tuffnut,Blitz|Clash|ClassicConstructed|Draft|LivingLegend|Open|Sealed|SilverAge|UltimatePitFight,TheCrowdCheers,False,False,True,True,False,P2,55,template_expandable
turn_the_crowd_hateful,turn_the_crowd_hateful_blue|turn_the_crowd_hateful_red|turn_the_crowd_hateful_yellow,Turn the Crowd Hateful,Action,SuperSlam,Lyath|RKO,Blitz|Clash|ClassicConstructed|Draft|LivingLegend|Open|Sealed|SilverAge|UltimatePitFight,TheCrowdBoos,False,False,True,True,False,P2,55,template_expandable
turning_point,turning_point_blue,Turning Point,Block,ArmoryDeckPleiades|GEM|SuperSlam,Pleiades,Blitz|ClassicConstructed|Draft|LivingLegend|Open|Sealed|UltimatePitFight,TheCrowdCheers,False,False,True,True,False,P2,55,template_expandable
twelve_petal_kasaya,twelve_petal_kasaya,Twelve Petal Kāṣāya,Equipment,PartTheMistveil,Taylor|Zen,Blitz|ClassicConstructed|LivingLegend|Open|UltimatePitFight,BladeBreak,False,False,True,True,False,P2,55,template_expandable
twin_drive,twin_drive_red,Twin Drive,Action,BrightLights|Promos,Dash|DataDoll|Maxx|Puffin|Teklovossen,Blitz|ClassicConstructed|Draft|LivingLegend|Open|Sealed|UltimatePitFight,Boost,False,False,True,True,False,P2,55,template_expandable
twin_twisters,twin_twisters_blue|twin_twisters_red|twin_twisters_yellow,Twin Twisters,Action,BenjiBlitzDeck|Everfest|Outsiders,Benji|Cindra|Fai|Ira|Katsu|Zen,Blitz|Clash|ClassicConstructed|Draft|LivingLegend|Open|Sealed|SilverAge|UltimatePitFight,GoAgain,False,False,True,True,False,P2,55,template_expandable
twintek_charging_station,twintek_charging_station_red,Twintek Charging Station,Action,ArmoryDeckMaxx,Dash|DataDoll|Maxx|Puffin|Teklovossen,Blitz|Clash|ClassicConstructed|LivingLegend|Open|SilverAge|UltimatePitFight,GoAgain,False,False,True,True,False,P2,55,template_expandable
twist_and_turn,twist_and_turn_blue|twist_and_turn_red|twist_and_turn_yellow,Twist and Turn,Action,TheHunted,Boltyn|Dorinthea|Emperor|Fang|Hala|Kassai|Olympia,Blitz|Clash|ClassicConstructed|Draft|LivingLegend|Open|Sealed|SilverAge|UltimatePitFight,GoAgain,False,False,True,True,False,P2,55,template_expandable
unflinching_foothold,unflinching_foothold,Unflinching Foothold,Equipment,CompendiumOfRathe,Arakni|Aurora|Aurora2|Azalea|Benji|Betsy|Blaze|Bolfar|Boltyn|Bravo|Brevant|Briar|Broscilio|Brutus|Chane|Cindra|Crackni|Crix|Dash|DataDoll|Dorinthea|Dromai|Emperor|Enigma|Fai|Fang|Florian|Frankie|Genis|GravyBones|Hala|Ira|Iyslander|Jarl|Kano|Kassai|Katsu|Kavdaen|Kayo|Kox|Levia|Lexi|Librarian|Lyath|Marlynn|Maxx|Melody|Nuu|Oldhim|Olympia|Oscilio|Pleiades|Prism|Puffin|RKO|Reya|Rhinar|Riptide|Ruudi|Scurv|Shiyana|Slippy|Squizzy|Starvo|Taipanis|Taylor|Teklovossen|Terra|Theryon|Tuffnut|Uzuri|Valda|Verdance|Victor|Viserai|Vynnset|Yoji|Yorick|Zen|Zyggy,Blitz|Clash|ClassicConstructed|LivingLegend|Open|SilverAge|UltimatePitFight,Battleworn,False,False,True,True,False,P2,55,template_expandable
united_we_stand,united_we_stand_yellow,United We Stand,Action,DuskTillDawn,Boltyn|Librarian|Prism|Theryon,Blitz|ClassicConstructed|LivingLegend|Open|UltimatePitFight,Unity,False,False,True,True,False,P2,55,template_expandable
unsheathed,unsheathed_red,Unsheathed,Action,Rosetta,Boltyn|Dorinthea|Emperor|Fang|Hala|Kassai|Olympia,Blitz|ClassicConstructed|LivingLegend|Open|UltimatePitFight,GoAgain,False,False,True,True,False,P2,55,template_expandable
untamed,untamed_blue|untamed_red|untamed_yellow,Untamed,Action,PartTheMistveil|ZenBlitzDeck,Benji|Cindra|Fai|Ira|Katsu|Zen,Blitz|Clash|ClassicConstructed|Draft|LivingLegend|Open|Sealed|SilverAge|UltimatePitFight,GoAgain,False,False,True,True,False,P2,55,template_expandable
unwavering_resolve,unwavering_resolve_red,Unwavering Resolve,Action,SuperSlam,Arakni|Aurora|Aurora2|Azalea|Benji|Betsy|Blaze|Bolfar|Boltyn|Bravo|Brevant|Briar|Broscilio|Brutus|Chane|Cindra|Crackni|Crix|Dash|DataDoll|Dorinthea|Dromai|Emperor|Enigma|Fai|Fang|Florian|Frankie|Genis|GravyBones|Hala|Ira|Iyslander|Jarl|Kano|Kassai|Katsu|Kavdaen|Kayo|Kox|Levia|Lexi|Librarian|Lyath|Marlynn|Maxx|Melody|Nuu|Oldhim|Olympia|Oscilio|Pleiades|Prism|Puffin|RKO|Reya|Rhinar|Riptide|Ruudi|Scurv|Shiyana|Slippy|Squizzy|Starvo|Taipanis|Taylor|Teklovossen|Terra|Theryon|Tuffnut|Uzuri|Valda|Verdance|Victor|Viserai|Vynnset|Yoji|Yorick|Zen|Zyggy,Blitz|ClassicConstructed|Draft|LivingLegend|Open|Sealed|UltimatePitFight,GoAgain,False,False,True,True,False,P2,55,template_expandable
unworldly_bellow,unworldly_bellow_blue|unworldly_bellow_red|unworldly_bellow_yellow,Unworldly Bellow,Action,LeviaBlitzDeck|Monarch,Levia,Blitz|Clash|ClassicConstructed|Draft|LivingLegend|Open|Sealed|SilverAge|UltimatePitFight,GoAgain,False,False,True,True,False,P2,55,template_expandable
uprising,uprising_red,Uprising,Action,Uprising,Cindra|Dromai|Emperor|Fai|Fang|Taipanis,Blitz|ClassicConstructed|Draft|LivingLegend|Open|Sealed|UltimatePitFight,GoAgain,False,False,True,True,False,P2,55,template_expandable
vaporize__shock,vaporize__shock_yellow,Vaporize // Shock,Instant,Promos|Rosetta,Aurora|Aurora2|Briar,Blitz|ClassicConstructed|Draft|LivingLegend|Open|Sealed|UltimatePitFight,Meld,False,False,True,True,False,P2,55,template_expandable
veiled_intentions,veiled_intentions_blue|veiled_intentions_red|veiled_intentions_yellow,Veiled Intentions,Action,Everfest,Dromai|Enigma|Prism|Zyggy,Blitz|Clash|ClassicConstructed|LivingLegend|Open|SilverAge|UltimatePitFight,GoAgain,False,False,True,True,False,P2,55,template_expandable
vengeance_never_rests,vengeance_never_rests_blue,Vengeance Never Rests,Action,ArmoryDeckIra,Benji|Cindra|Fai|Ira|Katsu|Zen,Blitz|ClassicConstructed|LivingLegend|Open|UltimatePitFight,Combo|GoAgain,False,False,True,True,False,P2,55,template_expandable
verdance,verdance,Verdance,Hero,Rosetta|VerdanceBlitzDeck,Verdance,Blitz|Clash|Draft|Open|Sealed|SilverAge|UltimatePitFight,Essence,False,False,True,True,False,P2,55,template_expandable
verdance_thorn_of_the_rose,verdance_thorn_of_the_rose,"Verdance, Thorn of the Rose",Hero,Promos|Rosetta,Verdance,LivingLegend|Open,Essence,False,False,True,True,False,P2,55,template_expandable
verdant_tide,verdant_tide_red,Verdant Tide,Action,CompendiumOfRathe,Aurora|Briar|Florian,Blitz|Clash|ClassicConstructed|LivingLegend|Open|SilverAge|UltimatePitFight,Bond|GoAgain,False,False,True,True,False,P2,55,template_expandable
vigor_girth,vigor_girth,Vigor Girth,Equipment,BetsyBlitzDeck|HeavyHitters|KassaiBlitzDeck|OlympiaBlitzDeck|VictorBlitzDeck,Betsy|Bolfar|Boltyn|Bravo|Brevant|Crix|Dorinthea|Emperor|Fang|Hala|Jarl|Kassai|Kox|Lyath|Oldhim|Olympia|Pleiades|Reya|Starvo|Taylor|Terra|Valda|Victor|Yoji,Blitz|Clash|ClassicConstructed|Draft|LivingLegend|Open|Sealed|SilverAge|UltimatePitFight,BladeBreak|GoAgain,False,False,True,True,False,P2,55,template_expandable
vigorous_roar,vigorous_roar_red,Vigorous Roar,Action,SuperSlam,Kayo|Levia|RKO|Rhinar|Tuffnut,Blitz|Clash|ClassicConstructed|Draft|LivingLegend|Open|Sealed|SilverAge|UltimatePitFight,GoAgain,False,False,True,True,False,P2,55,template_expandable
villainous_pose,villainous_pose_blue|villainous_pose_red|villainous_pose_yellow,Villainous Pose,Action,GEM|SuperSlam,Lyath|RKO,Blitz|Clash|ClassicConstructed|Draft|LivingLegend|Open|Sealed|SilverAge|UltimatePitFight,GoAgain|TheCrowdBoos,False,False,True,True,False,P2,55,template_expandable
virtuoso_bodice,virtuoso_bodice,Virtuoso Bodice,Equipment,ArmoryDeckPleiades|SuperSlam,Betsy|Bolfar|Bravo|Brevant|Crix|Jarl|Kox|Lyath|Oldhim|Pleiades|Reya|Starvo|Taylor|Terra|Valda|Victor|Yoji,Blitz|ClassicConstructed|LivingLegend|Open|UltimatePitFight,BladeBreak,False,False,True,True,False,P2,55,template_expandable
visit_goldmane_estate,visit_goldmane_estate_blue,Visit Goldmane Estate,Action,PartTheMistveil,Shiyana|Victor,Blitz|Clash|ClassicConstructed|LivingLegend|Open|UltimatePitFight,GoAgain|Specialization,False,False,True,True,False,P2,55,template_expandable
visit_the_blacksmith,visit_the_blacksmith_blue,Visit the Blacksmith,Action,ClassicBattlesRhinarDorinthea,Arakni|Aurora|Aurora2|Azalea|Benji|Betsy|Blaze|Bolfar|Boltyn|Bravo|Brevant|Briar|Broscilio|Brutus|Chane|Cindra|Crackni|Crix|Dash|DataDoll|Dorinthea|Dromai|Enigma|Fai|Fang|Florian|Frankie|Genis|GravyBones|Hala|Ira|Iyslander|Jarl|Kano|Kassai|Katsu|Kavdaen|Kayo|Kox|Levia|Lexi|Librarian|Lyath|Marlynn|Maxx|Melody|Nuu|Oldhim|Olympia|Oscilio|Pleiades|Prism|Puffin|RKO|Reya|Rhinar|Riptide|Ruudi|Scurv|Shiyana|Slippy|Squizzy|Starvo|Taipanis|Taylor|Teklovossen|Terra|Theryon|Tuffnut|Uzuri|Valda|Verdance|Victor|Viserai|Vynnset|Yoji|Yorick|Zen|Zyggy,Blitz|Clash|ClassicConstructed|LivingLegend|Open|SilverAge|UltimatePitFight,GoAgain,False,False,True,True,False,P2,55,template_expandable
visit_the_imperial_forge,visit_the_imperial_forge_blue|visit_the_imperial_forge_red|visit_the_imperial_forge_yellow,Visit the Imperial Forge,Action,Dynasty,Boltyn|Dorinthea|Emperor|Fang|Hala|Kassai|Olympia,Blitz|Clash|ClassicConstructed|LivingLegend|Open|SilverAge|UltimatePitFight,GoAgain|Piercing,False,False,True,True,False,P2,55,template_expandable
viziertronic_model_i,viziertronic_model_i,Viziertronic Model i,Equipment,CrucibleOfWar|HistoryPack1,Dash|DataDoll|Maxx|Puffin|Taylor|Teklovossen,Blitz|ClassicConstructed|LivingLegend|Open|UltimatePitFight,ArcaneBarrier|GoAgain,False,False,True,True,False,P2,55,template_expandable
voltaire_strike_twice,voltaire_strike_twice,"Voltaire, Strike Twice",Weapon,Promos|TalesOfAria,Lexi,Blitz|Clash|Draft|LivingLegend|Open|Sealed|UltimatePitFight,GoAgain,False,False,True,True,False,P2,55,template_expandable
voltic_veil,voltic_veil_red,Voltic Veil,Instant,CompendiumOfRathe,Iyslander|Oscilio|Verdance,Blitz|Clash|ClassicConstructed|LivingLegend|Open|SilverAge|UltimatePitFight,Bond,False,False,True,True,False,P2,55,template_expandable
wall_breaker,wall_breaker_blue|wall_breaker_red|wall_breaker_yellow,Wall Breaker,Action,DuskTillDawn,Levia,Blitz|Clash|ClassicConstructed|LivingLegend|Open|SilverAge|UltimatePitFight,BloodDebt|Overpower,False,False,True,True,False,P2,55,template_expandable
wander_with_purpose,wander_with_purpose_yellow,Wander With Purpose,Action,Outsiders,Benji|Shiyana,Blitz|Clash|ClassicConstructed|Draft|LivingLegend|Open|Sealed|UltimatePitFight,GoAgain|Specialization,False,False,True,True,False,P2,55,template_expandable
waning_vengeance,waning_vengeance_blue|waning_vengeance_red|waning_vengeance_yellow,Waning Vengeance,Instant,EnigmaBlitzDeck|EnigmaSilverAgeDeck|PartTheMistveil,Enigma,Blitz|Clash|ClassicConstructed|Draft|LivingLegend|Open|Sealed|SilverAge|UltimatePitFight,Ward,False,False,True,True,False,P2,55,template_expandable
war_cry_of_themis,war_cry_of_themis_yellow,War Cry of Themis,Action,TheHunted,Prism,Blitz|ClassicConstructed|LivingLegend|Open|UltimatePitFight,GoAgain,False,False,True,True,False,P2,55,template_expandable
war_machine,war_machine_red,War Machine,Action,BrightLights,Dash|DataDoll|Maxx|Puffin|Teklovossen,Blitz|ClassicConstructed|Draft|LivingLegend|Open|Sealed|UltimatePitFight,Overpower,False,False,True,True,False,P2,55,template_expandable
warmongers_recital,warmongers_recital_blue|warmongers_recital_red|warmongers_recital_yellow,Warmonger's Recital,Action,ChaneBlitzDeck|Monarch,Arakni|Aurora|Aurora2|Azalea|Benji|Betsy|Blaze|Bolfar|Boltyn|Bravo|Brevant|Briar|Broscilio|Brutus|Chane|Cindra|Crackni|Crix|Dash|DataDoll|Dorinthea|Dromai|Emperor|Enigma|Fai|Fang|Florian|Frankie|Genis|GravyBones|Hala|Ira|Iyslander|Jarl|Kano|Kassai|Katsu|Kavdaen|Kayo|Kox|Levia|Lexi|Librarian|Lyath|Marlynn|Maxx|Melody|Nuu|Oldhim|Olympia|Oscilio|Pleiades|Prism|Puffin|RKO|Reya|Rhinar|Riptide|Ruudi|Scurv|Shiyana|Slippy|Squizzy|Starvo|Taipanis|Taylor|Teklovossen|Terra|Theryon|Tuffnut|Uzuri|Valda|Verdance|Victor|Viserai|Vynnset|Yoji|Yorick|Zen|Zyggy,Blitz|Clash|ClassicConstructed|Draft|LivingLegend|Open|Sealed|SilverAge|UltimatePitFight,GoAgain,False,False,True,True,False,P2,55,template_expandable
warriors_valor,warriors_valor_blue|warriors_valor_red|warriors_valor_yellow,Warrior's Valor,Action,ClassicBattlesRhinarDorinthea|DorintheaDemoDeck|DorintheaSilverAgeDeck|HistoryPack1|MasteryPackWarrior|TournamentPack|WelcomeToRathe,Boltyn|Dorinthea|Emperor|Fang|Hala|Kassai|Olympia,Blitz|Clash|ClassicConstructed|Draft|LivingLegend|Open|Sealed|SilverAge|UltimatePitFight,GoAgain,False,False,True,True,False,P2,55,template_expandable
washed_up_wave,washed_up_wave,Washed Up Wave,Equipment,ArmoryDeckGravyBones|HighSeas,GravyBones|Taylor,Blitz|Clash|ClassicConstructed|Draft|LivingLegend|Open|Sealed|SilverAge|UltimatePitFight,BladeBreak,False,False,True,True,False,P2,55,template_expandable
water_glow_lanterns,water_glow_lanterns_blue|water_glow_lanterns_red|water_glow_lanterns_yellow,Water Glow Lanterns,Action,Dynasty,Dromai|Enigma|Prism|Zyggy,Blitz|Clash|ClassicConstructed|LivingLegend|Open|SilverAge|UltimatePitFight,GoAgain,False,False,True,True,False,P2,55,template_expandable
water_the_seeds,water_the_seeds_blue|water_the_seeds_red|water_the_seeds_yellow,Water the Seeds,Action,PartTheMistveil|ZenBlitzDeck,Arakni|Aurora|Aurora2|Azalea|Benji|Betsy|Blaze|Bolfar|Boltyn|Bravo|Brevant|Briar|Broscilio|Brutus|Chane|Cindra|Crackni|Crix|Dash|DataDoll|Dorinthea|Dromai|Emperor|Enigma|Fai|Fang|Florian|Frankie|Genis|GravyBones|Hala|Ira|Iyslander|Jarl|Kano|Kassai|Katsu|Kavdaen|Kayo|Kox|Levia|Lexi|Librarian|Lyath|Marlynn|Maxx|Melody|Nuu|Oldhim|Olympia|Oscilio|Pleiades|Prism|Puffin|RKO|Reya|Rhinar|Riptide|Ruudi|Scurv|Shiyana|Slippy|Squizzy|Starvo|Taipanis|Taylor|Teklovossen|Terra|Theryon|Tuffnut|Uzuri|Valda|Verdance|Victor|Viserai|Vynnset|Yoji|Yorick|Zen|Zyggy,Blitz|Clash|ClassicConstructed|Draft|LivingLegend|Open|Sealed|SilverAge|UltimatePitFight,GoAgain,False,False,True,True,False,P2,55,template_expandable
waves_of_aqua_marine,waves_of_aqua_marine,Waves of Aqua Marine,Equipment,PartTheMistveil|Promos|ZenBlitzDeck,Enigma|Nuu|Taylor|Zen,Blitz|Clash|ClassicConstructed|Draft|LivingLegend|Open|Sealed|SilverAge|UltimatePitFight,Cloaked,False,False,True,True,False,P2,55,template_expandable
weave_earth,weave_earth_blue|weave_earth_red|weave_earth_yellow,Weave Earth,Action,BriarBlitzDeck|TalesOfAria,Briar|Florian|Jarl|Oldhim|Starvo|Terra|Verdance,Blitz|Clash|ClassicConstructed|Draft|LivingLegend|Open|Sealed|SilverAge|UltimatePitFight,GoAgain,False,False,True,True,False,P2,55,template_expandable
weave_ice,weave_ice_blue|weave_ice_red|weave_ice_yellow,Weave Ice,Action,OldhimBlitzDeck|TalesOfAria,Iyslander|Jarl|Lexi|Oldhim|Starvo,Blitz|Clash|ClassicConstructed|Draft|LivingLegend|Open|Sealed|SilverAge|UltimatePitFight,Dominate|GoAgain,False,False,True,True,False,P2,55,template_expandable
weave_lightning,weave_lightning_blue|weave_lightning_red|weave_lightning_yellow,Weave Lightning,Action,LexiBlitzDeck|Promos|TalesOfAria,Aurora|Aurora2|Briar|Broscilio|Lexi|Oscilio|Starvo|Zyggy,Blitz|Clash|ClassicConstructed|Draft|LivingLegend|Open|Sealed|SilverAge|UltimatePitFight,GoAgain,False,False,True,True,False,P2,55,template_expandable
whelming_gustwave,whelming_gustwave_blue|whelming_gustwave_red|whelming_gustwave_yellow,Whelming Gustwave,Action,HistoryPack1|KatsuBlitzDeck|KatsuHeroDeck|Promos|WelcomeToRathe,Benji|Cindra|Fai|Ira|Katsu|Zen,Blitz|Clash|ClassicConstructed|Draft|LivingLegend|Open|Sealed|SilverAge|UltimatePitFight,Combo|GoAgain,False,False,True,True,False,P2,55,template_expandable
whirling_mist_blossom,whirling_mist_blossom_yellow,Whirling Mist Blossom,Action,ArmoryDeckIra|CrucibleOfWar|HistoryPack1|IraWelcomeDeck,Ira|Shiyana,Blitz|Clash|ClassicConstructed|LivingLegend|Open|SilverAge|UltimatePitFight,GoAgain|Specialization,False,False,True,True,False,P2,55,template_expandable
whisper_of_the_oracle,whisper_of_the_oracle_blue|whisper_of_the_oracle_red|whisper_of_the_oracle_yellow,Whisper of the Oracle,Action,ArcaneRising|HistoryPack1,Arakni|Aurora|Aurora2|Azalea|Benji|Betsy|Blaze|Bolfar|Boltyn|Bravo|Brevant|Briar|Broscilio|Brutus|Chane|Cindra|Crackni|Crix|Dash|DataDoll|Dorinthea|Dromai|Emperor|Enigma|Fai|Fang|Florian|Frankie|Genis|GravyBones|Hala|Ira|Iyslander|Jarl|Kano|Kassai|Katsu|Kavdaen|Kayo|Kox|Levia|Lexi|Librarian|Lyath|Marlynn|Maxx|Melody|Nuu|Oldhim|Olympia|Oscilio|Pleiades|Prism|Puffin|RKO|Reya|Rhinar|Riptide|Ruudi|Scurv|Shiyana|Slippy|Squizzy|Starvo|Taipanis|Taylor|Teklovossen|Terra|Theryon|Tuffnut|Uzuri|Valda|Verdance|Victor|Viserai|Vynnset|Yoji|Yorick|Zen|Zyggy,Blitz|Clash|ClassicConstructed|Draft|LivingLegend|Open|Sealed|SilverAge|UltimatePitFight,GoAgain|Opt,False,False,True,True,False,P2,55,template_expandable
widow_back_abdomen,widow_back_abdomen,Widow Back Abdomen,Equipment,Rosetta,Arakni|Crackni|Nuu|Slippy|Taylor|Uzuri,Blitz|ClassicConstructed|LivingLegend|Open|UltimatePitFight,ArcaneBarrier|Spellvoid,False,False,True,True,False,P2,55,template_expandable
widow_claw_tarsus,widow_claw_tarsus,Widow Claw Tarsus,Equipment,Rosetta,Arakni|Crackni|Nuu|Slippy|Taylor|Uzuri,Blitz|ClassicConstructed|LivingLegend|Open|UltimatePitFight,ArcaneBarrier|Spellvoid,False,False,True,True,False,P2,55,template_expandable
widow_veil_respirator,widow_veil_respirator,Widow Veil Respirator,Equipment,Rosetta,Arakni|Crackni|Nuu|Slippy|Taylor|Uzuri,Blitz|ClassicConstructed|LivingLegend|Open|UltimatePitFight,ArcaneBarrier|Spellvoid,False,False,True,True,False,P2,55,template_expandable
widow_web_crawler,widow_web_crawler,Widow Web Crawler,Equipment,Rosetta,Arakni|Crackni|Nuu|Slippy|Taylor|Uzuri,Blitz|ClassicConstructed|LivingLegend|Open|UltimatePitFight,ArcaneBarrier|Spellvoid,False,False,True,True,False,P2,55,template_expandable
wild_ride,wild_ride_blue|wild_ride_red|wild_ride_yellow,Wild Ride,Action,ArmoryDeckKayo|ClassicBattlesRhinarDorinthea|Everfest|HeavyHitters|KayoBlitzDeck|KayoSilverAgeDeck|TournamentPack,Kayo|Levia|RKO|Rhinar|Tuffnut,Blitz|Clash|ClassicConstructed|Draft|LivingLegend|Open|Sealed|SilverAge|UltimatePitFight,GoAgain,False,False,True,True,False,P2,55,template_expandable
wind_chakra,wind_chakra_blue|wind_chakra_red|wind_chakra_yellow,Wind Chakra,Action,PartTheMistveil|Promos|ZenBlitzDeck,Zen,Blitz|Clash|ClassicConstructed|Draft|LivingLegend|Open|Sealed|SilverAge|UltimatePitFight,GoAgain,False,False,True,True,False,P2,55,template_expandable
winds_of_eternity,winds_of_eternity_blue,Winds of Eternity,Action,Everfest,Benji|Cindra|Fai|Ira|Katsu|Zen,Blitz|ClassicConstructed|LivingLegend|Open|UltimatePitFight,Combo,False,False,True,True,False,P2,55,template_expandable
winters_bite,winters_bite_blue|winters_bite_red|winters_bite_yellow,Winter's Bite,Action,TalesOfAria,Iyslander|Jarl|Lexi|Oldhim|Starvo,Blitz|Clash|ClassicConstructed|Draft|LivingLegend|Open|Sealed|SilverAge|UltimatePitFight,GoAgain,False,False,True,True,False,P2,55,template_expandable
wither,wither_blue|wither_red|wither_yellow,Wither,Action,ArakniBlitzDeck|Outsiders,Arakni|Crackni|Nuu|Slippy|Uzuri,Blitz|Clash|ClassicConstructed|Draft|LivingLegend|Open|Sealed|SilverAge|UltimatePitFight,Stealth,False,False,True,True,False,P2,55,template_expandable
wrath_of_retribution,wrath_of_retribution_red,Wrath of Retribution,Action,CindraBlitzDeck|TheHunted,Cindra|Fai,Blitz|Clash|Draft|LivingLegend|Open|Sealed|SilverAge|UltimatePitFight,GoAgain|Legendary,False,False,True,True,False,P2,55,template_expandable
wrecking_ball,wrecking_ball_red,Wrecking Ball,Action,ClassicBattlesRhinarDorinthea|Promos,Kayo|Levia|RKO|Rhinar|Tuffnut,Blitz|Clash|ClassicConstructed|LivingLegend|Open|SilverAge|UltimatePitFight,Intimidate,False,False,True,True,False,P2,55,template_expandable
yo_ho_ho,yo_ho_ho_blue,Yo Ho Ho!,Action,GEM|HighSeas,GravyBones,Blitz|Clash|ClassicConstructed|Draft|LivingLegend|Open|Sealed|SilverAge|UltimatePitFight,GoAgain,False,False,True,True,False,P2,55,template_expandable
zap_clappers,zap_clappers,Zap Clappers,Equipment,ArmoryDeckAurora,Aurora|Aurora2|Briar|Taylor,Blitz|ClassicConstructed|LivingLegend|Open|UltimatePitFight,BladeBreak,False,False,True,True,False,P2,55,template_expandable
zealous_belting,zealous_belting_blue|zealous_belting_red|zealous_belting_yellow,Zealous Belting,Action,BravoSilverAgeDeck|Monarch|Promos,Arakni|Aurora|Aurora2|Azalea|Benji|Betsy|Blaze|Bolfar|Boltyn|Bravo|Brevant|Briar|Broscilio|Brutus|Chane|Cindra|Crackni|Crix|Dash|DataDoll|Dorinthea|Dromai|Emperor|Enigma|Fai|Fang|Florian|Frankie|Genis|GravyBones|Hala|Ira|Iyslander|Jarl|Kano|Kassai|Katsu|Kavdaen|Kayo|Kox|Levia|Lexi|Librarian|Lyath|Marlynn|Maxx|Melody|Nuu|Oldhim|Olympia|Oscilio|Pleiades|Prism|Puffin|RKO|Reya|Rhinar|Riptide|Ruudi|Scurv|Shiyana|Slippy|Squizzy|Starvo|Taipanis|Taylor|Teklovossen|Terra|Theryon|Tuffnut|Uzuri|Valda|Verdance|Victor|Viserai|Vynnset|Yoji|Yorick|Zen|Zyggy,Blitz|Clash|ClassicConstructed|Draft|LivingLegend|Open|Sealed|SilverAge|UltimatePitFight,GoAgain,False,False,True,True,False,P2,55,template_expandable
zero_to_fifty,zero_to_fifty_blue|zero_to_fifty_red|zero_to_fifty_yellow,Zero to Fifty,Action,ArmoryDeckMaxx|BrightLights,Dash|DataDoll|Maxx|Puffin|Teklovossen,Blitz|Clash|ClassicConstructed|Draft|LivingLegend|Open|Sealed|SilverAge|UltimatePitFight,Boost,False,False,True,True,False,P2,55,template_expandable
zero_to_sixty,zero_to_sixty_blue|zero_to_sixty_red|zero_to_sixty_yellow,Zero to Sixty,Action,ArcaneRising|ArmoryDeckDash|ArmoryDeckMaxx|DashSilverAgeDeck|HistoryPack1|Promos|RoundTheTable,Dash|DataDoll|Maxx|Puffin|Teklovossen,Blitz|Clash|ClassicConstructed|Draft|LivingLegend|Open|Sealed|SilverAge|UltimatePitFight,Boost,False,False,True,True,False,P2,55,template_expandable
zipper_hit,zipper_hit_blue|zipper_hit_red|zipper_hit_yellow,Zipper Hit,Action,ArcaneRising|ArmoryDeckDash|ArmoryDeckMaxx|DashSilverAgeDeck|HistoryPack1|RoundTheTable|TournamentPack,Dash|DataDoll|Maxx|Puffin|Teklovossen,Blitz|Clash|ClassicConstructed|Draft|LivingLegend|Open|Sealed|SilverAge|UltimatePitFight,Boost,False,False,True,True,False,P2,55,template_expandable
absorption_dome,absorption_dome_yellow,Absorption Dome,Action,CrucibleOfWar,Dash|DataDoll|Maxx|Puffin|Teklovossen,Blitz|ClassicConstructed|LivingLegend|Open|UltimatePitFight,,False,False,True,False,False,P2,45,manual_custom
aether_ashwing,aether_ashwing,Aether Ashwing,Token,DromaiBlitzDeck|Uprising,Dromai|Shiyana|Yorick,Blitz|Clash|ClassicConstructed|Draft|LivingLegend|Open|Sealed|SilverAge|UltimatePitFight,ArcaneBarrier,False,False,True,True,False,P2,45,template_expandable
agile_engagement,agile_engagement_blue|agile_engagement_red|agile_engagement_yellow,Agile Engagement,AttackReaction,DorintheaSilverAgeDeck|HeavyHitters|KassaiBlitzDeck|OlympiaBlitzDeck,Boltyn|Dorinthea|Emperor|Fang|Hala|Kassai|Olympia,Blitz|Clash|ClassicConstructed|Draft|LivingLegend|Open|Sealed|SilverAge|UltimatePitFight,,False,False,True,False,False,P2,45,manual_custom
agility,agility,Agility,Token,ArmoryDeckKayo|ArmoryDeckRhinar|DorintheaSilverAgeDeck|HeavyHitters|KassaiBlitzDeck|KayoBlitzDeck|KayoSilverAgeDeck|OlympiaBlitzDeck|Promos|RhinarBlitzDeck,Arakni|Aurora|Aurora2|Azalea|Benji|Betsy|Blaze|Bolfar|Boltyn|Bravo|Brevant|Briar|Broscilio|Brutus|Chane|Cindra|Crackni|Crix|Dash|DataDoll|Dorinthea|Dromai|Emperor|Enigma|Fai|Fang|Florian|Frankie|Genis|GravyBones|Hala|Ira|Iyslander|Jarl|Kano|Kassai|Katsu|Kavdaen|Kayo|Kox|Levia|Lexi|Librarian|Lyath|Marlynn|Maxx|Melody|Nuu|Oldhim|Olympia|Oscilio|Pleiades|Prism|Puffin|RKO|Reya|Rhinar|Riptide|Ruudi|Scurv|Shiyana|Slippy|Squizzy|Starvo|Taipanis|Taylor|Teklovossen|Terra|Theryon|Tuffnut|Uzuri|Valda|Verdance|Victor|Viserai|Vynnset|Yoji|Yorick|Zen|Zyggy,Blitz|Clash|ClassicConstructed|Draft|LivingLegend|Open|Sealed|SilverAge|UltimatePitFight,GoAgain,False,False,True,True,False,P2,45,template_expandable
amnesia,amnesia_red,Amnesia,Action,Outsiders|Promos,Arakni|Aurora|Aurora2|Azalea|Benji|Betsy|Blaze|Bolfar|Boltyn|Bravo|Brevant|Briar|Broscilio|Brutus|Chane|Cindra|Crackni|Crix|Dash|DataDoll|Dorinthea|Dromai|Emperor|Enigma|Fai|Fang|Florian|Frankie|Genis|GravyBones|Hala|Ira|Iyslander|Jarl|Kano|Kassai|Katsu|Kavdaen|Kayo|Kox|Levia|Lexi|Librarian|Lyath|Marlynn|Maxx|Melody|Nuu|Oldhim|Olympia|Oscilio|Pleiades|Prism|Puffin|RKO|Reya|Rhinar|Riptide|Ruudi|Scurv|Shiyana|Slippy|Squizzy|Starvo|Taipanis|Taylor|Teklovossen|Terra|Theryon|Tuffnut|Uzuri|Valda|Verdance|Victor|Viserai|Vynnset|Yoji|Yorick|Zen|Zyggy,Blitz|ClassicConstructed|Draft|LivingLegend|Open|Sealed|UltimatePitFight,,False,False,True,False,False,P2,45,manual_custom
amplify_the_arknight,amplify_the_arknight_blue|amplify_the_arknight_red|amplify_the_arknight_yellow,Amplify the Arknight,Action,ArcaneRising|ArmoryDeckLegendsViserai|HistoryPack1|ViseraiSilverAgeDeck,Aurora|Aurora2|Briar|Chane|Florian|Viserai|Vynnset,Blitz|Clash|ClassicConstructed|Draft|LivingLegend|Open|Sealed|SilverAge|UltimatePitFight,,False,False,True,False,False,P2,45,manual_custom
amplifying_arrow,amplifying_arrow_yellow,Amplifying Arrow,Action,Outsiders,Azalea|Lexi|Marlynn|Riptide,Blitz|ClassicConstructed|Draft|LivingLegend|Open|Sealed|UltimatePitFight,,False,False,True,False,False,P2,45,manual_custom
annals_of_sutcliffe,annals_of_sutcliffe,Annals of Sutcliffe,Weapon,Dynasty,Aurora|Aurora2|Briar|Chane|Florian|Viserai|Vynnset,Blitz|Clash|ClassicConstructed|LivingLegend|Open|SilverAge|UltimatePitFight,,False,False,True,False,False,P2,45,manual_custom
arakni_black_widow,arakni_black_widow,"Arakni, Black Widow",DemiHero,ArakniSilverAgeDeck|ArakniWebOfDeceitBlitzDeck|Promos|TheHunted,Arakni|Crackni|Slippy,Blitz|Clash|ClassicConstructed|Draft|LivingLegend|Open|Sealed|SilverAge|UltimatePitFight,,False,False,True,False,False,P2,45,manual_custom
arakni_funnel_web,arakni_funnel_web,"Arakni, Funnel Web",DemiHero,ArakniSilverAgeDeck|ArakniWebOfDeceitBlitzDeck|Promos|TheHunted,Arakni|Crackni|Slippy,Blitz|Clash|ClassicConstructed|Draft|LivingLegend|Open|Sealed|SilverAge|UltimatePitFight,,False,False,True,False,False,P2,45,manual_custom
arakni_orb_weaver,arakni_orb_weaver,"Arakni, Orb-Weaver",DemiHero,ArakniSilverAgeDeck|ArakniWebOfDeceitBlitzDeck|Promos|TheHunted,Arakni|Crackni|Slippy,Blitz|Clash|ClassicConstructed|Draft|LivingLegend|Open|Sealed|SilverAge|UltimatePitFight,,False,False,True,False,False,P2,45,manual_custom
arakni_trap_door,arakni_trap_door,"Arakni, Trap-Door",DemiHero,ArakniSilverAgeDeck|ArakniWebOfDeceitBlitzDeck|Promos|TheHunted,Arakni|Crackni|Slippy,Blitz|Clash|ClassicConstructed|Draft|LivingLegend|Open|Sealed|SilverAge|UltimatePitFight,,False,False,True,False,False,P2,45,manual_custom
arcane_compliance,arcane_compliance_blue,Arcane Compliance,Instant,HighSeas,Arakni|Aurora|Aurora2|Azalea|Benji|Betsy|Blaze|Bolfar|Boltyn|Bravo|Brevant|Briar|Broscilio|Brutus|Chane|Cindra|Crackni|Crix|Dash|DataDoll|Dorinthea|Dromai|Enigma|Fai|Fang|Florian|Frankie|Genis|GravyBones|Hala|Ira|Iyslander|Jarl|Kano|Kassai|Katsu|Kavdaen|Kayo|Kox|Levia|Lexi|Librarian|Lyath|Marlynn|Maxx|Melody|Nuu|Oldhim|Olympia|Oscilio|Pleiades|Prism|Puffin|RKO|Reya|Rhinar|Riptide|Ruudi|Scurv|Shiyana|Slippy|Squizzy|Starvo|Taipanis|Taylor|Teklovossen|Terra|Theryon|Tuffnut|Uzuri|Valda|Verdance|Victor|Viserai|Vynnset|Yoji|Yorick|Zen|Zyggy,Blitz|ClassicConstructed|LivingLegend|Open|UltimatePitFight,,False,False,True,False,False,P2,45,manual_custom
arrogant_showboating,arrogant_showboating_blue,Arrogant Showboating,Instant,SuperSlam,Lyath|RKO,Blitz|Clash|ClassicConstructed|Draft|LivingLegend|Open|Sealed|SilverAge|UltimatePitFight,,False,False,True,False,False,P2,45,manual_custom
art_of_the_dragon_claw,art_of_the_dragon_claw_red,Art of the Dragon: Claw,Action,Promos|TheHunted,Benji|Cindra|Fai|Ira|Katsu|Zen,Blitz|Clash|ClassicConstructed|Draft|LivingLegend|Open|Sealed|SilverAge|UltimatePitFight,,False,False,True,False,False,P2,45,manual_custom
art_of_the_dragon_scale,art_of_the_dragon_scale_red,Art of the Dragon: Scale,Action,Promos|TheHunted,Benji|Cindra|Fai|Ira|Katsu|Zen,Blitz|Clash|ClassicConstructed|Draft|LivingLegend|Open|Sealed|SilverAge|UltimatePitFight,,False,False,True,False,False,P2,45,manual_custom
astral_etchings,astral_etchings_blue|astral_etchings_red|astral_etchings_yellow,Astral Etchings,Action,EnigmaSilverAgeDeck|PartTheMistveil,Dromai|Enigma|Prism|Zyggy,Blitz|Clash|ClassicConstructed|Draft|LivingLegend|Open|Sealed|SilverAge|UltimatePitFight,,False,False,True,False,False,P2,45,manual_custom
attune_with_cosmic_vibrations,attune_with_cosmic_vibrations_blue,Attune with Cosmic Vibrations,Action,PartTheMistveil,Enigma|Nuu|Zen,Blitz|ClassicConstructed|Draft|LivingLegend|Open|Sealed|UltimatePitFight,,False,False,True,False,False,P2,45,manual_custom
back_alley_breakline,back_alley_breakline_blue|back_alley_breakline_red|back_alley_breakline_yellow,Back Alley Breakline,Action,ArcaneRising,Arakni|Aurora|Aurora2|Azalea|Benji|Betsy|Blaze|Bolfar|Boltyn|Bravo|Brevant|Briar|Broscilio|Brutus|Chane|Cindra|Crackni|Crix|Dash|DataDoll|Dorinthea|Dromai|Emperor|Enigma|Fai|Fang|Florian|Frankie|Genis|GravyBones|Hala|Ira|Iyslander|Jarl|Kano|Kassai|Katsu|Kavdaen|Kayo|Kox|Levia|Lexi|Librarian|Lyath|Marlynn|Maxx|Melody|Nuu|Oldhim|Olympia|Oscilio|Pleiades|Prism|Puffin|RKO|Reya|Rhinar|Riptide|Ruudi|Scurv|Shiyana|Slippy|Squizzy|Starvo|Taipanis|Taylor|Teklovossen|Terra|Theryon|Tuffnut|Uzuri|Valda|Verdance|Victor|Viserai|Vynnset|Yoji|Yorick|Zen|Zyggy,Blitz|Clash|ClassicConstructed|Draft|LivingLegend|Open|Sealed|SilverAge|UltimatePitFight,,False,False,True,False,False,P2,45,manual_custom
back_for_seconds,back_for_seconds_yellow,Back for Seconds,AttackReaction,DorintheaDemoDeck,Boltyn|Dorinthea|Fang|Hala|Kassai|Olympia,Blitz|Clash|ClassicConstructed|LivingLegend|Open|SilverAge|UltimatePitFight,,False,False,True,False,False,P2,45,manual_custom
backside_of_the_blade,backside_of_the_blade_blue,Backside of the Blade,AttackReaction,ArmoryDeckOriginsHala,Boltyn|Dorinthea|Fang|Hala|Kassai|Olympia,Blitz|Clash|ClassicConstructed|LivingLegend|Open|SilverAge|UltimatePitFight,,False,False,True,False,False,P2,45,manual_custom
bait,bait,Bait,Token,Promos|SuperSlam,Azalea|Lexi|Marlynn|Riptide|Shiyana|Yorick,Blitz|Clash|ClassicConstructed|LivingLegend|Open|SilverAge|UltimatePitFight,GoAgain,False,False,True,True,False,P2,45,template_expandable
bam_bam,bam_bam_yellow,Bam Bam,Action,HighSeas,Kayo|Levia|RKO|Rhinar|Tuffnut,Blitz|ClassicConstructed|LivingLegend|Open|UltimatePitFight,,False,False,True,False,False,P2,45,manual_custom
barbed_castaway,barbed_castaway,Barbed Castaway,Weapon,AzaleaBlitzDeck|Outsiders|Promos|RiptideBlitzDeck,Azalea|Lexi|Marlynn|Riptide,Blitz|Clash|ClassicConstructed|Draft|LivingLegend|Open|Sealed|SilverAge|UltimatePitFight,,False,False,True,False,False,P2,45,manual_custom
barbed_undertow,barbed_undertow_red,Barbed Undertow,Action,ArmoryDeckAzalea|Outsiders,Azalea|Lexi|Marlynn|Riptide,Blitz|ClassicConstructed|Draft|LivingLegend|Open|Sealed|UltimatePitFight,,False,False,True,False,False,P2,45,manual_custom
bask_in_your_own_greatness,bask_in_your_own_greatness_blue|bask_in_your_own_greatness_red|bask_in_your_own_greatness_yellow,Bask in Your Own Greatness,Action,Promos|SuperSlam,Lyath|RKO,Blitz|Clash|ClassicConstructed|Draft|LivingLegend|Open|Sealed|SilverAge|UltimatePitFight,,False,False,True,False,False,P2,45,manual_custom
battering_bolt,battering_bolt_red,Battering Bolt,Action,Everfest,Azalea|Lexi|Marlynn|Riptide,Blitz|ClassicConstructed|LivingLegend|Open|UltimatePitFight,,False,False,True,False,False,P2,45,manual_custom
battlefield_beacon,battlefield_beacon_yellow,Battlefield Beacon,Action,SuperSlam,Boltyn,Blitz|ClassicConstructed|LivingLegend|Open|UltimatePitFight,,False,False,True,False,False,P2,45,manual_custom
beacon_of_victory,beacon_of_victory_yellow,Beacon of Victory,AttackReaction,Monarch,Boltyn,Blitz|ClassicConstructed|Draft|LivingLegend|Open|Sealed|UltimatePitFight,,False,False,True,False,False,P2,45,manual_custom
beaming_blade,beaming_blade,Beaming Blade,Weapon,DuskTillDawn|Promos,Boltyn,Blitz|Clash|ClassicConstructed|LivingLegend|Open|SilverAge|UltimatePitFight,,False,False,True,False,False,P2,45,manual_custom
bear_hug,bear_hug_blue|bear_hug_red|bear_hug_yellow,Bear Hug,Action,CompendiumOfRathe,Kayo|Levia|RKO|Rhinar|Tuffnut,Blitz|Clash|ClassicConstructed|LivingLegend|Open|SilverAge|UltimatePitFight,,False,False,True,False,False,P2,45,manual_custom
beast_mode,beast_mode_blue|beast_mode_red|beast_mode_yellow,Beast Mode,Action,ClassicBattlesRhinarDorinthea|HeavyHitters|Promos|RhinarBlitzDeck,Kayo|Levia|RKO|Rhinar|Tuffnut,Blitz|Clash|ClassicConstructed|Draft|LivingLegend|Open|Sealed|SilverAge|UltimatePitFight,,False,False,True,False,False,P2,45,manual_custom
beast_within,beast_within_yellow,Beast Within,Action,ArmoryDeckRhinar|CrucibleOfWar|HistoryPack1,Kayo|Levia|RKO|Rhinar|Tuffnut,Blitz|ClassicConstructed|LivingLegend|Open|UltimatePitFight,,False,False,True,False,False,P2,45,manual_custom
benji_the_piercing_wind,benji_the_piercing_wind,"Benji, the Piercing Wind",Hero,BenjiBlitzDeck|CompendiumOfRathe|CrucibleOfWar|HistoryPack1|Outsiders|Promos,Benji,Blitz|Clash|Draft|Open|Sealed|SilverAge|UltimatePitFight,,False,False,True,False,False,P2,45,manual_custom
big_blue_sky,big_blue_sky_blue,Big Blue Sky,DefenseReaction,EnigmaBlitzDeck|EnigmaSilverAgeDeck|PartTheMistveil|Promos,Enigma|Nuu|Zen,Blitz|Clash|ClassicConstructed|Draft|LivingLegend|Open|Sealed|SilverAge|UltimatePitFight,,False,False,True,False,False,P2,45,manual_custom
blanch,blanch_blue|blanch_red|blanch_yellow,Blanch,Action,PartTheMistveil,Arakni|Aurora|Aurora2|Azalea|Benji|Betsy|Blaze|Bolfar|Boltyn|Bravo|Brevant|Briar|Broscilio|Brutus|Chane|Cindra|Crackni|Crix|Dash|DataDoll|Dorinthea|Dromai|Emperor|Enigma|Fai|Fang|Florian|Frankie|Genis|GravyBones|Hala|Ira|Iyslander|Jarl|Kano|Kassai|Katsu|Kavdaen|Kayo|Kox|Levia|Lexi|Librarian|Lyath|Marlynn|Maxx|Melody|Nuu|Oldhim|Olympia|Oscilio|Pleiades|Prism|Puffin|RKO|Reya|Rhinar|Riptide|Ruudi|Scurv|Shiyana|Slippy|Squizzy|Starvo|Taipanis|Taylor|Teklovossen|Terra|Theryon|Tuffnut|Uzuri|Valda|Verdance|Victor|Viserai|Vynnset|Yoji|Yorick|Zen|Zyggy,Blitz|Clash|ClassicConstructed|Draft|LivingLegend|Open|Sealed|SilverAge|UltimatePitFight,,False,False,True,False,False,P2,45,manual_custom
blast_to_oblivion,blast_to_oblivion_blue|blast_to_oblivion_red|blast_to_oblivion_yellow,Blast to Oblivion,Action,AuroraBlitzDeck|OscilioBlitzDeck|Rosetta,Aurora|Aurora2|Briar|Broscilio|Lexi|Oscilio|Starvo|Zyggy,Blitz|Clash|ClassicConstructed|Draft|LivingLegend|Open|Sealed|SilverAge|UltimatePitFight,,False,False,True,False,False,P2,45,manual_custom
blaze_firemind,blaze_firemind,"Blaze, Firemind",Hero,BlazeSilverAgeDeck|Promos,Blaze,Blitz|Clash|Open|UltimatePitFight,,False,False,True,False,False,P2,45,manual_custom
blessing_of_aether,blessing_of_aether_blue|blessing_of_aether_red|blessing_of_aether_yellow,Blessing of Aether,Action,Dynasty|Promos,Blaze|Broscilio|Emperor|Iyslander|Kano|Oscilio|Verdance,Blitz|Clash|ClassicConstructed|LivingLegend|Open|SilverAge|UltimatePitFight,,False,False,True,False,False,P2,45,manual_custom
blessing_of_ingenuity,blessing_of_ingenuity_blue|blessing_of_ingenuity_red|blessing_of_ingenuity_yellow,Blessing of Ingenuity,Action,Dynasty,Dash|DataDoll|Maxx|Puffin|Teklovossen,Blitz|Clash|ClassicConstructed|LivingLegend|Open|SilverAge|UltimatePitFight,,False,False,True,False,False,P2,45,manual_custom
blessing_of_patience,blessing_of_patience_blue|blessing_of_patience_red|blessing_of_patience_yellow,Blessing of Patience,Action,Dynasty,Betsy|Bolfar|Bravo|Brevant|Crix|Jarl|Kox|Lyath|Oldhim|Pleiades|Reya|Starvo|Terra|Valda|Victor|Yoji,Blitz|Clash|ClassicConstructed|LivingLegend|Open|SilverAge|UltimatePitFight,,False,False,True,False,False,P2,45,manual_custom
blessing_of_qi,blessing_of_qi_blue|blessing_of_qi_red|blessing_of_qi_yellow,Blessing of Qi,Action,Dynasty|PartTheMistveil|RoundTheTable,Benji|Cindra|Fai|Ira|Katsu|Zen,Blitz|Clash|ClassicConstructed|Draft|LivingLegend|Open|Sealed|SilverAge|UltimatePitFight,,False,False,True,False,False,P2,45,manual_custom
blessing_of_savagery,blessing_of_savagery_blue|blessing_of_savagery_red|blessing_of_savagery_yellow,Blessing of Savagery,Action,Dynasty,Kayo|Levia|RKO|Rhinar|Tuffnut,Blitz|Clash|ClassicConstructed|LivingLegend|Open|SilverAge|UltimatePitFight,,False,False,True,False,False,P2,45,manual_custom
blessing_of_serenity,blessing_of_serenity_blue|blessing_of_serenity_red|blessing_of_serenity_yellow,Blessing of Serenity,Instant,CrucibleOfWar,Betsy|Bolfar|Bravo|Brevant|Crix|Jarl|Kox|Lyath|Oldhim|Pleiades|Reya|Starvo|Terra|Valda|Victor|Yoji,Blitz|Clash|ClassicConstructed|LivingLegend|Open|SilverAge|UltimatePitFight,,False,False,True,False,False,P2,45,manual_custom
blinding_beam,blinding_beam_blue|blinding_beam_red|blinding_beam_yellow,Blinding Beam,Instant,Monarch,Boltyn|Librarian|Prism|Theryon,Blitz|Clash|ClassicConstructed|Draft|LivingLegend|Open|Sealed|SilverAge|UltimatePitFight,,False,False,True,False,False,P2,45,manual_custom
blistering_blade,blistering_blade_red,Blistering Blade,AttackReaction,FangBlitzDeck|TheHunted,Emperor|Fang,Blitz|Clash|ClassicConstructed|Draft|LivingLegend|Open|Sealed|SilverAge|UltimatePitFight,,False,False,True,False,False,P2,45,manual_custom
blizzard,blizzard_blue,Blizzard,Instant,TalesOfAria,Iyslander|Jarl|Lexi|Oldhim|Starvo,Blitz|ClassicConstructed|Draft|LivingLegend|Open|Sealed|UltimatePitFight,,False,False,True,False,False,P2,45,manual_custom
blood_drop_brocade,blood_drop_brocade,Blood Drop Brocade,Equipment,Monarch,Arakni|Aurora|Aurora2|Azalea|Benji|Betsy|Blaze|Bolfar|Boltyn|Bravo|Brevant|Briar|Broscilio|Brutus|Chane|Cindra|Crackni|Crix|Dash|DataDoll|Dorinthea|Dromai|Emperor|Enigma|Fai|Fang|Florian|Frankie|Genis|GravyBones|Hala|Ira|Iyslander|Jarl|Kano|Kassai|Katsu|Kavdaen|Kayo|Kox|Levia|Lexi|Librarian|Lyath|Marlynn|Maxx|Melody|Nuu|Oldhim|Olympia|Oscilio|Pleiades|Prism|Puffin|RKO|Reya|Rhinar|Riptide|Ruudi|Scurv|Shiyana|Slippy|Squizzy|Starvo|Taipanis|Taylor|Teklovossen|Terra|Theryon|Tuffnut|Uzuri|Valda|Verdance|Victor|Viserai|Vynnset|Yoji|Yorick|Zen|Zyggy,Blitz|Clash|ClassicConstructed|Draft|LivingLegend|Open|Sealed|SilverAge|UltimatePitFight,,False,False,True,False,False,P2,45,manual_custom
bluster_buff,bluster_buff_red,Bluster Buff,Action,SuperSlam,Arakni|Aurora|Aurora2|Azalea|Benji|Betsy|Blaze|Bolfar|Boltyn|Bravo|Brevant|Briar|Broscilio|Brutus|Chane|Cindra|Crackni|Crix|Dash|DataDoll|Dorinthea|Dromai|Emperor|Enigma|Fai|Fang|Florian|Frankie|Genis|GravyBones|Hala|Ira|Iyslander|Jarl|Kano|Kassai|Katsu|Kavdaen|Kayo|Kox|Levia|Lexi|Librarian|Lyath|Marlynn|Maxx|Melody|Nuu|Oldhim|Olympia|Oscilio|Pleiades|Prism|Puffin|RKO|Reya|Rhinar|Riptide|Ruudi|Scurv|Shiyana|Slippy|Squizzy|Starvo|Taipanis|Taylor|Teklovossen|Terra|Theryon|Tuffnut|Uzuri|Valda|Verdance|Victor|Viserai|Vynnset|Yoji|Yorick|Zen|Zyggy,Blitz|Clash|ClassicConstructed|Draft|LivingLegend|Open|Sealed|SilverAge|UltimatePitFight,,False,False,True,False,False,P2,45,manual_custom
boast,boast_blue,Boast,Block,HeavyHitters|Promos,Betsy|Bolfar|Bravo|Brevant|Crix|Jarl|Kox|Lyath|Oldhim|Pleiades|Reya|Starvo|Terra|Valda|Victor|Yoji,Blitz|ClassicConstructed|Draft|LivingLegend|Open|Sealed|UltimatePitFight,,False,False,True,False,False,P2,45,manual_custom
bolting_blade,bolting_blade_yellow,Bolting Blade,Action,Monarch,Boltyn,Blitz|ClassicConstructed|Draft|LivingLegend|Open|Sealed|UltimatePitFight,,False,False,True,False,False,P2,45,manual_custom
bone_basher,bone_basher,Bone Basher,Weapon,ClassicBattlesRhinarDorinthea,Kayo|Levia|RKO|Rhinar|Tuffnut,Blitz|Clash|ClassicConstructed|LivingLegend|Open|SilverAge|UltimatePitFight,,False,False,True,False,False,P2,45,manual_custom
bone_head_barrier,bone_head_barrier_yellow,Bone Head Barrier,Instant,WelcomeToRathe,Kayo|Levia|RKO|Rhinar|Tuffnut,Blitz|ClassicConstructed|Draft|LivingLegend|Open|Sealed|UltimatePitFight,,False,False,True,False,False,P2,45,manual_custom
boulder_trap,boulder_trap_yellow,Boulder Trap,DefenseReaction,Outsiders|Promos|RiptideBlitzDeck,Azalea|Lexi|Marlynn|Riptide,Blitz|Clash|ClassicConstructed|Draft|LivingLegend|Open|Sealed|SilverAge|UltimatePitFight,,False,False,True,False,False,P2,45,manual_custom
break_of_dawn,break_of_dawn_blue|break_of_dawn_red|break_of_dawn_yellow,Break of Dawn,Instant,DuskTillDawn|Promos,Boltyn|Librarian|Prism|Theryon,Blitz|Clash|ClassicConstructed|LivingLegend|Open|SilverAge|UltimatePitFight,,False,False,True,False,False,P2,45,manual_custom
brevant_civic_protector,brevant_civic_protector,"Brevant, Civic Protector",Hero,Promos|RoundTheTable,Brevant,Blitz|Clash|Open|UltimatePitFight,,False,False,True,False,False,P2,45,manual_custom
bruised_leather,bruised_leather,Bruised Leather,Equipment,Promos|Rosetta|VerdanceBlitzDeck,Arakni|Aurora|Aurora2|Azalea|Benji|Betsy|Blaze|Bolfar|Boltyn|Bravo|Brevant|Briar|Broscilio|Brutus|Chane|Cindra|Crackni|Crix|Dash|DataDoll|Dorinthea|Dromai|Emperor|Enigma|Fai|Fang|Florian|Frankie|Genis|GravyBones|Hala|Ira|Iyslander|Jarl|Kano|Kassai|Katsu|Kavdaen|Kayo|Kox|Levia|Lexi|Librarian|Lyath|Marlynn|Maxx|Melody|Nuu|Oldhim|Olympia|Oscilio|Pleiades|Prism|Puffin|RKO|Reya|Rhinar|Riptide|Ruudi|Scurv|Shiyana|Slippy|Squizzy|Starvo|Taipanis|Taylor|Teklovossen|Terra|Theryon|Tuffnut|Uzuri|Valda|Verdance|Victor|Viserai|Vynnset|Yoji|Yorick|Zen|Zyggy,Blitz|Clash|ClassicConstructed|Draft|LivingLegend|Open|Sealed|SilverAge|UltimatePitFight,,False,False,True,False,False,P2,45,manual_custom
brush_off,brush_off_blue|brush_off_red|brush_off_yellow,Brush Off,Instant,Outsiders|Rosetta,Arakni|Aurora|Aurora2|Azalea|Benji|Betsy|Blaze|Bolfar|Boltyn|Bravo|Brevant|Briar|Broscilio|Brutus|Chane|Cindra|Crackni|Crix|Dash|DataDoll|Dorinthea|Dromai|Emperor|Enigma|Fai|Fang|Florian|Frankie|Genis|GravyBones|Hala|Ira|Iyslander|Jarl|Kano|Kassai|Katsu|Kavdaen|Kayo|Kox|Levia|Lexi|Librarian|Lyath|Marlynn|Maxx|Melody|Nuu|Oldhim|Olympia|Oscilio|Pleiades|Prism|Puffin|RKO|Reya|Rhinar|Riptide|Ruudi|Scurv|Shiyana|Slippy|Squizzy|Starvo|Taipanis|Taylor|Teklovossen|Terra|Theryon|Tuffnut|Uzuri|Valda|Verdance|Victor|Viserai|Vynnset|Yoji|Yorick|Zen|Zyggy,Blitz|Clash|ClassicConstructed|Draft|LivingLegend|Open|Sealed|SilverAge|UltimatePitFight,,False,False,True,False,False,P2,45,manual_custom
brutus_summa_rudis,brutus_summa_rudis,"Brutus, Summa Rudis",Hero,Promos,Brutus,Clash|Open|UltimatePitFight,,False,False,True,False,False,P2,45,manual_custom
bubble_to_the_surface,bubble_to_the_surface_red,Bubble to the Surface,Instant,TheHunted,Cindra|Dromai|Emperor|Fai|Fang|Taipanis,Blitz|Clash|ClassicConstructed|Draft|LivingLegend|Open|Sealed|SilverAge|UltimatePitFight,,False,False,True,False,False,P2,45,manual_custom
bunker_beard,bunker_beard,Bunker Beard,Equipment,TheHunted,Arakni|Aurora|Aurora2|Azalea|Benji|Betsy|Blaze|Bolfar|Boltyn|Bravo|Brevant|Briar|Broscilio|Brutus|Chane|Cindra|Crackni|Crix|Dash|DataDoll|Dorinthea|Dromai|Emperor|Enigma|Fai|Fang|Florian|Frankie|Genis|GravyBones|Hala|Ira|Iyslander|Jarl|Kano|Kassai|Katsu|Kavdaen|Kayo|Kox|Levia|Lexi|Librarian|Lyath|Marlynn|Maxx|Melody|Nuu|Oldhim|Olympia|Oscilio|Pleiades|Prism|Puffin|RKO|Reya|Rhinar|Riptide|Ruudi|Scurv|Shiyana|Slippy|Squizzy|Starvo|Taipanis|Taylor|Teklovossen|Terra|Theryon|Tuffnut|Uzuri|Valda|Verdance|Victor|Viserai|Vynnset|Yoji|Yorick|Zen|Zyggy,Blitz|Clash|ClassicConstructed|Draft|LivingLegend|Open|Sealed|SilverAge|UltimatePitFight,,False,False,True,False,False,P2,45,manual_custom
burgeoning,burgeoning_blue|burgeoning_red|burgeoning_yellow,Burgeoning,Action,FirstStrikeTerra|BriarBlitzDeck|Promos|TalesOfAria,Briar|Florian|Jarl|Oldhim|Starvo|Terra|Verdance,Blitz|Clash|ClassicConstructed|Draft|LivingLegend|Open|Sealed|SilverAge|UltimatePitFight,,False,False,True,False,False,P2,45,manual_custom
burnished_bunkerplate,burnished_bunkerplate,Burnished Bunkerplate,Equipment,CompendiumOfRathe,Arakni|Aurora|Aurora2|Azalea|Benji|Betsy|Blaze|Bolfar|Boltyn|Bravo|Brevant|Briar|Broscilio|Brutus|Chane|Cindra|Crackni|Crix|Dash|DataDoll|Dorinthea|Dromai|Emperor|Enigma|Fai|Fang|Florian|Frankie|Genis|GravyBones|Hala|Ira|Iyslander|Jarl|Kano|Kassai|Katsu|Kavdaen|Kayo|Kox|Levia|Lexi|Librarian|Lyath|Marlynn|Maxx|Melody|Nuu|Oldhim|Olympia|Oscilio|Pleiades|Prism|Puffin|RKO|Reya|Rhinar|Riptide|Ruudi|Scurv|Shiyana|Slippy|Squizzy|Starvo|Taipanis|Taylor|Teklovossen|Terra|Theryon|Tuffnut|Uzuri|Valda|Verdance|Victor|Viserai|Vynnset|Yoji|Yorick|Zen|Zyggy,Blitz|Clash|ClassicConstructed|LivingLegend|Open|SilverAge|UltimatePitFight,,False,False,True,False,False,P2,45,manual_custom
by_the_book,by_the_book_blue,By the Book,Action,CompendiumOfRathe,Pleiades|Tuffnut,Blitz|ClassicConstructed|LivingLegend|Open|UltimatePitFight,,False,False,True,False,False,P2,45,manual_custom
cadaverous_contraband,cadaverous_contraband_blue|cadaverous_contraband_red|cadaverous_contraband_yellow,Cadaverous Contraband,Action,ArcaneRising,Arakni|Aurora|Aurora2|Azalea|Benji|Betsy|Blaze|Bolfar|Boltyn|Bravo|Brevant|Briar|Broscilio|Brutus|Chane|Cindra|Crackni|Crix|Dash|DataDoll|Dorinthea|Dromai|Emperor|Enigma|Fai|Fang|Florian|Frankie|Genis|GravyBones|Hala|Ira|Iyslander|Jarl|Kano|Kassai|Katsu|Kavdaen|Kayo|Kox|Levia|Lexi|Librarian|Lyath|Marlynn|Maxx|Melody|Nuu|Oldhim|Olympia|Oscilio|Pleiades|Prism|Puffin|RKO|Reya|Rhinar|Riptide|Ruudi|Scurv|Shiyana|Slippy|Squizzy|Starvo|Taipanis|Taylor|Teklovossen|Terra|Theryon|Tuffnut|Uzuri|Valda|Verdance|Victor|Viserai|Vynnset|Yoji|Yorick|Zen|Zyggy,Blitz|Clash|ClassicConstructed|Draft|LivingLegend|Open|Sealed|SilverAge|UltimatePitFight,,False,False,True,False,False,P2,45,manual_custom
call_for_backup,call_for_backup_red,Call for Backup,Action,MasteryPackGuardian,Arakni|Aurora|Aurora2|Azalea|Benji|Betsy|Blaze|Bolfar|Boltyn|Bravo|Brevant|Briar|Broscilio|Brutus|Chane|Cindra|Crackni|Crix|Dash|DataDoll|Dorinthea|Dromai|Emperor|Enigma|Fai|Fang|Florian|Frankie|Genis|GravyBones|Hala|Ira|Iyslander|Jarl|Kano|Kassai|Katsu|Kavdaen|Kayo|Kox|Levia|Lexi|Librarian|Lyath|Marlynn|Maxx|Melody|Nuu|Oldhim|Olympia|Oscilio|Pleiades|Prism|Puffin|RKO|Reya|Rhinar|Riptide|Ruudi|Scurv|Shiyana|Slippy|Squizzy|Starvo|Taipanis|Taylor|Teklovossen|Terra|Theryon|Tuffnut|Uzuri|Valda|Verdance|Victor|Viserai|Vynnset|Yoji|Yorick|Zen|Zyggy,Blitz|ClassicConstructed|LivingLegend|Open|UltimatePitFight,,False,False,True,False,False,P2,45,manual_custom
calming_breeze,calming_breeze_red,Calming Breeze,Instant,GEM|TheHunted,Arakni|Aurora|Aurora2|Azalea|Benji|Betsy|Blaze|Bolfar|Boltyn|Bravo|Brevant|Briar|Broscilio|Brutus|Chane|Cindra|Crackni|Crix|Dash|DataDoll|Dorinthea|Dromai|Emperor|Enigma|Fai|Fang|Florian|Frankie|Genis|GravyBones|Hala|Ira|Iyslander|Jarl|Kano|Kassai|Katsu|Kavdaen|Kayo|Kox|Levia|Lexi|Librarian|Lyath|Marlynn|Maxx|Melody|Nuu|Oldhim|Olympia|Oscilio|Pleiades|Prism|Puffin|RKO|Reya|Rhinar|Riptide|Ruudi|Scurv|Shiyana|Slippy|Squizzy|Starvo|Taipanis|Taylor|Teklovossen|Terra|Theryon|Tuffnut|Uzuri|Valda|Verdance|Victor|Viserai|Vynnset|Yoji|Yorick|Zen|Zyggy,Blitz|Clash|ClassicConstructed|Draft|LivingLegend|Open|Sealed|SilverAge|UltimatePitFight,,False,False,True,False,False,P2,45,manual_custom
cast_bones,cast_bones_red,Cast Bones,Action,HeavyHitters,Kayo|Levia|RKO|Rhinar|Tuffnut,Blitz|ClassicConstructed|Draft|LivingLegend|Open|Sealed|UltimatePitFight,,False,False,True,False,False,P2,45,manual_custom
celestial_reprimand,celestial_reprimand_blue|celestial_reprimand_red|celestial_reprimand_yellow,Celestial Reprimand,Instant,DuskTillDawn,Prism,Blitz|Clash|ClassicConstructed|LivingLegend|Open|SilverAge|UltimatePitFight,,False,False,True,False,False,P2,45,manual_custom
censor,censor_red,Censor,Action,DuskTillDawn|Promos,Arakni|Aurora|Aurora2|Azalea|Benji|Betsy|Blaze|Bolfar|Boltyn|Bravo|Brevant|Briar|Broscilio|Brutus|Chane|Cindra|Crackni|Crix|Dash|DataDoll|Dorinthea|Dromai|Emperor|Enigma|Fai|Fang|Florian|Frankie|Genis|GravyBones|Hala|Ira|Iyslander|Jarl|Kano|Kassai|Katsu|Kavdaen|Kayo|Kox|Levia|Lexi|Librarian|Lyath|Marlynn|Maxx|Melody|Nuu|Oldhim|Olympia|Oscilio|Pleiades|Prism|Puffin|RKO|Reya|Rhinar|Riptide|Ruudi|Scurv|Shiyana|Slippy|Squizzy|Starvo|Taipanis|Taylor|Teklovossen|Terra|Theryon|Tuffnut|Uzuri|Valda|Verdance|Victor|Viserai|Vynnset|Yoji|Yorick|Zen|Zyggy,Blitz|ClassicConstructed|LivingLegend|Open|UltimatePitFight,,False,False,True,False,False,P2,45,manual_custom
chain_lightning,chain_lightning_yellow,Chain Lightning,Action,CrucibleOfWar|HistoryPack1,Blaze|Broscilio|Iyslander|Kano|Oscilio|Verdance,Blitz|ClassicConstructed|LivingLegend|Open|UltimatePitFight,,False,False,True,False,False,P2,45,manual_custom
chain_reaction,chain_reaction_yellow,Chain Reaction,DefenseReaction,TheHunted,Azalea|Lexi|Marlynn|Riptide,Blitz|ClassicConstructed|LivingLegend|Open|UltimatePitFight,,False,False,True,False,False,P2,45,manual_custom
cheap_shot,cheap_shot_yellow,Cheap Shot,Action,SuperSlam,Lyath|RKO,Blitz|Clash|ClassicConstructed|Draft|LivingLegend|Open|Sealed|SilverAge|UltimatePitFight,,False,False,True,False,False,P2,45,manual_custom
chest_puff,chest_puff_red,Chest Puff,Action,SuperSlam,Arakni|Aurora|Aurora2|Azalea|Benji|Betsy|Blaze|Bolfar|Boltyn|Bravo|Brevant|Briar|Broscilio|Brutus|Chane|Cindra|Crackni|Crix|Dash|DataDoll|Dorinthea|Dromai|Emperor|Enigma|Fai|Fang|Florian|Frankie|Genis|GravyBones|Hala|Ira|Iyslander|Jarl|Kano|Kassai|Katsu|Kavdaen|Kayo|Kox|Levia|Lexi|Librarian|Lyath|Marlynn|Maxx|Melody|Nuu|Oldhim|Olympia|Oscilio|Pleiades|Prism|Puffin|RKO|Reya|Rhinar|Riptide|Ruudi|Scurv|Shiyana|Slippy|Squizzy|Starvo|Taipanis|Taylor|Teklovossen|Terra|Theryon|Tuffnut|Uzuri|Valda|Verdance|Victor|Viserai|Vynnset|Yoji|Yorick|Zen|Zyggy,Blitz|Clash|ClassicConstructed|Draft|LivingLegend|Open|Sealed|SilverAge|UltimatePitFight,,False,False,True,False,False,P2,45,manual_custom
cleansing_light,cleansing_light_blue|cleansing_light_red|cleansing_light_yellow,Cleansing Light,Action,DuskTillDawn,Boltyn|Librarian|Prism|Theryon,Blitz|Clash|ClassicConstructed|LivingLegend|Open|SilverAge|UltimatePitFight,,False,False,True,False,False,P2,45,manual_custom
cloud_cover,cloud_cover_blue|cloud_cover_red|cloud_cover_yellow,Cloud Cover,Instant,CompendiumOfRathe,Aurora|Aurora2|Briar|Broscilio|Lexi|Oscilio|Starvo|Zyggy,Blitz|Clash|ClassicConstructed|LivingLegend|Open|SilverAge|UltimatePitFight,,False,False,True,False,False,P2,45,manual_custom
coax_a_commotion,coax_a_commotion_red,Coax a Commotion,Action,CrucibleOfWar|HistoryPack1|RoundTheTable,Arakni|Aurora|Aurora2|Azalea|Benji|Betsy|Blaze|Bolfar|Boltyn|Bravo|Brevant|Briar|Broscilio|Brutus|Chane|Cindra|Crackni|Crix|Dash|DataDoll|Dorinthea|Dromai|Emperor|Enigma|Fai|Fang|Florian|Frankie|Genis|GravyBones|Hala|Ira|Iyslander|Jarl|Kano|Kassai|Katsu|Kavdaen|Kayo|Kox|Levia|Lexi|Librarian|Lyath|Marlynn|Maxx|Melody|Nuu|Oldhim|Olympia|Oscilio|Pleiades|Prism|Puffin|RKO|Reya|Rhinar|Riptide|Ruudi|Scurv|Shiyana|Slippy|Squizzy|Starvo|Taipanis|Taylor|Teklovossen|Terra|Theryon|Tuffnut|Uzuri|Valda|Verdance|Victor|Viserai|Vynnset|Yoji|Yorick|Zen|Zyggy,Blitz|ClassicConstructed|LivingLegend|Open|UltimatePitFight,,False,False,True,False,False,P2,45,manual_custom
cogwerx_base_chest,cogwerx_base_chest,Cogwerx Base Chest,Equipment,BrightLights,Dash|DataDoll|Maxx|Puffin|Taylor|Teklovossen,Blitz|Clash|ClassicConstructed|Draft|LivingLegend|Open|Sealed|SilverAge|UltimatePitFight,,False,False,True,False,False,P2,45,manual_custom
cogwerx_base_head,cogwerx_base_head,Cogwerx Base Head,Equipment,BrightLights,Dash|DataDoll|Maxx|Puffin|Taylor|Teklovossen,Blitz|Clash|ClassicConstructed|Draft|LivingLegend|Open|Sealed|SilverAge|UltimatePitFight,,False,False,True,False,False,P2,45,manual_custom
cogwerx_base_legs,cogwerx_base_legs,Cogwerx Base Legs,Equipment,BrightLights,Dash|DataDoll|Maxx|Puffin|Taylor|Teklovossen,Blitz|Clash|ClassicConstructed|Draft|LivingLegend|Open|Sealed|SilverAge|UltimatePitFight,,False,False,True,False,False,P2,45,manual_custom
cogwerx_blunderbuss,cogwerx_blunderbuss,Cogwerx Blunderbuss,Weapon,GEM|HighSeas|Promos,Dash|DataDoll|Maxx|Puffin|Teklovossen,Blitz|Clash|ClassicConstructed|Draft|LivingLegend|Open|Sealed|SilverAge|UltimatePitFight,,False,False,True,False,False,P2,45,manual_custom
colors_of_aria,colors_of_aria_red,Colors of Aria,Action,CompendiumOfRathe|Promos,Aurora|Briar|Florian|Iyslander|Jarl|Lexi|Oldhim|Oscilio|Starvo|Terra|Verdance,Blitz|Clash|ClassicConstructed|LivingLegend|Open|SilverAge|UltimatePitFight,,False,False,True,False,False,P2,45,manual_custom
combustion_point,combustion_point_red,Combustion Point,AttackReaction,Uprising,Cindra|Fai,Blitz|ClassicConstructed|Draft|LivingLegend|Open|Sealed|UltimatePitFight,,False,False,True,False,False,P2,45,manual_custom
command_and_conquer,command_and_conquer_red,Command and Conquer,Action,ArcaneRising|CompendiumOfRathe|Dynasty|HistoryPack1|Promos|TheHunted,Arakni|Aurora|Aurora2|Azalea|Benji|Betsy|Blaze|Bolfar|Boltyn|Bravo|Brevant|Briar|Broscilio|Brutus|Chane|Cindra|Crackni|Crix|Dash|DataDoll|Dorinthea|Dromai|Emperor|Enigma|Fai|Fang|Florian|Frankie|Genis|GravyBones|Hala|Ira|Iyslander|Jarl|Kano|Kassai|Katsu|Kavdaen|Kayo|Kox|Levia|Lexi|Librarian|Lyath|Marlynn|Maxx|Melody|Nuu|Oldhim|Olympia|Oscilio|Pleiades|Prism|Puffin|RKO|Reya|Rhinar|Riptide|Ruudi|Scurv|Shiyana|Slippy|Squizzy|Starvo|Taipanis|Taylor|Teklovossen|Terra|Theryon|Tuffnut|Uzuri|Valda|Verdance|Victor|Viserai|Vynnset|Yoji|Yorick|Zen|Zyggy,Blitz|Clash|ClassicConstructed|Draft|LivingLegend|Open|Sealed|UltimatePitFight,,False,False,True,False,False,P2,45,manual_custom
command_respect,command_respect_blue|command_respect_red|command_respect_yellow,Command Respect,Action,BetsyBlitzDeck|HeavyHitters|VictorBlitzDeck,Betsy|Bolfar|Bravo|Brevant|Crix|Jarl|Kox|Lyath|Oldhim|Pleiades|Reya|Starvo|Terra|Valda|Victor|Yoji,Blitz|Clash|ClassicConstructed|Draft|LivingLegend|Open|Sealed|SilverAge|UltimatePitFight,,False,False,True,False,False,P2,45,manual_custom
compounding_anger,compounding_anger_red,Compounding Anger,Action,Promos|TheHunted,Cindra|Dromai|Emperor|Fai|Fang|Taipanis,Blitz|Clash|ClassicConstructed|Draft|LivingLegend|Open|Sealed|SilverAge|UltimatePitFight,,False,False,True,False,False,P2,45,manual_custom
concealed_blade,concealed_blade_blue,Concealed Blade,AttackReaction,Outsiders,Arakni|Benji|Cindra|Crackni|Fai|Ira|Katsu|Nuu|Slippy|Uzuri|Zen,Blitz|ClassicConstructed|Draft|LivingLegend|Open|Sealed|UltimatePitFight,,False,False,True,False,False,P2,45,manual_custom
conquer_the_icy_terrain,conquer_the_icy_terrain_blue|conquer_the_icy_terrain_red|conquer_the_icy_terrain_yellow,Conquer the Icy Terrain,Action,CompendiumOfRathe|GEM,Iyslander|Jarl|Lexi|Oldhim|Starvo,Blitz|Clash|ClassicConstructed|LivingLegend|Open|SilverAge|UltimatePitFight,,False,False,True,False,False,P2,45,manual_custom
contest_the_mindfield,contest_the_mindfield_blue,Contest the Mindfield,Action,BrightLights,Blaze|Broscilio|Iyslander|Kano|Oscilio|Verdance,Blitz|ClassicConstructed|LivingLegend|Open|UltimatePitFight,,False,False,True,False,False,P2,45,manual_custom
cosmic_awakening,cosmic_awakening_blue,Cosmic Awakening,Action,PartTheMistveil,Enigma|Nuu|Zen,Blitz|ClassicConstructed|Draft|LivingLegend|Open|Sealed|UltimatePitFight,,False,False,True,False,False,P2,45,manual_custom
cosmic_duality,cosmic_duality_blue|cosmic_duality_red|cosmic_duality_yellow,Cosmic Duality,Action,OmensOfTheThirdAge|Promos,Zyggy,Blitz|Clash|ClassicConstructed|Draft|LivingLegend|Open|Sealed|SilverAge|UltimatePitFight,,False,False,True,False,False,P2,45,manual_custom
count_your_blessings,count_your_blessings_blue|count_your_blessings_red|count_your_blessings_yellow,Count Your Blessings,Instant,Promos|Rosetta,Arakni|Aurora|Aurora2|Azalea|Benji|Betsy|Blaze|Bolfar|Boltyn|Bravo|Brevant|Briar|Broscilio|Brutus|Chane|Cindra|Crackni|Crix|Dash|DataDoll|Dorinthea|Dromai|Emperor|Enigma|Fai|Fang|Florian|Frankie|Genis|GravyBones|Hala|Ira|Iyslander|Jarl|Kano|Kassai|Katsu|Kavdaen|Kayo|Kox|Levia|Lexi|Librarian|Lyath|Marlynn|Maxx|Melody|Nuu|Oldhim|Olympia|Oscilio|Pleiades|Prism|Puffin|RKO|Reya|Rhinar|Riptide|Ruudi|Scurv|Shiyana|Slippy|Squizzy|Starvo|Taipanis|Taylor|Teklovossen|Terra|Theryon|Tuffnut|Uzuri|Valda|Verdance|Victor|Viserai|Vynnset|Yoji|Yorick|Zen|Zyggy,Blitz|Draft|LivingLegend|Open|Sealed|UltimatePitFight,,False,False,True,False,False,P2,45,manual_custom
courageous_steelhand,courageous_steelhand_blue|courageous_steelhand_red|courageous_steelhand_yellow,Courageous Steelhand,AttackReaction,ArmoryDeckBoltyn|BoltynBlitzDeck|Monarch,Boltyn,Blitz|Clash|ClassicConstructed|Draft|LivingLegend|Open|Sealed|SilverAge|UltimatePitFight,,False,False,True,False,False,P2,45,manual_custom
cracked_bauble,cracked_bauble_yellow,Cracked Bauble,Resource,ArcaneRising|CrucibleOfWar|HeavyHitters|HighSeas|Monarch|Outsiders|PartTheMistveil|Promos|Rosetta|SuperSlam|TalesOfAria|TheHunted|Uprising|WelcomeToRathe,Arakni|Aurora|Aurora2|Azalea|Benji|Betsy|Blaze|Bolfar|Boltyn|Bravo|Brevant|Briar|Broscilio|Brutus|Chane|Cindra|Crackni|Crix|Dash|DataDoll|Dorinthea|Dromai|Enigma|Fai|Fang|Florian|Frankie|Genis|GravyBones|Hala|Ira|Iyslander|Jarl|Kano|Kassai|Katsu|Kavdaen|Kayo|Kox|Levia|Lexi|Librarian|Lyath|Marlynn|Maxx|Melody|Nuu|Oldhim|Olympia|Oscilio|Pleiades|Prism|Puffin|RKO|Reya|Rhinar|Riptide|Ruudi|Scurv|Shiyana|Slippy|Squizzy|Starvo|Taipanis|Taylor|Teklovossen|Terra|Theryon|Tuffnut|Uzuri|Valda|Verdance|Victor|Viserai|Vynnset|Yoji|Yorick|Zen|Zyggy,Blitz|Clash|ClassicConstructed|Draft|LivingLegend|Open|Sealed|SilverAge|UltimatePitFight,,False,False,True,False,False,P2,45,manual_custom
cracker_bauble,cracker_bauble_yellow,Cracker Bauble,Resource,Promos,Arakni|Aurora|Aurora2|Azalea|Benji|Betsy|Blaze|Bolfar|Boltyn|Bravo|Brevant|Briar|Broscilio|Brutus|Chane|Cindra|Crackni|Crix|Dash|DataDoll|Dorinthea|Dromai|Enigma|Fai|Fang|Florian|Frankie|Genis|GravyBones|Hala|Ira|Iyslander|Jarl|Kano|Kassai|Katsu|Kavdaen|Kayo|Kox|Levia|Lexi|Librarian|Lyath|Marlynn|Maxx|Melody|Nuu|Oldhim|Olympia|Oscilio|Pleiades|Prism|Puffin|RKO|Reya|Rhinar|Riptide|Ruudi|Scurv|Shiyana|Slippy|Squizzy|Starvo|Taipanis|Taylor|Teklovossen|Terra|Theryon|Tuffnut|Uzuri|Valda|Verdance|Victor|Viserai|Vynnset|Yoji|Yorick|Zen|Zyggy,Open|UltimatePitFight,,False,False,True,False,False,P2,45,manual_custom
crash_down_the_gates,crash_down_the_gates_blue|crash_down_the_gates_red|crash_down_the_gates_yellow,Crash Down the Gates,Action,HighSeas,Arakni|Aurora|Aurora2|Azalea|Benji|Betsy|Blaze|Bolfar|Boltyn|Bravo|Brevant|Briar|Broscilio|Brutus|Chane|Cindra|Crackni|Crix|Dash|DataDoll|Dorinthea|Dromai|Emperor|Enigma|Fai|Fang|Florian|Frankie|Genis|GravyBones|Hala|Ira|Iyslander|Jarl|Kano|Kassai|Katsu|Kavdaen|Kayo|Kox|Levia|Lexi|Librarian|Lyath|Marlynn|Maxx|Melody|Nuu|Oldhim|Olympia|Oscilio|Pleiades|Prism|Puffin|RKO|Reya|Rhinar|Riptide|Ruudi|Scurv|Shiyana|Slippy|Squizzy|Starvo|Taipanis|Taylor|Teklovossen|Terra|Theryon|Tuffnut|Uzuri|Valda|Verdance|Victor|Viserai|Vynnset|Yoji|Yorick|Zen|Zyggy,Blitz|Clash|ClassicConstructed|Draft|LivingLegend|Open|Sealed|SilverAge|UltimatePitFight,,False,False,True,False,False,P2,45,manual_custom
crowd_control,crowd_control_blue|crowd_control_red|crowd_control_yellow,Crowd Control,Block,RoundTheTable,Melody|Yorick,Blitz|Clash|ClassicConstructed|LivingLegend|Open|SilverAge|UltimatePitFight,,False,False,True,False,False,P2,45,manual_custom
crowd_goes_wild,crowd_goes_wild_yellow,Crowd Goes Wild,Action,Promos|SuperSlam,Pleiades|Tuffnut,Blitz|ClassicConstructed|Draft|LivingLegend|Open|Sealed|UltimatePitFight,,False,False,True,False,False,P2,45,manual_custom
crucible_of_aetherweave,crucible_of_aetherweave,Crucible of Aetherweave,Weapon,ArcaneRising|BlazeSilverAgeDeck|CrucibleOfWar|HistoryPack1|IyslanderSilverAgeDeck|Promos,Blaze|Broscilio|Emperor|Iyslander|Kano|Oscilio|Verdance,Blitz|Clash|Draft|LivingLegend|Open|Sealed|SilverAge|UltimatePitFight,,False,False,True,False,False,P2,45,manual_custom
cryptic_crossing,cryptic_crossing_yellow,Cryptic Crossing,Action,Dynasty,Aurora|Aurora2|Briar|Chane|Florian|Viserai|Vynnset,Blitz|ClassicConstructed|LivingLegend|Open|UltimatePitFight,,False,False,True,False,False,P2,45,manual_custom
cut_the_deck,cut_the_deck_blue|cut_the_deck_red|cut_the_deck_yellow,Cut the Deck,AttackReaction,HeavyHitters|KassaiBlitzDeck,Boltyn|Dorinthea|Emperor|Fang|Hala|Kassai|Olympia,Blitz|Clash|ClassicConstructed|Draft|LivingLegend|Open|Sealed|SilverAge|UltimatePitFight,,False,False,True,False,False,P2,45,manual_custom
cut_through_the_facade,cut_through_the_facade_red,Cut Through the Facade,Action,Promos|Rosetta,Arakni|Aurora|Aurora2|Azalea|Benji|Betsy|Blaze|Bolfar|Boltyn|Bravo|Brevant|Briar|Broscilio|Brutus|Chane|Cindra|Crackni|Crix|Dash|DataDoll|Dorinthea|Dromai|Emperor|Enigma|Fai|Fang|Florian|Frankie|Genis|GravyBones|Hala|Ira|Iyslander|Jarl|Kano|Kassai|Katsu|Kavdaen|Kayo|Kox|Levia|Lexi|Librarian|Lyath|Marlynn|Maxx|Melody|Nuu|Oldhim|Olympia|Oscilio|Pleiades|Prism|Puffin|RKO|Reya|Rhinar|Riptide|Ruudi|Scurv|Shiyana|Slippy|Squizzy|Starvo|Taipanis|Taylor|Teklovossen|Terra|Theryon|Tuffnut|Uzuri|Valda|Verdance|Victor|Viserai|Vynnset|Yoji|Yorick|Zen|Zyggy,Blitz|ClassicConstructed|Draft|LivingLegend|Open|Sealed|UltimatePitFight,,False,False,True,False,False,P2,45,manual_custom
cut_to_the_chase,cut_to_the_chase_blue|cut_to_the_chase_red|cut_to_the_chase_yellow,Cut to the Chase,AttackReaction,ArakniBlitzDeckARK|Dynasty|Promos,Arakni|Crackni|Nuu|Slippy|Uzuri,Blitz|Clash|ClassicConstructed|LivingLegend|Open|SilverAge|UltimatePitFight,,False,False,True,False,False,P2,45,manual_custom
cutting_retort,cutting_retort_red,Cutting Retort,Action,SuperSlam,Arakni|Aurora|Aurora2|Azalea|Benji|Betsy|Blaze|Bolfar|Boltyn|Bravo|Brevant|Briar|Broscilio|Brutus|Chane|Cindra|Crackni|Crix|Dash|DataDoll|Dorinthea|Dromai|Emperor|Enigma|Fai|Fang|Florian|Frankie|Genis|GravyBones|Hala|Ira|Iyslander|Jarl|Kano|Kassai|Katsu|Kavdaen|Kayo|Kox|Levia|Lexi|Librarian|Lyath|Marlynn|Maxx|Melody|Nuu|Oldhim|Olympia|Oscilio|Pleiades|Prism|Puffin|RKO|Reya|Rhinar|Riptide|Ruudi|Scurv|Shiyana|Slippy|Squizzy|Starvo|Taipanis|Taylor|Teklovossen|Terra|Theryon|Tuffnut|Uzuri|Valda|Verdance|Victor|Viserai|Vynnset|Yoji|Yorick|Zen|Zyggy,Blitz|ClassicConstructed|Draft|LivingLegend|Open|Sealed|UltimatePitFight,,False,False,True,False,False,P2,45,manual_custom
danger_digits,danger_digits,Danger Digits,Equipment,ArakniBlitzDeckARK|ArakniSilverAgeDeck|ArakniWebOfDeceitBlitzDeck|CindraBlitzDeck|TheHunted,Arakni|Benji|Cindra|Crackni|Fai|Ira|Katsu|Nuu|Slippy|Taylor|Uzuri|Zen,Blitz|Clash|ClassicConstructed|Draft|LivingLegend|Open|Sealed|SilverAge|UltimatePitFight,,False,False,True,False,False,P2,45,manual_custom
dash_database,dash_database,"Dash, Database",Hero,BrightLights|CompendiumOfRathe|Promos,Dash,Blitz|Clash|Draft|Open|Sealed|SilverAge|UltimatePitFight,,False,False,True,False,False,P2,45,manual_custom
dash_inventor_extraordinaire,dash_inventor_extraordinaire,"Dash, Inventor Extraordinaire",Hero,ArcaneRising|CrucibleOfWar|HistoryPack1|Promos,Dash,LivingLegend|Open,,False,False,True,False,False,P2,45,manual_custom
dawnblade_resplendent,dawnblade_resplendent,"Dawnblade, Resplendent",Weapon,ClassicBattlesRhinarDorinthea|DorintheaDemoDeck|MasteryPackWarrior,Boltyn|Dorinthea|Emperor|Fang|Hala|Kassai|Olympia,Blitz|Clash|ClassicConstructed|LivingLegend|Open|SilverAge|UltimatePitFight,,False,False,True,False,False,P2,45,manual_custom
deadly_display,deadly_display_blue|deadly_display_red,Deadly Display,AttackReaction,ArmoryDeckOriginsHala,Boltyn|Dorinthea|Emperor|Fang|Hala|Kassai|Olympia,Blitz|Clash|ClassicConstructed|LivingLegend|Open|SilverAge|UltimatePitFight,,False,False,True,False,False,P2,45,manual_custom
death_touch,death_touch_blue|death_touch_red|death_touch_yellow,Death Touch,Action,Outsiders|Promos|UzuriBlitzDeck,Arakni|Azalea|Crackni|Lexi|Marlynn|Nuu|Riptide|Slippy|Uzuri,Blitz|Clash|ClassicConstructed|Draft|LivingLegend|Open|Sealed|SilverAge|UltimatePitFight,,False,False,True,False,False,P2,45,manual_custom
decimator_great_axe,decimator_great_axe,Decimator Great Axe,Weapon,DuskTillDawn,Boltyn|Dorinthea|Emperor|Fang|Hala|Kassai|Olympia,Blitz|Clash|ClassicConstructed|LivingLegend|Open|SilverAge|UltimatePitFight,,False,False,True,False,False,P2,45,manual_custom
deep_blue_sea,deep_blue_sea_blue,Deep Blue Sea,Action,NuuBlitzDeck|PartTheMistveil|Promos,Enigma|Nuu|Zen,Blitz|Clash|ClassicConstructed|Draft|LivingLegend|Open|Sealed|SilverAge|UltimatePitFight,,False,False,True,False,False,P2,45,manual_custom
dense_blue_mist,dense_blue_mist_blue,Dense Blue Mist,Instant,PartTheMistveil,Enigma|Nuu|Zen,Blitz|ClassicConstructed|Draft|LivingLegend|Open|Sealed|UltimatePitFight,,False,False,True,False,False,P2,45,manual_custom
destructive_tendencies,destructive_tendencies_blue,Destructive Tendencies,Instant,CompendiumOfRathe,Arakni|Aurora|Aurora2|Azalea|Benji|Betsy|Blaze|Bolfar|Boltyn|Bravo|Brevant|Briar|Broscilio|Brutus|Chane|Cindra|Crackni|Crix|Dash|DataDoll|Dorinthea|Dromai|Enigma|Fai|Fang|Florian|Frankie|Genis|GravyBones|Hala|Ira|Iyslander|Jarl|Kano|Kassai|Katsu|Kavdaen|Kayo|Kox|Levia|Lexi|Librarian|Lyath|Marlynn|Maxx|Melody|Nuu|Oldhim|Olympia|Oscilio|Pleiades|Prism|Puffin|RKO|Reya|Rhinar|Riptide|Ruudi|Scurv|Shiyana|Slippy|Squizzy|Starvo|Taipanis|Taylor|Teklovossen|Terra|Theryon|Tuffnut|Uzuri|Valda|Verdance|Victor|Viserai|Vynnset|Yoji|Yorick|Zen|Zyggy,Blitz|Clash|ClassicConstructed|LivingLegend|Open|SilverAge|UltimatePitFight,,False,False,True,False,False,P2,45,manual_custom
diabolic_ultimatum,diabolic_ultimatum_red,Diabolic Ultimatum,Action,Dynasty,Aurora|Aurora2|Briar|Chane|Florian|Viserai|Vynnset,Blitz|ClassicConstructed|LivingLegend|Open|UltimatePitFight,,False,False,True,False,False,P2,45,manual_custom
dig_in,dig_in_blue|dig_in_red|dig_in_yellow,Dig In,Action,Promos|SuperSlam,Pleiades|Tuffnut,Blitz|Clash|ClassicConstructed|Draft|LivingLegend|Open|Sealed|SilverAge|UltimatePitFight,,False,False,True,False,False,P2,45,manual_custom
display_of_craftsmanship,display_of_craftsmanship_blue|display_of_craftsmanship_red|display_of_craftsmanship_yellow,Display of Craftsmanship,AttackReaction,CompendiumOfRathe,Boltyn|Dorinthea|Emperor|Fang|Hala|Kassai|Olympia,Blitz|Clash|ClassicConstructed|LivingLegend|Open|SilverAge|UltimatePitFight,,False,False,True,False,False,P2,45,manual_custom
dissolution_sphere,dissolution_sphere_yellow,Dissolution Sphere,Action,Everfest,Dash|DataDoll|Maxx|Puffin|Teklovossen,Blitz|ClassicConstructed|LivingLegend|Open|UltimatePitFight,,False,False,True,False,False,P2,45,manual_custom
disturb_the_peace,disturb_the_peace_red,Disturb the Peace,Action,SuperSlam,Kayo|Levia|RKO|Rhinar|Tuffnut,Blitz|ClassicConstructed|Draft|LivingLegend|Open|Sealed|UltimatePitFight,,False,False,True,False,False,P2,45,manual_custom
divvy_up,divvy_up_blue,Divvy Up,Action,HighSeas,GravyBones|Marlynn|Puffin|Scurv,Blitz|Clash|ClassicConstructed|Draft|LivingLegend|Open|Sealed|SilverAge|UltimatePitFight,,False,False,True,False,False,P2,45,manual_custom
dominia,dominia,Dominia,,Uprising,Dromai,Blitz|ClassicConstructed|Draft|LivingLegend|Open|Sealed|UltimatePitFight,,False,False,True,False,False,P2,45,manual_custom
doubling_season,doubling_season_red,Doubling Season,Action,CompendiumOfRathe|GEM,Briar|Florian|Jarl|Oldhim|Starvo|Terra|Verdance,Blitz|Clash|ClassicConstructed|LivingLegend|Open|SilverAge|UltimatePitFight,,False,False,True,False,False,P2,45,manual_custom
down_and_dirty,down_and_dirty_red,Down and Dirty,Action,Outsiders,Arakni|Aurora|Aurora2|Azalea|Benji|Betsy|Blaze|Bolfar|Boltyn|Bravo|Brevant|Briar|Broscilio|Brutus|Chane|Cindra|Crackni|Crix|Dash|DataDoll|Dorinthea|Dromai|Emperor|Enigma|Fai|Fang|Florian|Frankie|Genis|GravyBones|Hala|Ira|Iyslander|Jarl|Kano|Kassai|Katsu|Kavdaen|Kayo|Kox|Levia|Lexi|Librarian|Lyath|Marlynn|Maxx|Melody|Nuu|Oldhim|Olympia|Oscilio|Pleiades|Prism|Puffin|RKO|Reya|Rhinar|Riptide|Ruudi|Scurv|Shiyana|Slippy|Squizzy|Starvo|Taipanis|Taylor|Teklovossen|Terra|Theryon|Tuffnut|Uzuri|Valda|Verdance|Victor|Viserai|Vynnset|Yoji|Yorick|Zen|Zyggy,Blitz|ClassicConstructed|Draft|LivingLegend|Open|Sealed|UltimatePitFight,,False,False,True,False,False,P2,45,manual_custom
dracona_optimai,dracona_optimai,Dracona Optimai,,Uprising,Dromai,Blitz|ClassicConstructed|Draft|LivingLegend|Open|Sealed|UltimatePitFight,,False,False,True,False,False,P2,45,manual_custom
drag_down,drag_down_blue|drag_down_red|drag_down_yellow,Drag Down,DefenseReaction,CompendiumOfRathe,Arakni|Aurora|Aurora2|Azalea|Benji|Betsy|Blaze|Bolfar|Boltyn|Bravo|Brevant|Briar|Broscilio|Brutus|Chane|Cindra|Crackni|Crix|Dash|DataDoll|Dorinthea|Dromai|Emperor|Enigma|Fai|Fang|Florian|Frankie|Genis|GravyBones|Hala|Ira|Iyslander|Jarl|Kano|Kassai|Katsu|Kavdaen|Kayo|Kox|Levia|Lexi|Librarian|Lyath|Marlynn|Maxx|Melody|Nuu|Oldhim|Olympia|Oscilio|Pleiades|Prism|Puffin|RKO|Reya|Rhinar|Riptide|Ruudi|Scurv|Shiyana|Slippy|Squizzy|Starvo|Taipanis|Taylor|Teklovossen|Terra|Theryon|Tuffnut|Uzuri|Valda|Verdance|Victor|Viserai|Vynnset|Yoji|Yorick|Zen|Zyggy,Blitz|Clash|ClassicConstructed|LivingLegend|Open|SilverAge|UltimatePitFight,,False,False,True,False,False,P2,45,manual_custom
drone_of_brutality,drone_of_brutality_blue|drone_of_brutality_red|drone_of_brutality_yellow,Drone of Brutality,Action,Promos|RhinarHeroDeck|WelcomeToRathe,Arakni|Aurora|Aurora2|Azalea|Benji|Betsy|Blaze|Bolfar|Boltyn|Bravo|Brevant|Briar|Broscilio|Brutus|Chane|Cindra|Crackni|Crix|Dash|DataDoll|Dorinthea|Dromai|Emperor|Enigma|Fai|Fang|Florian|Frankie|Genis|GravyBones|Hala|Ira|Iyslander|Jarl|Kano|Kassai|Katsu|Kavdaen|Kayo|Kox|Levia|Lexi|Librarian|Lyath|Marlynn|Maxx|Melody|Nuu|Oldhim|Olympia|Oscilio|Pleiades|Prism|Puffin|RKO|Reya|Rhinar|Riptide|Ruudi|Scurv|Shiyana|Slippy|Squizzy|Starvo|Taipanis|Taylor|Teklovossen|Terra|Theryon|Tuffnut|Uzuri|Valda|Verdance|Victor|Viserai|Vynnset|Yoji|Yorick|Zen|Zyggy,Blitz|Draft|LivingLegend|Open|Sealed|UltimatePitFight,,False,False,True,False,False,P2,45,manual_custom
dry_powder_shot,dry_powder_shot_red,Dry Powder Shot,Action,AzaleaSilverAgeDeck|GEM|HighSeas,Azalea|Lexi|Marlynn|Riptide,Blitz|Clash|ClassicConstructed|Draft|LivingLegend|Open|Sealed|SilverAge|UltimatePitFight,,False,False,True,False,False,P2,45,manual_custom
duskblade,duskblade,Duskblade,Weapon,TalesOfAria,Aurora|Aurora2|Briar|Chane|Florian|Viserai|Vynnset,Blitz|Draft|LivingLegend|Open|Sealed|UltimatePitFight,,False,False,True,False,False,P2,45,manual_custom
eclectic_magnetism,eclectic_magnetism_red,Eclectic Magnetism,Action,Rosetta,Aurora|Aurora2|Briar|Broscilio|Lexi|Oscilio|Starvo|Zyggy,Blitz|ClassicConstructed|Draft|LivingLegend|Open|Sealed|UltimatePitFight,,False,False,True,False,False,P2,45,manual_custom
eirinas_prayer,eirinas_prayer_blue|eirinas_prayer_red|eirinas_prayer_yellow,Eirina's Prayer,Instant,ArcaneRising|HistoryPack1,Arakni|Aurora|Aurora2|Azalea|Benji|Betsy|Blaze|Bolfar|Boltyn|Bravo|Brevant|Briar|Broscilio|Brutus|Chane|Cindra|Crackni|Crix|Dash|DataDoll|Dorinthea|Dromai|Emperor|Enigma|Fai|Fang|Florian|Frankie|Genis|GravyBones|Hala|Ira|Iyslander|Jarl|Kano|Kassai|Katsu|Kavdaen|Kayo|Kox|Levia|Lexi|Librarian|Lyath|Marlynn|Maxx|Melody|Nuu|Oldhim|Olympia|Oscilio|Pleiades|Prism|Puffin|RKO|Reya|Rhinar|Riptide|Ruudi|Scurv|Shiyana|Slippy|Squizzy|Starvo|Taipanis|Taylor|Teklovossen|Terra|Theryon|Tuffnut|Uzuri|Valda|Verdance|Victor|Viserai|Vynnset|Yoji|Yorick|Zen|Zyggy,Blitz|Clash|ClassicConstructed|Draft|LivingLegend|Open|Sealed|SilverAge|UltimatePitFight,,False,False,True,False,False,P2,45,manual_custom
electromagnetic_somersault,electromagnetic_somersault_blue|electromagnetic_somersault_red|electromagnetic_somersault_yellow,Electromagnetic Somersault,Instant,ArmoryDeckAurora|Rosetta,Aurora|Aurora2|Briar|Broscilio|Lexi|Oscilio|Starvo|Zyggy,Blitz|ClassicConstructed|Draft|LivingLegend|Open|Sealed|UltimatePitFight,,False,False,True,False,False,P2,45,manual_custom
emboldened_by_the_crowd,emboldened_by_the_crowd_yellow,Emboldened by the Crowd,DefenseReaction,CompendiumOfRathe,Pleiades|Tuffnut,Blitz|Clash|ClassicConstructed|LivingLegend|Open|SilverAge|UltimatePitFight,,False,False,True,False,False,P2,45,manual_custom
emeritus_scolding,emeritus_scolding_blue|emeritus_scolding_red|emeritus_scolding_yellow,Emeritus Scolding,Action,Everfest|Promos|TournamentPack,Blaze|Broscilio|Emperor|Iyslander|Kano|Oscilio|Verdance,Blitz|Clash|ClassicConstructed|LivingLegend|Open|SilverAge|UltimatePitFight,,False,False,True,False,False,P2,45,manual_custom
emperor_dracai_of_aesir,emperor_dracai_of_aesir,"Emperor, Dracai of Aesir",Hero,Dynasty,Emperor,Blitz|Clash|Open|UltimatePitFight,,False,False,True,False,False,P2,45,manual_custom
enchanted_quiver,enchanted_quiver,Enchanted Quiver,Equipment,TheHunted,Azalea|Lexi|Marlynn|Riptide|Taylor,Blitz|ClassicConstructed|LivingLegend|Open|UltimatePitFight,,False,False,True,False,False,P2,45,manual_custom
endless_arrow,endless_arrow_red,Endless Arrow,Action,ArcaneRising|HistoryPack1,Azalea|Lexi|Marlynn|Riptide,Blitz|ClassicConstructed|Draft|LivingLegend|Open|Sealed|UltimatePitFight,,False,False,True,False,False,P2,45,manual_custom
energy_of_the_audience,energy_of_the_audience_yellow,Energy of the Audience,Action,CompendiumOfRathe,Pleiades,Blitz|Clash|ClassicConstructed|LivingLegend|Open|SilverAge|UltimatePitFight,,False,False,True,False,False,P2,45,manual_custom
entangling_shot,entangling_shot_red,Entangling Shot,Action,AzaleaSilverAgeDeck|GEM|HighSeas,Azalea|Lexi|Marlynn|Riptide,Blitz|Clash|ClassicConstructed|Draft|LivingLegend|Open|Sealed|SilverAge|UltimatePitFight,,False,False,True,False,False,P2,45,manual_custom
erase_face,erase_face_red,Erase Face,Action,Promos|Uprising,Arakni|Aurora|Aurora2|Azalea|Benji|Betsy|Blaze|Bolfar|Boltyn|Bravo|Brevant|Briar|Broscilio|Brutus|Chane|Cindra|Crackni|Crix|Dash|DataDoll|Dorinthea|Dromai|Emperor|Enigma|Fai|Fang|Florian|Frankie|Genis|GravyBones|Hala|Ira|Iyslander|Jarl|Kano|Kassai|Katsu|Kavdaen|Kayo|Kox|Levia|Lexi|Librarian|Lyath|Marlynn|Maxx|Melody|Nuu|Oldhim|Olympia|Oscilio|Pleiades|Prism|Puffin|RKO|Reya|Rhinar|Riptide|Ruudi|Scurv|Shiyana|Slippy|Squizzy|Starvo|Taipanis|Taylor|Teklovossen|Terra|Theryon|Tuffnut|Uzuri|Valda|Verdance|Victor|Viserai|Vynnset|Yoji|Yorick|Zen|Zyggy,Blitz|ClassicConstructed|Draft|LivingLegend|Open|Sealed|UltimatePitFight,,False,False,True,False,False,P2,45,manual_custom
escalate_order,escalate_order_red,Escalate Order,Action,SuperSlam,Pleiades|Tuffnut,Blitz|ClassicConstructed|Draft|LivingLegend|Open|Sealed|UltimatePitFight,,False,False,True,False,False,P2,45,manual_custom
escalate_violence,escalate_violence_blue,Escalate Violence,Action,SuperSlam,Lyath|RKO,Blitz|ClassicConstructed|Draft|LivingLegend|Open|Sealed|UltimatePitFight,,False,False,True,False,False,P2,45,manual_custom
evergreen,evergreen_blue|evergreen_red|evergreen_yellow,Evergreen,Action,BriarBlitzDeck|TalesOfAria,Briar|Florian|Jarl|Oldhim|Starvo|Terra|Verdance,Blitz|Clash|ClassicConstructed|Draft|LivingLegend|Open|Sealed|SilverAge|UltimatePitFight,,False,False,True,False,False,P2,45,manual_custom
expedition_to_azuro_keys,expedition_to_azuro_keys_red,Expedition to Azuro Keys,Action,HighSeas,GravyBones|Marlynn|Puffin|Scurv,Blitz|Clash|ClassicConstructed|Draft|LivingLegend|Open|Sealed|SilverAge|UltimatePitFight,,False,False,True,False,False,P2,45,manual_custom
expedition_to_blackwater_strait,expedition_to_blackwater_strait_red,Expedition to Blackwater Strait,Action,HighSeas,GravyBones|Marlynn|Puffin|Scurv,Blitz|Clash|ClassicConstructed|Draft|LivingLegend|Open|Sealed|SilverAge|UltimatePitFight,,False,False,True,False,False,P2,45,manual_custom
expedition_to_dreadfall_reach,expedition_to_dreadfall_reach_red,Expedition to Dreadfall Reach,Action,HighSeas,GravyBones|Marlynn|Puffin|Scurv,Blitz|Clash|ClassicConstructed|Draft|LivingLegend|Open|Sealed|SilverAge|UltimatePitFight,,False,False,True,False,False,P2,45,manual_custom
expedition_to_horizons_mantle,expedition_to_horizons_mantle_red,Expedition to Horizon's Mantle,Action,HighSeas,GravyBones|Marlynn|Puffin|Scurv,Blitz|Clash|ClassicConstructed|Draft|LivingLegend|Open|Sealed|SilverAge|UltimatePitFight,,False,False,True,False,False,P2,45,manual_custom
expendable_limbs,expendable_limbs_blue,Expendable Limbs,DefenseReaction,DuskTillDawn,Levia,Blitz|ClassicConstructed|LivingLegend|Open|UltimatePitFight,,False,False,True,False,False,P2,45,manual_custom
exude_confidence,exude_confidence_red,Exude Confidence,Action,Monarch,Arakni|Aurora|Aurora2|Azalea|Benji|Betsy|Blaze|Bolfar|Boltyn|Bravo|Brevant|Briar|Broscilio|Brutus|Chane|Cindra|Crackni|Crix|Dash|DataDoll|Dorinthea|Dromai|Emperor|Enigma|Fai|Fang|Florian|Frankie|Genis|GravyBones|Hala|Ira|Iyslander|Jarl|Kano|Kassai|Katsu|Kavdaen|Kayo|Kox|Levia|Lexi|Librarian|Lyath|Marlynn|Maxx|Melody|Nuu|Oldhim|Olympia|Oscilio|Pleiades|Prism|Puffin|RKO|Reya|Rhinar|Riptide|Ruudi|Scurv|Shiyana|Slippy|Squizzy|Starvo|Taipanis|Taylor|Teklovossen|Terra|Theryon|Tuffnut|Uzuri|Valda|Verdance|Victor|Viserai|Vynnset|Yoji|Yorick|Zen|Zyggy,Blitz|ClassicConstructed|Draft|LivingLegend|Open|Sealed|UltimatePitFight,,False,False,True,False,False,P2,45,manual_custom
fact_finding_mission,fact_finding_mission_blue|fact_finding_mission_red|fact_finding_mission_yellow,Fact-Finding Mission,Action,PartTheMistveil,Arakni|Aurora|Aurora2|Azalea|Benji|Betsy|Blaze|Bolfar|Boltyn|Bravo|Brevant|Briar|Broscilio|Brutus|Chane|Cindra|Crackni|Crix|Dash|DataDoll|Dorinthea|Dromai|Emperor|Enigma|Fai|Fang|Florian|Frankie|Genis|GravyBones|Hala|Ira|Iyslander|Jarl|Kano|Kassai|Katsu|Kavdaen|Kayo|Kox|Levia|Lexi|Librarian|Lyath|Marlynn|Maxx|Melody|Nuu|Oldhim|Olympia|Oscilio|Pleiades|Prism|Puffin|RKO|Reya|Rhinar|Riptide|Ruudi|Scurv|Shiyana|Slippy|Squizzy|Starvo|Taipanis|Taylor|Teklovossen|Terra|Theryon|Tuffnut|Uzuri|Valda|Verdance|Victor|Viserai|Vynnset|Yoji|Yorick|Zen|Zyggy,Blitz|Clash|ClassicConstructed|Draft|LivingLegend|Open|Sealed|SilverAge|UltimatePitFight,,False,False,True,False,False,P2,45,manual_custom
familiar_stench,familiar_stench_red,Familiar Stench,Action,SuperSlam,Kayo|Levia|RKO|Rhinar|Tuffnut,Blitz|Clash|ClassicConstructed|Draft|LivingLegend|Open|Sealed|SilverAge|UltimatePitFight,,False,False,True,False,False,P2,45,manual_custom
familiar_story,familiar_story_red,Familiar Story,Action,SuperSlam,Betsy|Bolfar|Bravo|Brevant|Crix|Jarl|Kox|Lyath|Oldhim|Pleiades|Reya|Starvo|Terra|Valda|Victor|Yoji,Blitz|Clash|ClassicConstructed|Draft|LivingLegend|Open|Sealed|SilverAge|UltimatePitFight,,False,False,True,False,False,P2,45,manual_custom
fang,fang,Fang,Hero,FangBlitzDeck|TheHunted,Fang,Blitz|Clash|Draft|Open|Sealed|SilverAge|UltimatePitFight,,False,False,True,False,False,P2,45,manual_custom
farflight_longbow,farflight_longbow,Farflight Longbow,Weapon,CompendiumOfRathe|GEM,Azalea|Lexi|Marlynn|Riptide,Blitz|Clash|ClassicConstructed|LivingLegend|Open|UltimatePitFight,,False,False,True,False,False,P2,45,manual_custom
fatigue_shot,fatigue_shot_blue|fatigue_shot_red|fatigue_shot_yellow,Fatigue Shot,Action,Everfest,Azalea|Lexi|Marlynn|Riptide,Blitz|Clash|ClassicConstructed|LivingLegend|Open|SilverAge|UltimatePitFight,,False,False,True,False,False,P2,45,manual_custom
feign_death,feign_death_yellow,Feign Death,Instant,CrucibleOfWar|HistoryPack1,Azalea|Lexi|Marlynn|Riptide,Blitz|ClassicConstructed|LivingLegend|Open|UltimatePitFight,,False,False,True,False,False,P2,45,manual_custom
fiddlers_green,fiddlers_green_blue|fiddlers_green_red|fiddlers_green_yellow,Fiddler's Green,Block,ArmoryDeckGravyBones|GEM|HighSeas|Promos,Arakni|Aurora|Aurora2|Azalea|Benji|Betsy|Blaze|Bolfar|Boltyn|Bravo|Brevant|Briar|Broscilio|Brutus|Chane|Cindra|Crackni|Crix|Dash|DataDoll|Dorinthea|Dromai|Emperor|Enigma|Fai|Fang|Florian|Frankie|Genis|GravyBones|Hala|Ira|Iyslander|Jarl|Kano|Kassai|Katsu|Kavdaen|Kayo|Kox|Levia|Lexi|Librarian|Lyath|Marlynn|Maxx|Melody|Nuu|Oldhim|Olympia|Oscilio|Pleiades|Prism|Puffin|RKO|Reya|Rhinar|Riptide|Ruudi|Scurv|Shiyana|Slippy|Squizzy|Starvo|Taipanis|Taylor|Teklovossen|Terra|Theryon|Tuffnut|Uzuri|Valda|Verdance|Victor|Viserai|Vynnset|Yoji|Yorick|Zen|Zyggy,Blitz|ClassicConstructed|Draft|LivingLegend|Open|Sealed|UltimatePitFight,,False,False,True,False,False,P2,45,manual_custom
fightmaster_kox,fightmaster_kox,Fightmaster Kox,Hero,SmashPalace,Kox,Clash|Open|UltimatePitFight,,False,False,True,False,False,P2,45,manual_custom
final_act,final_act_red,Final Act,Action,RoundTheTable,Melody|Yorick,Blitz|ClassicConstructed|LivingLegend|Open|UltimatePitFight,,False,False,True,False,False,P2,45,manual_custom
firebreathing,firebreathing_red,Firebreathing,Action,Everfest,Arakni|Aurora|Aurora2|Azalea|Benji|Betsy|Blaze|Bolfar|Boltyn|Bravo|Brevant|Briar|Broscilio|Brutus|Chane|Cindra|Crackni|Crix|Dash|DataDoll|Dorinthea|Dromai|Emperor|Enigma|Fai|Fang|Florian|Frankie|Genis|GravyBones|Hala|Ira|Iyslander|Jarl|Kano|Kassai|Katsu|Kavdaen|Kayo|Kox|Levia|Lexi|Librarian|Lyath|Marlynn|Maxx|Melody|Nuu|Oldhim|Olympia|Oscilio|Pleiades|Prism|Puffin|RKO|Reya|Rhinar|Riptide|Ruudi|Scurv|Shiyana|Slippy|Squizzy|Starvo|Taipanis|Taylor|Teklovossen|Terra|Theryon|Tuffnut|Uzuri|Valda|Verdance|Victor|Viserai|Vynnset|Yoji|Yorick|Zen|Zyggy,Blitz|ClassicConstructed|LivingLegend|Open|UltimatePitFight,,False,False,True,False,False,P2,45,manual_custom
firewall,firewall_blue|firewall_red|firewall_yellow,Firewall,Block,BrightLights|RoundTheTable,Dash|DataDoll|Maxx|Puffin|Teklovossen,Blitz|Clash|ClassicConstructed|Draft|LivingLegend|Open|Sealed|SilverAge|UltimatePitFight,,False,False,True,False,False,P2,45,manual_custom
fisticuffs,fisticuffs,Fisticuffs,Equipment,BenjiBlitzDeck|KatsuBlitzDeck|Outsiders|UzuriBlitzDeck,Arakni|Aurora|Aurora2|Azalea|Benji|Betsy|Blaze|Bolfar|Boltyn|Bravo|Brevant|Briar|Broscilio|Brutus|Chane|Cindra|Crackni|Crix|Dash|DataDoll|Dorinthea|Dromai|Emperor|Enigma|Fai|Fang|Florian|Frankie|Genis|GravyBones|Hala|Ira|Iyslander|Jarl|Kano|Kassai|Katsu|Kavdaen|Kayo|Kox|Levia|Lexi|Librarian|Lyath|Marlynn|Maxx|Melody|Nuu|Oldhim|Olympia|Oscilio|Pleiades|Prism|Puffin|RKO|Reya|Rhinar|Riptide|Ruudi|Scurv|Shiyana|Slippy|Squizzy|Starvo|Taipanis|Taylor|Teklovossen|Terra|Theryon|Tuffnut|Uzuri|Valda|Verdance|Victor|Viserai|Vynnset|Yoji|Yorick|Zen|Zyggy,Blitz|Clash|ClassicConstructed|Draft|LivingLegend|Open|Sealed|SilverAge|UltimatePitFight,,False,False,True,False,False,P2,45,manual_custom
flex,flex_blue|flex_red|flex_yellow,Flex,Action,FaiBlitzDeck|Uprising,Arakni|Aurora|Aurora2|Azalea|Benji|Betsy|Blaze|Bolfar|Boltyn|Bravo|Brevant|Briar|Broscilio|Brutus|Chane|Cindra|Crackni|Crix|Dash|DataDoll|Dorinthea|Dromai|Emperor|Enigma|Fai|Fang|Florian|Frankie|Genis|GravyBones|Hala|Ira|Iyslander|Jarl|Kano|Kassai|Katsu|Kavdaen|Kayo|Kox|Levia|Lexi|Librarian|Lyath|Marlynn|Maxx|Melody|Nuu|Oldhim|Olympia|Oscilio|Pleiades|Prism|Puffin|RKO|Reya|Rhinar|Riptide|Ruudi|Scurv|Shiyana|Slippy|Squizzy|Starvo|Taipanis|Taylor|Teklovossen|Terra|Theryon|Tuffnut|Uzuri|Valda|Verdance|Victor|Viserai|Vynnset|Yoji|Yorick|Zen|Zyggy,Blitz|Clash|ClassicConstructed|Draft|LivingLegend|Open|Sealed|SilverAge|UltimatePitFight,,False,False,True,False,False,P2,45,manual_custom
flic_flak,flic_flak_blue|flic_flak_red|flic_flak_yellow,Flic Flak,DefenseReaction,ArmoryDeckIra|HistoryPack1|Promos|TournamentPack|WelcomeToRathe,Benji|Cindra|Fai|Ira|Katsu|Zen,Blitz|ClassicConstructed|Draft|LivingLegend|Open|Sealed|UltimatePitFight,,False,False,True,False,False,P2,45,manual_custom
flowstate_embodiment,flowstate_embodiment_red,Flowstate Embodiment,Action,OmensOfTheThirdAge|Promos,Aurora|Aurora2|Briar|Broscilio|Lexi|Oscilio|Starvo|Zyggy,Blitz|ClassicConstructed|Draft|LivingLegend|Open|Sealed|UltimatePitFight,,False,False,True,False,False,P2,45,manual_custom
flying_kick,flying_kick_blue|flying_kick_red|flying_kick_yellow,Flying Kick,Action,ArmoryDeckIra|CrucibleOfWar|IraWelcomeDeck|RoundTheTable,Benji|Cindra|Fai|Ira|Katsu|Zen,Blitz|Clash|ClassicConstructed|LivingLegend|Open|SilverAge|UltimatePitFight,,False,False,True,False,False,P2,45,manual_custom
fools_gold,fools_gold_yellow,Fool's Gold,Resource,HighSeas|Promos,Arakni|Aurora|Aurora2|Azalea|Benji|Betsy|Blaze|Bolfar|Boltyn|Bravo|Brevant|Briar|Broscilio|Brutus|Chane|Cindra|Crackni|Crix|Dash|DataDoll|Dorinthea|Dromai|Enigma|Fai|Fang|Florian|Frankie|Genis|GravyBones|Hala|Ira|Iyslander|Jarl|Kano|Kassai|Katsu|Kavdaen|Kayo|Kox|Levia|Lexi|Librarian|Lyath|Marlynn|Maxx|Melody|Nuu|Oldhim|Olympia|Oscilio|Pleiades|Prism|Puffin|RKO|Reya|Rhinar|Riptide|Ruudi|Scurv|Shiyana|Slippy|Squizzy|Starvo|Taipanis|Taylor|Teklovossen|Terra|Theryon|Tuffnut|Uzuri|Valda|Verdance|Victor|Viserai|Vynnset|Yoji|Yorick|Zen|Zyggy,Blitz|Clash|ClassicConstructed|Draft|LivingLegend|Open|Sealed|SilverAge|UltimatePitFight,,False,False,True,False,False,P2,45,manual_custom
forked_lightning,forked_lightning_red,Forked Lightning,Action,ArcaneRising|HistoryPack1,Blaze|Broscilio|Emperor|Iyslander|Kano|Oscilio|Verdance,Blitz|ClassicConstructed|Draft|LivingLegend|Open|Sealed|UltimatePitFight,,False,False,True,False,False,P2,45,manual_custom
four_feathers_one_crown,four_feathers_one_crown_red,Four Feathers One Crown,Action,CompendiumOfRathe,Cindra|Dromai|Emperor|Fai|Fang|Taipanis,Blitz|Clash|ClassicConstructed|LivingLegend|Open|SilverAge|UltimatePitFight,,False,False,True,False,False,P2,45,manual_custom
four_finger_gloves,four_finger_gloves,Four Finger Gloves,Equipment,Promos|Rosetta,Arakni|Aurora|Aurora2|Azalea|Benji|Betsy|Blaze|Bolfar|Boltyn|Bravo|Brevant|Briar|Broscilio|Brutus|Chane|Cindra|Crackni|Crix|Dash|DataDoll|Dorinthea|Dromai|Emperor|Enigma|Fai|Fang|Florian|Frankie|Genis|GravyBones|Hala|Ira|Iyslander|Jarl|Kano|Kassai|Katsu|Kavdaen|Kayo|Kox|Levia|Lexi|Librarian|Lyath|Marlynn|Maxx|Melody|Nuu|Oldhim|Olympia|Oscilio|Pleiades|Prism|Puffin|RKO|Reya|Rhinar|Riptide|Ruudi|Scurv|Shiyana|Slippy|Squizzy|Starvo|Taipanis|Taylor|Teklovossen|Terra|Theryon|Tuffnut|Uzuri|Valda|Verdance|Victor|Viserai|Vynnset|Yoji|Yorick|Zen|Zyggy,Blitz|Clash|ClassicConstructed|Draft|LivingLegend|Open|Sealed|SilverAge|UltimatePitFight,,False,False,True,False,False,P2,45,manual_custom
fractal_replication,fractal_replication_red,Fractal Replication,Action,Everfest,Dromai|Enigma|Prism|Zyggy,Blitz|ClassicConstructed|LivingLegend|Open|UltimatePitFight,,False,False,True,False,False,P2,45,manual_custom
freewheeling_renegades,freewheeling_renegades_blue|freewheeling_renegades_red|freewheeling_renegades_yellow,Freewheeling Renegades,Action,Outsiders,Arakni|Aurora|Aurora2|Azalea|Benji|Betsy|Blaze|Bolfar|Boltyn|Bravo|Brevant|Briar|Broscilio|Brutus|Chane|Cindra|Crackni|Crix|Dash|DataDoll|Dorinthea|Dromai|Emperor|Enigma|Fai|Fang|Florian|Frankie|Genis|GravyBones|Hala|Ira|Iyslander|Jarl|Kano|Kassai|Katsu|Kavdaen|Kayo|Kox|Levia|Lexi|Librarian|Lyath|Marlynn|Maxx|Melody|Nuu|Oldhim|Olympia|Oscilio|Pleiades|Prism|Puffin|RKO|Reya|Rhinar|Riptide|Ruudi|Scurv|Shiyana|Slippy|Squizzy|Starvo|Taipanis|Taylor|Teklovossen|Terra|Theryon|Tuffnut|Uzuri|Valda|Verdance|Victor|Viserai|Vynnset|Yoji|Yorick|Zen|Zyggy,Blitz|Clash|ClassicConstructed|Draft|LivingLegend|Open|Sealed|SilverAge|UltimatePitFight,,False,False,True,False,False,P2,45,manual_custom
frost_fang,frost_fang_blue|frost_fang_red|frost_fang_yellow,Frost Fang,Action,OldhimBlitzDeck|TalesOfAria,Iyslander|Jarl|Lexi|Oldhim|Starvo,Blitz|Clash|ClassicConstructed|Draft|LivingLegend|Open|Sealed|SilverAge|UltimatePitFight,,False,False,True,False,False,P2,45,manual_custom
future_sight,future_sight_blue|future_sight_red|future_sight_yellow,Future Sight,Instant,CompendiumOfRathe|GEM,Blaze|Broscilio|Emperor|Iyslander|Kano|Oscilio|Verdance,Blitz|Clash|ClassicConstructed|LivingLegend|Open|SilverAge|UltimatePitFight,,False,False,True,False,False,P2,45,manual_custom
gamblers_gloves,gamblers_gloves,Gambler's Gloves,Equipment,CrucibleOfWar|HistoryPack1|Promos,Arakni|Aurora|Aurora2|Azalea|Benji|Betsy|Blaze|Bolfar|Boltyn|Bravo|Brevant|Briar|Broscilio|Brutus|Chane|Cindra|Crackni|Crix|Dash|DataDoll|Dorinthea|Dromai|Emperor|Enigma|Fai|Fang|Florian|Frankie|Genis|GravyBones|Hala|Ira|Iyslander|Jarl|Kano|Kassai|Katsu|Kavdaen|Kayo|Kox|Levia|Lexi|Librarian|Lyath|Marlynn|Maxx|Melody|Nuu|Oldhim|Olympia|Oscilio|Pleiades|Prism|Puffin|RKO|Reya|Rhinar|Riptide|Ruudi|Scurv|Shiyana|Slippy|Squizzy|Starvo|Taipanis|Taylor|Teklovossen|Terra|Theryon|Tuffnut|Uzuri|Valda|Verdance|Victor|Viserai|Vynnset|Yoji|Yorick|Zen|Zyggy,Blitz|ClassicConstructed|LivingLegend|Open|UltimatePitFight,,False,False,True,False,False,P2,45,manual_custom
give_em_a_piece_of_your_mind,give_em_a_piece_of_your_mind_blue|give_em_a_piece_of_your_mind_red|give_em_a_piece_of_your_mind_yellow,Give 'Em a Piece of Your Mind,Action,SuperSlam,Kayo|Levia|RKO|Rhinar|Tuffnut,Blitz|Clash|ClassicConstructed|Draft|LivingLegend|Open|Sealed|SilverAge|UltimatePitFight,,False,False,True,False,False,P2,45,manual_custom
glisten,glisten_blue|glisten_red|glisten_yellow,Glisten,Instant,Monarch,Boltyn|Librarian|Prism|Theryon,Blitz|Clash|ClassicConstructed|Draft|LivingLegend|Open|Sealed|SilverAge|UltimatePitFight,,False,False,True,False,False,P2,45,manual_custom
glyph_power_spell,glyph_power_spell_red,Glyph Power Spell,Action,CompendiumOfRathe,Blaze|Broscilio|Emperor|Iyslander|Kano|Oscilio|Verdance,Blitz|Clash|ClassicConstructed|LivingLegend|Open|SilverAge|UltimatePitFight,,False,False,True,False,False,P2,45,manual_custom
go_bananas,go_bananas_yellow,Go Bananas,Instant,Promos,Arakni|Aurora|Aurora2|Azalea|Benji|Betsy|Blaze|Bolfar|Boltyn|Bravo|Brevant|Briar|Broscilio|Brutus|Chane|Cindra|Crackni|Crix|Dash|DataDoll|Dorinthea|Dromai|Enigma|Fai|Fang|Florian|Frankie|Genis|GravyBones|Hala|Ira|Iyslander|Jarl|Kano|Kassai|Katsu|Kavdaen|Kayo|Kox|Levia|Lexi|Librarian|Lyath|Marlynn|Maxx|Melody|Nuu|Oldhim|Olympia|Oscilio|Pleiades|Prism|Puffin|RKO|Reya|Rhinar|Riptide|Ruudi|Scurv|Shiyana|Slippy|Squizzy|Starvo|Taipanis|Taylor|Teklovossen|Terra|Theryon|Tuffnut|Uzuri|Valda|Verdance|Victor|Viserai|Vynnset|Yoji|Yorick|Zen|Zyggy,Open|UltimatePitFight,,False,False,True,False,False,P2,45,manual_custom
gold_hunter_ketch,gold_hunter_ketch_yellow,Gold Hunter Ketch,Action,HighSeas,GravyBones|Marlynn|Puffin|Scurv,Blitz|Clash|ClassicConstructed|Draft|LivingLegend|Open|Sealed|SilverAge|UltimatePitFight,,False,False,True,False,False,P2,45,manual_custom
gold_hunter_longboat,gold_hunter_longboat_yellow,Gold Hunter Longboat,Action,HighSeas,GravyBones|Marlynn|Puffin|Scurv,Blitz|Clash|ClassicConstructed|Draft|LivingLegend|Open|Sealed|SilverAge|UltimatePitFight,,False,False,True,False,False,P2,45,manual_custom
golden_company,golden_company_blue|golden_company_red|golden_company_yellow,Golden Company,DefenseReaction,MasteryPackWarrior|Promos,Boltyn|Dorinthea|Emperor|Fang|Hala|Kassai|Olympia,Blitz|Clash|ClassicConstructed|LivingLegend|Open|SilverAge|UltimatePitFight,,False,False,True,False,False,P2,45,manual_custom
golden_grail,golden_grail,Golden Grail,Weapon,ArmoryDeckOlympia|MasteryPackWarrior,Boltyn|Dorinthea|Emperor|Fang|Hala|Kassai|Olympia,Blitz|Clash|ClassicConstructed|LivingLegend|Open|SilverAge|UltimatePitFight,,False,False,True,False,False,P2,45,manual_custom
goldfin_harpoon,goldfin_harpoon,Goldfin Harpoon,Action,HighSeas,Marlynn,Blitz|Clash|ClassicConstructed|Draft|LivingLegend|Open|Sealed|SilverAge|UltimatePitFight,,False,False,True,False,False,P2,45,manual_custom
gone_in_a_flash,gone_in_a_flash_red,Gone in a Flash,Action,Rosetta,Aurora|Aurora2|Briar|Broscilio|Lexi|Oscilio|Starvo|Zyggy,Blitz|ClassicConstructed|Draft|LivingLegend|Open|Sealed|UltimatePitFight,,False,False,True,False,False,P2,45,manual_custom
good_deeds_dont_go_unnoticed,good_deeds_dont_go_unnoticed_yellow,Good Deeds Don't Go Unnoticed,Action,Promos,Arakni|Aurora|Aurora2|Azalea|Benji|Betsy|Blaze|Bolfar|Boltyn|Bravo|Brevant|Briar|Broscilio|Brutus|Chane|Cindra|Crackni|Crix|Dash|DataDoll|Dorinthea|Dromai|Enigma|Fai|Fang|Florian|Frankie|Genis|GravyBones|Hala|Ira|Iyslander|Jarl|Kano|Kassai|Katsu|Kavdaen|Kayo|Kox|Levia|Lexi|Librarian|Lyath|Marlynn|Maxx|Melody|Nuu|Oldhim|Olympia|Oscilio|Pleiades|Prism|Puffin|RKO|Reya|Rhinar|Riptide|Ruudi|Scurv|Shiyana|Slippy|Squizzy|Starvo|Taipanis|Taylor|Teklovossen|Terra|Theryon|Tuffnut|Uzuri|Valda|Verdance|Victor|Viserai|Vynnset|Yoji|Yorick|Zen|Zyggy,Open|UltimatePitFight,,False,False,True,False,False,P2,45,manual_custom
goon_battery,goon_battery_blue,Goon Battery,Action,SuperSlam,Lyath|RKO,Blitz|Clash|ClassicConstructed|Draft|LivingLegend|Open|Sealed|SilverAge|UltimatePitFight,,False,False,True,False,False,P2,45,manual_custom
goon_tactics,goon_tactics_blue,Goon Tactics,Action,SuperSlam,Lyath|RKO,Blitz|Clash|ClassicConstructed|Draft|LivingLegend|Open|Sealed|SilverAge|UltimatePitFight,,False,False,True,False,False,P2,45,manual_custom
gore_belching,gore_belching_red,Gore Belching,Action,Outsiders,Arakni|Aurora|Aurora2|Azalea|Benji|Betsy|Blaze|Bolfar|Boltyn|Bravo|Brevant|Briar|Broscilio|Brutus|Chane|Cindra|Crackni|Crix|Dash|DataDoll|Dorinthea|Dromai|Emperor|Enigma|Fai|Fang|Florian|Frankie|Genis|GravyBones|Hala|Ira|Iyslander|Jarl|Kano|Kassai|Katsu|Kavdaen|Kayo|Kox|Levia|Lexi|Librarian|Lyath|Marlynn|Maxx|Melody|Nuu|Oldhim|Olympia|Oscilio|Pleiades|Prism|Puffin|RKO|Reya|Rhinar|Riptide|Ruudi|Scurv|Shiyana|Slippy|Squizzy|Starvo|Taipanis|Taylor|Teklovossen|Terra|Theryon|Tuffnut|Uzuri|Valda|Verdance|Victor|Viserai|Vynnset|Yoji|Yorick|Zen|Zyggy,Blitz|ClassicConstructed|Draft|LivingLegend|Open|Sealed|UltimatePitFight,,False,False,True,False,False,P2,45,manual_custom
gorgons_gaze,gorgons_gaze_yellow,Gorgon's Gaze,AttackReaction,PartTheMistveil,Nuu,Blitz|ClassicConstructed|Draft|LivingLegend|Open|Sealed|UltimatePitFight,,False,False,True,False,False,P2,45,manual_custom
gravekeeping,gravekeeping_blue|gravekeeping_red|gravekeeping_yellow,Gravekeeping,Action,PartTheMistveil|Promos,Arakni|Aurora|Aurora2|Azalea|Benji|Betsy|Blaze|Bolfar|Boltyn|Bravo|Brevant|Briar|Broscilio|Brutus|Chane|Cindra|Crackni|Crix|Dash|DataDoll|Dorinthea|Dromai|Emperor|Enigma|Fai|Fang|Florian|Frankie|Genis|GravyBones|Hala|Ira|Iyslander|Jarl|Kano|Kassai|Katsu|Kavdaen|Kayo|Kox|Levia|Lexi|Librarian|Lyath|Marlynn|Maxx|Melody|Nuu|Oldhim|Olympia|Oscilio|Pleiades|Prism|Puffin|RKO|Reya|Rhinar|Riptide|Ruudi|Scurv|Shiyana|Slippy|Squizzy|Starvo|Taipanis|Taylor|Teklovossen|Terra|Theryon|Tuffnut|Uzuri|Valda|Verdance|Victor|Viserai|Vynnset|Yoji|Yorick|Zen|Zyggy,Blitz|Clash|ClassicConstructed|Draft|LivingLegend|Open|Sealed|SilverAge|UltimatePitFight,,False,False,True,False,False,P2,45,manual_custom
hammer_of_havenhold,hammer_of_havenhold,Hammer of Havenhold,Weapon,Promos|RoundTheTable,Betsy|Bolfar|Bravo|Brevant|Crix|Jarl|Kox|Lyath|Oldhim|Pleiades|Reya|Starvo|Terra|Valda|Victor|Yoji,Blitz|Clash|ClassicConstructed|LivingLegend|Open|SilverAge|UltimatePitFight,,False,False,True,False,False,P2,45,manual_custom
hamstring_shot,hamstring_shot_blue|hamstring_shot_red|hamstring_shot_yellow,Hamstring Shot,Action,ArcaneRising,Azalea|Lexi|Marlynn|Riptide,Blitz|Clash|ClassicConstructed|Draft|LivingLegend|Open|Sealed|SilverAge|UltimatePitFight,,False,False,True,False,False,P2,45,manual_custom
hand_behind_the_pen,hand_behind_the_pen_red,Hand Behind the Pen,Action,Promos|Rosetta,Arakni|Aurora|Aurora2|Azalea|Benji|Betsy|Blaze|Bolfar|Boltyn|Bravo|Brevant|Briar|Broscilio|Brutus|Chane|Cindra|Crackni|Crix|Dash|DataDoll|Dorinthea|Dromai|Emperor|Enigma|Fai|Fang|Florian|Frankie|Genis|GravyBones|Hala|Ira|Iyslander|Jarl|Kano|Kassai|Katsu|Kavdaen|Kayo|Kox|Levia|Lexi|Librarian|Lyath|Marlynn|Maxx|Melody|Nuu|Oldhim|Olympia|Oscilio|Pleiades|Prism|Puffin|RKO|Reya|Rhinar|Riptide|Ruudi|Scurv|Shiyana|Slippy|Squizzy|Starvo|Taipanis|Taylor|Teklovossen|Terra|Theryon|Tuffnut|Uzuri|Valda|Verdance|Victor|Viserai|Vynnset|Yoji|Yorick|Zen|Zyggy,Blitz|Clash|ClassicConstructed|Draft|LivingLegend|Open|Sealed|SilverAge|UltimatePitFight,,False,False,True,False,False,P2,45,manual_custom
hard_knuckle,hard_knuckle,Hard Knuckle,Equipment,FirstStrikeTerra|Promos,Arakni|Aurora|Aurora2|Azalea|Benji|Betsy|Blaze|Bolfar|Boltyn|Bravo|Brevant|Briar|Broscilio|Brutus|Chane|Cindra|Crackni|Crix|Dash|DataDoll|Dorinthea|Dromai|Emperor|Enigma|Fai|Fang|Florian|Frankie|Genis|GravyBones|Hala|Ira|Iyslander|Jarl|Kano|Kassai|Katsu|Kavdaen|Kayo|Kox|Levia|Lexi|Librarian|Lyath|Marlynn|Maxx|Melody|Nuu|Oldhim|Olympia|Oscilio|Pleiades|Prism|Puffin|RKO|Reya|Rhinar|Riptide|Ruudi|Scurv|Shiyana|Slippy|Squizzy|Starvo|Taipanis|Taylor|Teklovossen|Terra|Theryon|Tuffnut|Uzuri|Valda|Verdance|Victor|Viserai|Vynnset|Yoji|Yorick|Zen|Zyggy,Blitz|Clash|ClassicConstructed|LivingLegend|Open|SilverAge|UltimatePitFight,,False,False,True,False,False,P2,45,manual_custom
hatchet_of_body,hatchet_of_body,Hatchet of Body,Weapon,BoltynBlitzDeck|Monarch|Promos,Boltyn|Dorinthea|Emperor|Fang|Hala|Kassai|Olympia,Blitz|Clash|ClassicConstructed|Draft|LivingLegend|Open|Sealed|SilverAge|UltimatePitFight,,False,False,True,False,False,P2,45,manual_custom
hatchet_of_mind,hatchet_of_mind,Hatchet of Mind,Weapon,BoltynBlitzDeck|Monarch|Promos,Boltyn|Dorinthea|Emperor|Fang|Hala|Kassai|Olympia,Blitz|Clash|ClassicConstructed|Draft|LivingLegend|Open|Sealed|SilverAge|UltimatePitFight,,False,False,True,False,False,P2,45,manual_custom
haunting_rendition,haunting_rendition_red,Haunting Rendition,Block,Rosetta,Aurora|Aurora2|Briar|Chane|Florian|Viserai|Vynnset,Blitz|ClassicConstructed|Draft|LivingLegend|Open|Sealed|UltimatePitFight,,False,False,True,False,False,P2,45,manual_custom
head_shot,head_shot_blue|head_shot_red|head_shot_yellow,Head Shot,Action,ArcaneRising|HighSeas|HistoryPack1,Azalea|Lexi|Marlynn|Riptide,Blitz|Clash|ClassicConstructed|Draft|LivingLegend|Open|Sealed|SilverAge|UltimatePitFight,,False,False,True,False,False,P2,45,manual_custom
heat_seeker,heat_seeker_red,Heat Seeker,Action,Dynasty,Azalea|Lexi|Marlynn|Riptide,Blitz|ClassicConstructed|LivingLegend|Open|UltimatePitFight,,False,False,True,False,False,P2,45,manual_custom
helm_of_hindsight,helm_of_hindsight,Helm of Hindsight,Equipment,Promos|SuperSlam,Arakni|Aurora|Aurora2|Azalea|Benji|Betsy|Blaze|Bolfar|Boltyn|Bravo|Brevant|Briar|Broscilio|Brutus|Chane|Cindra|Crackni|Crix|Dash|DataDoll|Dorinthea|Dromai|Emperor|Enigma|Fai|Fang|Florian|Frankie|Genis|GravyBones|Hala|Ira|Iyslander|Jarl|Kano|Kassai|Katsu|Kavdaen|Kayo|Kox|Levia|Lexi|Librarian|Lyath|Marlynn|Maxx|Melody|Nuu|Oldhim|Olympia|Oscilio|Pleiades|Prism|Puffin|RKO|Reya|Rhinar|Riptide|Ruudi|Scurv|Shiyana|Slippy|Squizzy|Starvo|Taipanis|Taylor|Teklovossen|Terra|Theryon|Tuffnut|Uzuri|Valda|Verdance|Victor|Viserai|Vynnset|Yoji|Yorick|Zen|Zyggy,Blitz|Clash|ClassicConstructed|Draft|LivingLegend|Open|Sealed|SilverAge|UltimatePitFight,,False,False,True,False,False,P2,45,manual_custom
hemorrhage_bore,hemorrhage_bore_blue|hemorrhage_bore_red|hemorrhage_bore_yellow,Hemorrhage Bore,Action,Dynasty|Promos|RiptideBlitzDeck,Azalea|Lexi|Marlynn|Riptide,Blitz|Clash|ClassicConstructed|LivingLegend|Open|SilverAge|UltimatePitFight,,False,False,True,False,False,P2,45,manual_custom
high_current_currency,high_current_currency_blue,High Current Currency,Action,CompendiumOfRathe,Arakni|Aurora|Aurora2|Azalea|Benji|Betsy|Blaze|Bolfar|Boltyn|Bravo|Brevant|Briar|Broscilio|Brutus|Chane|Cindra|Crackni|Crix|Dash|DataDoll|Dorinthea|Dromai|Enigma|Fai|Fang|Florian|Frankie|Genis|GravyBones|Hala|Ira|Iyslander|Jarl|Kano|Kassai|Katsu|Kavdaen|Kayo|Kox|Levia|Lexi|Librarian|Lyath|Marlynn|Maxx|Melody|Nuu|Oldhim|Olympia|Oscilio|Pleiades|Prism|Puffin|RKO|Reya|Rhinar|Riptide|Ruudi|Scurv|Shiyana|Slippy|Squizzy|Starvo|Taipanis|Taylor|Teklovossen|Terra|Theryon|Tuffnut|Uzuri|Valda|Verdance|Victor|Viserai|Vynnset|Yoji|Yorick|Zen|Zyggy,Blitz|ClassicConstructed|LivingLegend|Open|UltimatePitFight,,False,False,True,False,False,P2,45,manual_custom
hit_the_high_notes,hit_the_high_notes_blue|hit_the_high_notes_red|hit_the_high_notes_yellow,Hit the High Notes,Action,AuroraBlitzDeck|Rosetta|ViseraiSilverAgeDeck,Aurora|Aurora2|Briar|Chane|Florian|Viserai|Vynnset,Blitz|Clash|ClassicConstructed|Draft|LivingLegend|Open|Sealed|SilverAge|UltimatePitFight,,False,False,True,False,False,P2,45,manual_custom
hold_the_line,hold_the_line_blue,Hold the Line,DefenseReaction,DuskTillDawn|Promos,Arakni|Aurora|Aurora2|Azalea|Benji|Betsy|Blaze|Bolfar|Boltyn|Bravo|Brevant|Briar|Broscilio|Brutus|Chane|Cindra|Crackni|Crix|Dash|DataDoll|Dorinthea|Dromai|Enigma|Fai|Fang|Florian|Frankie|Genis|GravyBones|Hala|Ira|Iyslander|Jarl|Kano|Kassai|Katsu|Kavdaen|Kayo|Kox|Levia|Lexi|Librarian|Lyath|Marlynn|Maxx|Melody|Nuu|Oldhim|Olympia|Oscilio|Pleiades|Prism|Puffin|RKO|Reya|Rhinar|Riptide|Ruudi|Scurv|Shiyana|Slippy|Squizzy|Starvo|Taipanis|Taylor|Teklovossen|Terra|Theryon|Tuffnut|Uzuri|Valda|Verdance|Victor|Viserai|Vynnset|Yoji|Yorick|Zen|Zyggy,Blitz|ClassicConstructed|LivingLegend|Open|UltimatePitFight,,False,False,True,False,False,P2,45,manual_custom
honing_hood,honing_hood,Honing Hood,Equipment,LexiBlitzDeck|TalesOfAria,Azalea|Lexi|Marlynn|Riptide|Taylor,Blitz|ClassicConstructed|Draft|LivingLegend|Open|Sealed|UltimatePitFight,,False,False,True,False,False,P2,45,manual_custom
hood_of_second_thoughts,hood_of_second_thoughts,Hood of Second Thoughts,Equipment,Promos|Rosetta,Arakni|Aurora|Aurora2|Azalea|Benji|Betsy|Blaze|Bolfar|Boltyn|Bravo|Brevant|Briar|Broscilio|Brutus|Chane|Cindra|Crackni|Crix|Dash|DataDoll|Dorinthea|Dromai|Emperor|Enigma|Fai|Fang|Florian|Frankie|Genis|GravyBones|Hala|Ira|Iyslander|Jarl|Kano|Kassai|Katsu|Kavdaen|Kayo|Kox|Levia|Lexi|Librarian|Lyath|Marlynn|Maxx|Melody|Nuu|Oldhim|Olympia|Oscilio|Pleiades|Prism|Puffin|RKO|Reya|Rhinar|Riptide|Ruudi|Scurv|Shiyana|Slippy|Squizzy|Starvo|Taipanis|Taylor|Teklovossen|Terra|Theryon|Tuffnut|Uzuri|Valda|Verdance|Victor|Viserai|Vynnset|Yoji|Yorick|Zen|Zyggy,Blitz|Clash|ClassicConstructed|Draft|LivingLegend|Open|Sealed|SilverAge|UltimatePitFight,,False,False,True,False,False,P2,45,manual_custom
hope_merchants_hood,hope_merchants_hood,Hope Merchant's Hood,Equipment,DashSilverAgeDeck|DorintheaHeroDeck|FaiBlitzDeck|FaiSilverAgeDeck|HistoryPack1|MasteryPackGuardian|Promos|WelcomeToRathe,Arakni|Aurora|Aurora2|Azalea|Benji|Betsy|Blaze|Bolfar|Boltyn|Bravo|Brevant|Briar|Broscilio|Brutus|Chane|Cindra|Crackni|Crix|Dash|DataDoll|Dorinthea|Dromai|Emperor|Enigma|Fai|Fang|Florian|Frankie|Genis|GravyBones|Hala|Ira|Iyslander|Jarl|Kano|Kassai|Katsu|Kavdaen|Kayo|Kox|Levia|Lexi|Librarian|Lyath|Marlynn|Maxx|Melody|Nuu|Oldhim|Olympia|Oscilio|Pleiades|Prism|Puffin|RKO|Reya|Rhinar|Riptide|Ruudi|Scurv|Shiyana|Slippy|Squizzy|Starvo|Taipanis|Taylor|Teklovossen|Terra|Theryon|Tuffnut|Uzuri|Valda|Verdance|Victor|Viserai|Vynnset|Yoji|Yorick|Zen|Zyggy,Blitz|Clash|ClassicConstructed|Draft|LivingLegend|Open|Sealed|SilverAge|UltimatePitFight,,False,False,True,False,False,P2,45,manual_custom
hulk_up,hulk_up_blue|hulk_up_red|hulk_up_yellow,Hulk Up,Action,CompendiumOfRathe,Pleiades|Tuffnut,Blitz|Clash|ClassicConstructed|LivingLegend|Open|SilverAge|UltimatePitFight,,False,False,True,False,False,P2,45,manual_custom
humble,humble_blue|humble_red|humble_yellow,Humble,Action,ArmoryDeckKayo|Outsiders|UzuriBlitzDeck,Arakni|Aurora|Aurora2|Azalea|Benji|Betsy|Blaze|Bolfar|Boltyn|Bravo|Brevant|Briar|Broscilio|Brutus|Chane|Cindra|Crackni|Crix|Dash|DataDoll|Dorinthea|Dromai|Emperor|Enigma|Fai|Fang|Florian|Frankie|Genis|GravyBones|Hala|Ira|Iyslander|Jarl|Kano|Kassai|Katsu|Kavdaen|Kayo|Kox|Levia|Lexi|Librarian|Lyath|Marlynn|Maxx|Melody|Nuu|Oldhim|Olympia|Oscilio|Pleiades|Prism|Puffin|RKO|Reya|Rhinar|Riptide|Ruudi|Scurv|Shiyana|Slippy|Squizzy|Starvo|Taipanis|Taylor|Teklovossen|Terra|Theryon|Tuffnut|Uzuri|Valda|Verdance|Victor|Viserai|Vynnset|Yoji|Yorick|Zen|Zyggy,Blitz|Clash|ClassicConstructed|Draft|LivingLegend|Open|Sealed|SilverAge|UltimatePitFight,,False,False,True,False,False,P2,45,manual_custom
hummingbird_call_of_adventure,hummingbird_call_of_adventure,"Hummingbird, Call of Adventure",Weapon,Promos,Melody|Yorick,Clash|Open|UltimatePitFight,,False,False,True,False,False,P2,45,manual_custom
illuminate,illuminate_blue|illuminate_red|illuminate_yellow,Illuminate,Action,Monarch|PrismBlitzDeck,Boltyn|Librarian|Prism|Theryon,Blitz|Clash|ClassicConstructed|Draft|LivingLegend|Open|Sealed|SilverAge|UltimatePitFight,,False,False,True,False,False,P2,45,manual_custom
immobilizing_shot,immobilizing_shot_red,Immobilizing Shot,Action,Dynasty,Azalea|Lexi|Marlynn|Riptide,Blitz|ClassicConstructed|LivingLegend|Open|UltimatePitFight,,False,False,True,False,False,P2,45,manual_custom
impenetrable_belief,impenetrable_belief_blue|impenetrable_belief_red|impenetrable_belief_yellow,Impenetrable Belief,Action,Monarch,Boltyn|Librarian|Prism|Theryon,Blitz|Clash|ClassicConstructed|Draft|LivingLegend|Open|Sealed|SilverAge|UltimatePitFight,,False,False,True,False,False,P2,45,manual_custom
in_the_swing,in_the_swing_blue|in_the_swing_red|in_the_swing_yellow,In the Swing,AttackReaction,ClassicBattlesRhinarDorinthea|DorintheaDemoDeck|Everfest|MasteryPackWarrior|Promos,Boltyn|Dorinthea|Emperor|Fang|Hala|Kassai|Olympia,Blitz|Clash|ClassicConstructed|LivingLegend|Open|SilverAge|UltimatePitFight,,False,False,True,False,False,P2,45,manual_custom
index,index_blue|index_red|index_yellow,Index,Action,ArcaneRising,Blaze|Broscilio|Emperor|Iyslander|Kano|Oscilio|Verdance,Blitz|Clash|ClassicConstructed|Draft|LivingLegend|Open|Sealed|SilverAge|UltimatePitFight,,False,False,True,False,False,P2,45,manual_custom
ink_lined_cloak,ink_lined_cloak,Ink-lined Cloak,Equipment,OscilioBlitzDeck|Promos|Rosetta,Blaze|Broscilio|Emperor|Iyslander|Kano|Oscilio|Taylor|Verdance,Blitz|Clash|ClassicConstructed|Draft|LivingLegend|Open|Sealed|SilverAge|UltimatePitFight,,False,False,True,False,False,P2,45,manual_custom
insidious_chill,insidious_chill_blue,Insidious Chill,Action,Uprising,Iyslander|Jarl|Lexi|Oldhim|Starvo,Blitz|ClassicConstructed|Draft|LivingLegend|Open|Sealed|UltimatePitFight,,False,False,True,False,False,P2,45,manual_custom
interlude,interlude_blue|interlude_red|interlude_yellow,Interlude,Instant,RoundTheTable,Melody|Yorick,Blitz|Clash|ClassicConstructed|LivingLegend|Open|SilverAge|UltimatePitFight,,False,False,True,False,False,P2,45,manual_custom
invigorating_light,invigorating_light_blue|invigorating_light_red|invigorating_light_yellow,Invigorating Light,Action,BoltynBlitzDeck|Monarch,Boltyn|Librarian|Prism|Theryon,Blitz|Clash|ClassicConstructed|Draft|LivingLegend|Open|Sealed|SilverAge|UltimatePitFight,,False,False,True,False,False,P2,45,manual_custom
ironhide_gauntlet,ironhide_gauntlet,Ironhide Gauntlet,Equipment,ClassicBattlesRhinarDorinthea|Monarch|Promos,Arakni|Aurora|Aurora2|Azalea|Benji|Betsy|Blaze|Bolfar|Boltyn|Bravo|Brevant|Briar|Broscilio|Brutus|Chane|Cindra|Crackni|Crix|Dash|DataDoll|Dorinthea|Dromai|Emperor|Enigma|Fai|Fang|Florian|Frankie|Genis|GravyBones|Hala|Ira|Iyslander|Jarl|Kano|Kassai|Katsu|Kavdaen|Kayo|Kox|Levia|Lexi|Librarian|Lyath|Marlynn|Maxx|Melody|Nuu|Oldhim|Olympia|Oscilio|Pleiades|Prism|Puffin|RKO|Reya|Rhinar|Riptide|Ruudi|Scurv|Shiyana|Slippy|Squizzy|Starvo|Taipanis|Taylor|Teklovossen|Terra|Theryon|Tuffnut|Uzuri|Valda|Verdance|Victor|Viserai|Vynnset|Yoji|Yorick|Zen|Zyggy,Blitz|Clash|ClassicConstructed|Draft|LivingLegend|Open|Sealed|SilverAge|UltimatePitFight,,False,False,True,False,False,P2,45,manual_custom
ironhide_legs,ironhide_legs,Ironhide Legs,Equipment,ClassicBattlesRhinarDorinthea|DromaiBlitzDeck|Monarch|OldhimBlitzDeck|UzuriBlitzDeck,Arakni|Aurora|Aurora2|Azalea|Benji|Betsy|Blaze|Bolfar|Boltyn|Bravo|Brevant|Briar|Broscilio|Brutus|Chane|Cindra|Crackni|Crix|Dash|DataDoll|Dorinthea|Dromai|Emperor|Enigma|Fai|Fang|Florian|Frankie|Genis|GravyBones|Hala|Ira|Iyslander|Jarl|Kano|Kassai|Katsu|Kavdaen|Kayo|Kox|Levia|Lexi|Librarian|Lyath|Marlynn|Maxx|Melody|Nuu|Oldhim|Olympia|Oscilio|Pleiades|Prism|Puffin|RKO|Reya|Rhinar|Riptide|Ruudi|Scurv|Shiyana|Slippy|Squizzy|Starvo|Taipanis|Taylor|Teklovossen|Terra|Theryon|Tuffnut|Uzuri|Valda|Verdance|Victor|Viserai|Vynnset|Yoji|Yorick|Zen|Zyggy,Blitz|Clash|ClassicConstructed|Draft|LivingLegend|Open|Sealed|SilverAge|UltimatePitFight,,False,False,True,False,False,P2,45,manual_custom
ironhide_plate,ironhide_plate,Ironhide Plate,Equipment,Monarch,Arakni|Aurora|Aurora2|Azalea|Benji|Betsy|Blaze|Bolfar|Boltyn|Bravo|Brevant|Briar|Broscilio|Brutus|Chane|Cindra|Crackni|Crix|Dash|DataDoll|Dorinthea|Dromai|Emperor|Enigma|Fai|Fang|Florian|Frankie|Genis|GravyBones|Hala|Ira|Iyslander|Jarl|Kano|Kassai|Katsu|Kavdaen|Kayo|Kox|Levia|Lexi|Librarian|Lyath|Marlynn|Maxx|Melody|Nuu|Oldhim|Olympia|Oscilio|Pleiades|Prism|Puffin|RKO|Reya|Rhinar|Riptide|Ruudi|Scurv|Shiyana|Slippy|Squizzy|Starvo|Taipanis|Taylor|Teklovossen|Terra|Theryon|Tuffnut|Uzuri|Valda|Verdance|Victor|Viserai|Vynnset|Yoji|Yorick|Zen|Zyggy,Blitz|Clash|ClassicConstructed|Draft|LivingLegend|Open|Sealed|SilverAge|UltimatePitFight,,False,False,True,False,False,P2,45,manual_custom
ironsong_pride,ironsong_pride_red,Ironsong Pride,Instant,Dynasty,Boltyn|Dorinthea|Emperor|Fang|Hala|Kassai|Olympia,Blitz|ClassicConstructed|LivingLegend|Open|UltimatePitFight,,False,False,True,False,False,P2,45,manual_custom
jubeel_spellbane,jubeel_spellbane,"Jubeel, Spellbane",Weapon,Dynasty|Promos,Boltyn|Dorinthea|Emperor|Fang|Hala|Kassai|Olympia,Blitz|Clash|ClassicConstructed|LivingLegend|Open|UltimatePitFight,,False,False,True,False,False,P2,45,manual_custom
just_a_nick,just_a_nick_red,Just a Nick,AttackReaction,PartTheMistveil,Arakni|Crackni|Nuu|Slippy|Uzuri,Blitz|ClassicConstructed|Draft|LivingLegend|Open|Sealed|UltimatePitFight,,False,False,True,False,False,P2,45,manual_custom
kano,kano,Kano,Hero,ArcaneRising|CompendiumOfRathe|HistoryPack1|Promos,Kano,Blitz|Clash|Draft|Open|Sealed|SilverAge|UltimatePitFight,,False,False,True,False,False,P2,45,manual_custom
kano_dracai_of_aether,kano_dracai_of_aether,"Kano, Dracai of Aether",Hero,ArcaneRising|CrucibleOfWar|HistoryPack1|Promos,Kano,LivingLegend|Open,,False,False,True,False,False,P2,45,manual_custom
kassai_cintari_sellsword,kassai_cintari_sellsword,"Kassai, Cintari Sellsword",Hero,CompendiumOfRathe|CrucibleOfWar|HistoryPack1|Promos,Kassai,Blitz|Clash|Open|SilverAge|UltimatePitFight,,False,False,True,False,False,P2,45,manual_custom
kayo_berserker_runt,kayo_berserker_runt,"Kayo, Berserker Runt",Hero,CrucibleOfWar|HistoryPack1|Promos,Kayo,Blitz|Clash|Open|SilverAge|UltimatePitFight,,False,False,True,False,False,P2,45,manual_custom
kayo_strong_arm,kayo_strong_arm,"Kayo, Strong-arm",Hero,SuperSlam,RKO,Blitz|Clash|Draft|Open|Sealed|SilverAge|UltimatePitFight,,False,False,True,False,False,P2,45,manual_custom
kick_the_hornets_nest,kick_the_hornets_nest_yellow,Kick the Hornet's Nest,Action,SuperSlam,Arakni|Aurora|Aurora2|Azalea|Benji|Betsy|Blaze|Bolfar|Boltyn|Bravo|Brevant|Briar|Broscilio|Brutus|Chane|Cindra|Crackni|Crix|Dash|DataDoll|Dorinthea|Dromai|Enigma|Fai|Fang|Florian|Frankie|Genis|GravyBones|Hala|Ira|Iyslander|Jarl|Kano|Kassai|Katsu|Kavdaen|Kayo|Kox|Levia|Lexi|Librarian|Lyath|Marlynn|Maxx|Melody|Nuu|Oldhim|Olympia|Oscilio|Pleiades|Prism|Puffin|RKO|Reya|Rhinar|Riptide|Ruudi|Scurv|Shiyana|Slippy|Squizzy|Starvo|Taipanis|Taylor|Teklovossen|Terra|Theryon|Tuffnut|Uzuri|Valda|Verdance|Victor|Viserai|Vynnset|Yoji|Yorick|Zen|Zyggy,Blitz|ClassicConstructed|Draft|LivingLegend|Open|Sealed|UltimatePitFight,,False,False,True,False,False,P2,45,manual_custom
knick_knack_bric_a_brac,knick_knack_bric_a_brac_red,Knick Knack Bric-a-brac,Action,Everfest,Arakni|Aurora|Aurora2|Azalea|Benji|Betsy|Blaze|Bolfar|Boltyn|Bravo|Brevant|Briar|Broscilio|Brutus|Chane|Cindra|Crackni|Crix|Dash|DataDoll|Dorinthea|Dromai|Emperor|Enigma|Fai|Fang|Florian|Frankie|Genis|GravyBones|Hala|Ira|Iyslander|Jarl|Kano|Kassai|Katsu|Kavdaen|Kayo|Kox|Levia|Lexi|Librarian|Lyath|Marlynn|Maxx|Melody|Nuu|Oldhim|Olympia|Oscilio|Pleiades|Prism|Puffin|RKO|Reya|Rhinar|Riptide|Ruudi|Scurv|Shiyana|Slippy|Squizzy|Starvo|Taipanis|Taylor|Teklovossen|Terra|Theryon|Tuffnut|Uzuri|Valda|Verdance|Victor|Viserai|Vynnset|Yoji|Yorick|Zen|Zyggy,Blitz|ClassicConstructed|LivingLegend|Open|UltimatePitFight,,False,False,True,False,False,P2,45,manual_custom
knives_out,knives_out_blue,Knives Out,AttackReaction,Outsiders,Arakni|Benji|Cindra|Crackni|Fai|Ira|Katsu|Nuu|Slippy|Uzuri|Zen,Blitz|ClassicConstructed|Draft|LivingLegend|Open|Sealed|UltimatePitFight,,False,False,True,False,False,P2,45,manual_custom
krakens_aethervein,krakens_aethervein,Kraken's Aethervein,Weapon,Everfest,Blaze|Broscilio|Emperor|Iyslander|Kano|Oscilio|Verdance,Blitz|Clash|Open|UltimatePitFight,,False,False,True,False,False,P2,45,manual_custom
lay_low,lay_low_yellow,Lay Low,DefenseReaction,TheHunted,Arakni|Aurora|Aurora2|Azalea|Benji|Betsy|Blaze|Bolfar|Boltyn|Bravo|Brevant|Briar|Broscilio|Brutus|Chane|Cindra|Crackni|Crix|Dash|DataDoll|Dorinthea|Dromai|Enigma|Fai|Fang|Florian|Frankie|Genis|GravyBones|Hala|Ira|Iyslander|Jarl|Kano|Kassai|Katsu|Kavdaen|Kayo|Kox|Levia|Lexi|Librarian|Lyath|Marlynn|Maxx|Melody|Nuu|Oldhim|Olympia|Oscilio|Pleiades|Prism|Puffin|RKO|Reya|Rhinar|Riptide|Ruudi|Scurv|Shiyana|Slippy|Squizzy|Starvo|Taipanis|Taylor|Teklovossen|Terra|Theryon|Tuffnut|Uzuri|Valda|Verdance|Victor|Viserai|Vynnset|Yoji|Yorick|Zen|Zyggy,Blitz|Clash|ClassicConstructed|Draft|LivingLegend|Open|Sealed|SilverAge|UltimatePitFight,,False,False,True,False,False,P2,45,manual_custom
leave_em_speechless,leave_em_speechless_blue,Leave 'Em Speechless,Action,CompendiumOfRathe,Lyath|RKO,Blitz|ClassicConstructed|LivingLegend|Open|UltimatePitFight,,False,False,True,False,False,P2,45,manual_custom
lightning_press,lightning_press_blue|lightning_press_red|lightning_press_yellow,Lightning Press,Instant,ArmoryDeckAurora|LexiBlitzDeck|Promos|TalesOfAria,Aurora|Aurora2|Briar|Broscilio|Lexi|Oscilio|Starvo|Zyggy,Blitz|Clash|ClassicConstructed|Draft|LivingLegend|Open|Sealed|UltimatePitFight,,False,False,True,False,False,P2,45,manual_custom
little_big_foot,little_big_foot_blue|little_big_foot_red|little_big_foot_yellow,Little Big Foot,Action,MasteryPackGuardian,Betsy|Bolfar|Bravo|Brevant|Crix|Jarl|Kox|Lyath|Oldhim|Pleiades|Reya|Starvo|Terra|Valda|Victor|Yoji,Blitz|Clash|ClassicConstructed|LivingLegend|Open|SilverAge|UltimatePitFight,,False,False,True,False,False,P2,45,manual_custom
long_shot,long_shot_blue|long_shot_red|long_shot_yellow,Long Shot,Action,Dynasty,Azalea|Lexi|Marlynn|Riptide,Blitz|Clash|ClassicConstructed|LivingLegend|Open|SilverAge|UltimatePitFight,,False,False,True,False,False,P2,45,manual_custom
long_whisker_loyalty,long_whisker_loyalty_red,Long Whisker Loyalty,AttackReaction,Promos|TheHunted,Emperor|Fang,Blitz|ClassicConstructed|Draft|LivingLegend|Open|Sealed|UltimatePitFight,,False,False,True,False,False,P2,45,manual_custom
look_tuff,look_tuff_red,Look Tuff,Action,EnigmaSilverAgeDeck|IyslanderSilverAgeDeck|SuperSlam,Arakni|Aurora|Aurora2|Azalea|Benji|Betsy|Blaze|Bolfar|Boltyn|Bravo|Brevant|Briar|Broscilio|Brutus|Chane|Cindra|Crackni|Crix|Dash|DataDoll|Dorinthea|Dromai|Emperor|Enigma|Fai|Fang|Florian|Frankie|Genis|GravyBones|Hala|Ira|Iyslander|Jarl|Kano|Kassai|Katsu|Kavdaen|Kayo|Kox|Levia|Lexi|Librarian|Lyath|Marlynn|Maxx|Melody|Nuu|Oldhim|Olympia|Oscilio|Pleiades|Prism|Puffin|RKO|Reya|Rhinar|Riptide|Ruudi|Scurv|Shiyana|Slippy|Squizzy|Starvo|Taipanis|Taylor|Teklovossen|Terra|Theryon|Tuffnut|Uzuri|Valda|Verdance|Victor|Viserai|Vynnset|Yoji|Yorick|Zen|Zyggy,Blitz|Clash|ClassicConstructed|Draft|LivingLegend|Open|Sealed|SilverAge|UltimatePitFight,,False,False,True,False,False,P2,45,manual_custom
looming_doom,looming_doom_blue,Looming Doom,Action,Dynasty,Aurora|Aurora2|Briar|Chane|Florian|Viserai|Vynnset,Blitz|ClassicConstructed|LivingLegend|Open|UltimatePitFight,,False,False,True,False,False,P2,45,manual_custom
lord_sutcliffe,lord_sutcliffe,Lord Sutcliffe,Mentor,ChaneBlitzDeck|Promos,Aurora|Aurora2|Briar|Chane|Florian|Viserai|Vynnset,Blitz|Clash|Open|UltimatePitFight,,False,False,True,False,False,P2,45,manual_custom
low_blow,low_blow_red,Low Blow,Action,GEM|SuperSlam,Lyath|RKO,Blitz|Clash|ClassicConstructed|Draft|LivingLegend|Open|Sealed|SilverAge|UltimatePitFight,,False,False,True,False,False,P2,45,manual_custom
lubricate,lubricate_blue,Lubricate,Instant,GEM|HighSeas,Dash|DataDoll|Maxx|Puffin|Teklovossen,Blitz|Clash|ClassicConstructed|Draft|LivingLegend|Open|Sealed|SilverAge|UltimatePitFight,,False,False,True,False,False,P2,45,manual_custom
lunartide_plunderer,lunartide_plunderer_blue|lunartide_plunderer_red|lunartide_plunderer_yellow,Lunartide Plunderer,Action,Monarch,Chane|Levia|Vynnset,Blitz|Clash|ClassicConstructed|Draft|LivingLegend|Open|Sealed|SilverAge|UltimatePitFight,,False,False,True,False,False,P2,45,manual_custom
lunging_press,lunging_press_blue,Lunging Press,AttackReaction,BenjiBlitzDeck|BetsyBlitzDeck|CrucibleOfWar|HeavyHitters|IraWelcomeDeck|KatsuBlitzDeck|KatsuHeroDeck,Arakni|Aurora|Aurora2|Azalea|Benji|Betsy|Blaze|Bolfar|Boltyn|Bravo|Brevant|Briar|Broscilio|Brutus|Chane|Cindra|Crackni|Crix|Dash|DataDoll|Dorinthea|Dromai|Enigma|Fai|Fang|Florian|Frankie|Genis|GravyBones|Hala|Ira|Iyslander|Jarl|Kano|Kassai|Katsu|Kavdaen|Kayo|Kox|Levia|Lexi|Librarian|Lyath|Marlynn|Maxx|Melody|Nuu|Oldhim|Olympia|Oscilio|Pleiades|Prism|Puffin|RKO|Reya|Rhinar|Riptide|Ruudi|Scurv|Shiyana|Slippy|Squizzy|Starvo|Taipanis|Taylor|Teklovossen|Terra|Theryon|Tuffnut|Uzuri|Valda|Verdance|Victor|Viserai|Vynnset|Yoji|Yorick|Zen|Zyggy,Blitz|Clash|ClassicConstructed|Draft|LivingLegend|Open|Sealed|SilverAge|UltimatePitFight,,False,False,True,False,False,P2,45,manual_custom
mage_hunter_arrow,mage_hunter_arrow_red,Mage Hunter Arrow,Action,SuperSlam,Azalea|Lexi|Marlynn|Riptide,Blitz|ClassicConstructed|LivingLegend|Open|UltimatePitFight,,False,False,True,False,False,P2,45,manual_custom
mark_of_lightning,mark_of_lightning,Mark of Lightning,Equipment,LexiBlitzDeck|TalesOfAria,Aurora|Aurora2|Briar|Broscilio|Lexi|Oscilio|Starvo|Taylor|Zyggy,Blitz|Clash|ClassicConstructed|Draft|LivingLegend|Open|Sealed|SilverAge|UltimatePitFight,,False,False,True,False,False,P2,45,manual_custom
mask_of_three_tails,mask_of_three_tails,Mask of Three Tails,Equipment,Promos|RoundTheTable,Benji|Cindra|Fai|Ira|Katsu|Taylor|Zen,Blitz|ClassicConstructed|LivingLegend|Open|UltimatePitFight,,False,False,True,False,False,P2,45,manual_custom
maul,maul_yellow,Maul,AttackReaction,PartTheMistveil,Benji|Cindra|Fai|Ira|Katsu|Zen,Blitz|ClassicConstructed|Draft|LivingLegend|Open|Sealed|UltimatePitFight,,False,False,True,False,False,P2,45,manual_custom
maximum_velocity,maximum_velocity_red,Maximum Velocity,Action,ArcaneRising|ArmoryDeckDash|BrightLights,Dash|DataDoll|Maxx|Puffin|Teklovossen,Blitz|ClassicConstructed|Draft|LivingLegend|Open|Sealed|UltimatePitFight,,False,False,True,False,False,P2,45,manual_custom
meganetic_shockwave,meganetic_shockwave_blue,Meganetic Shockwave,Action,CrucibleOfWar,Dash|DataDoll|Maxx|Puffin|Teklovossen,Blitz|ClassicConstructed|LivingLegend|Open|UltimatePitFight,,False,False,True,False,False,P2,45,manual_custom
memorial_ground,memorial_ground_blue|memorial_ground_red|memorial_ground_yellow,Memorial Ground,Instant,Monarch|Promos,Arakni|Aurora|Aurora2|Azalea|Benji|Betsy|Blaze|Bolfar|Boltyn|Bravo|Brevant|Briar|Broscilio|Brutus|Chane|Cindra|Crackni|Crix|Dash|DataDoll|Dorinthea|Dromai|Emperor|Enigma|Fai|Fang|Florian|Frankie|Genis|GravyBones|Hala|Ira|Iyslander|Jarl|Kano|Kassai|Katsu|Kavdaen|Kayo|Kox|Levia|Lexi|Librarian|Lyath|Marlynn|Maxx|Melody|Nuu|Oldhim|Olympia|Oscilio|Pleiades|Prism|Puffin|RKO|Reya|Rhinar|Riptide|Ruudi|Scurv|Shiyana|Slippy|Squizzy|Starvo|Taipanis|Taylor|Teklovossen|Terra|Theryon|Tuffnut|Uzuri|Valda|Verdance|Victor|Viserai|Vynnset|Yoji|Yorick|Zen|Zyggy,Blitz|Clash|ClassicConstructed|Draft|LivingLegend|Open|Sealed|SilverAge|UltimatePitFight,,False,False,True,False,False,P2,45,manual_custom
mental_block,mental_block_blue,Mental Block,Block,Rosetta,Blaze|Broscilio|Iyslander|Kano|Oscilio|Verdance,Blitz|ClassicConstructed|Draft|LivingLegend|Open|Sealed|UltimatePitFight,,False,False,True,False,False,P2,45,manual_custom
mindstate_of_tiger,mindstate_of_tiger_blue,Mindstate of Tiger,Action,Dynasty,Benji|Cindra|Fai|Ira|Katsu|Zen,Blitz|ClassicConstructed|LivingLegend|Open|UltimatePitFight,,False,False,True,False,False,P2,45,manual_custom
minerva_themis,minerva_themis,Minerva Themis,Mentor,BoltynBlitzDeck|Promos,Boltyn|Dorinthea|Fang|Hala|Kassai|Olympia,Blitz|Clash|Open|UltimatePitFight,,False,False,True,False,False,P2,45,manual_custom
miragai,miragai,Miragai,,Uprising,Dromai,Blitz|Clash|ClassicConstructed|Draft|LivingLegend|Open|Sealed|SilverAge|UltimatePitFight,,False,False,True,False,False,P2,45,manual_custom
money_or_your_life,money_or_your_life_blue|money_or_your_life_red|money_or_your_life_yellow,Money or Your Life?,Action,HighSeas,Arakni|Aurora|Aurora2|Azalea|Benji|Betsy|Blaze|Bolfar|Boltyn|Bravo|Brevant|Briar|Broscilio|Brutus|Chane|Cindra|Crackni|Crix|Dash|DataDoll|Dorinthea|Dromai|Emperor|Enigma|Fai|Fang|Florian|Frankie|Genis|GravyBones|Hala|Ira|Iyslander|Jarl|Kano|Kassai|Katsu|Kavdaen|Kayo|Kox|Levia|Lexi|Librarian|Lyath|Marlynn|Maxx|Melody|Nuu|Oldhim|Olympia|Oscilio|Pleiades|Prism|Puffin|RKO|Reya|Rhinar|Riptide|Ruudi|Scurv|Shiyana|Slippy|Squizzy|Starvo|Taipanis|Taylor|Teklovossen|Terra|Theryon|Tuffnut|Uzuri|Valda|Verdance|Victor|Viserai|Vynnset|Yoji|Yorick|Zen|Zyggy,Blitz|Clash|ClassicConstructed|Draft|LivingLegend|Open|Sealed|SilverAge|UltimatePitFight,,False,False,True,False,False,P2,45,manual_custom
monolith_of_galcia,monolith_of_galcia_blue,Monolith of Galcia,Action,CompendiumOfRathe,Jarl|Oldhim|Starvo,Blitz|Clash|ClassicConstructed|LivingLegend|Open|SilverAge|UltimatePitFight,,False,False,True,False,False,P2,45,manual_custom
moon_chakra,moon_chakra_blue|moon_chakra_red|moon_chakra_yellow,Moon Chakra,Instant,PartTheMistveil|Promos,Enigma,Blitz|Clash|ClassicConstructed|Draft|LivingLegend|Open|Sealed|SilverAge|UltimatePitFight,,False,False,True,False,False,P2,45,manual_custom
moon_wish,moon_wish_blue|moon_wish_red|moon_wish_yellow,Moon Wish,Action,ArcaneRising,Arakni|Aurora|Aurora2|Azalea|Benji|Betsy|Blaze|Bolfar|Boltyn|Bravo|Brevant|Briar|Broscilio|Brutus|Chane|Cindra|Crackni|Crix|Dash|DataDoll|Dorinthea|Dromai|Emperor|Enigma|Fai|Fang|Florian|Frankie|Genis|GravyBones|Hala|Ira|Iyslander|Jarl|Kano|Kassai|Katsu|Kavdaen|Kayo|Kox|Levia|Lexi|Librarian|Lyath|Marlynn|Maxx|Melody|Nuu|Oldhim|Olympia|Oscilio|Pleiades|Prism|Puffin|RKO|Reya|Rhinar|Riptide|Ruudi|Scurv|Shiyana|Slippy|Squizzy|Starvo|Taipanis|Taylor|Teklovossen|Terra|Theryon|Tuffnut|Uzuri|Valda|Verdance|Victor|Viserai|Vynnset|Yoji|Yorick|Zen|Zyggy,Blitz|Clash|ClassicConstructed|Draft|LivingLegend|Open|Sealed|SilverAge|UltimatePitFight,,False,False,True,False,False,P2,45,manual_custom
morlock_hill,morlock_hill_blue,Morlock Hill,Instant,DuskTillDawn,Boltyn|Dorinthea|Fang|Hala|Kassai|Olympia,Blitz|ClassicConstructed|LivingLegend|Open|UltimatePitFight,,False,False,True,False,False,P2,45,manual_custom
murkmire_grapnel,murkmire_grapnel_blue|murkmire_grapnel_red|murkmire_grapnel_yellow,Murkmire Grapnel,Action,AzaleaBlitzDeck|AzaleaSilverAgeDeck|Outsiders|RiptideBlitzDeck,Azalea|Lexi|Marlynn|Riptide,Blitz|Clash|ClassicConstructed|Draft|LivingLegend|Open|Sealed|SilverAge|UltimatePitFight,,False,False,True,False,False,P2,45,manual_custom
nasty_surprise,nasty_surprise_blue,Nasty Surprise,Action,HeavyHitters,Arakni|Aurora|Aurora2|Azalea|Benji|Betsy|Blaze|Bolfar|Boltyn|Bravo|Brevant|Briar|Broscilio|Brutus|Chane|Cindra|Crackni|Crix|Dash|DataDoll|Dorinthea|Dromai|Enigma|Fai|Fang|Florian|Frankie|Genis|GravyBones|Hala|Ira|Iyslander|Jarl|Kano|Kassai|Katsu|Kavdaen|Kayo|Kox|Levia|Lexi|Librarian|Lyath|Marlynn|Maxx|Melody|Nuu|Oldhim|Olympia|Oscilio|Pleiades|Prism|Puffin|RKO|Reya|Rhinar|Riptide|Ruudi|Scurv|Shiyana|Slippy|Squizzy|Starvo|Taipanis|Taylor|Teklovossen|Terra|Theryon|Tuffnut|Uzuri|Valda|Verdance|Victor|Viserai|Vynnset|Yoji|Yorick|Zen|Zyggy,Blitz|ClassicConstructed|Draft|LivingLegend|Open|Sealed|UltimatePitFight,,False,False,True,False,False,P2,45,manual_custom
nekria,nekria,Nekria,,Uprising,Dromai,Blitz|Clash|ClassicConstructed|Draft|LivingLegend|Open|Sealed|SilverAge|UltimatePitFight,,False,False,True,False,False,P2,45,manual_custom
nerves_of_steel,nerves_of_steel_blue,Nerves of Steel,Action,Everfest,Betsy|Bolfar|Bravo|Brevant|Crix|Jarl|Kox|Lyath|Oldhim|Pleiades|Reya|Starvo|Terra|Valda|Victor|Yoji,Blitz|ClassicConstructed|LivingLegend|Open|UltimatePitFight,,False,False,True,False,False,P2,45,manual_custom
nettling_shot,nettling_shot_red,Nettling Shot,Action,HighSeas,Azalea|Lexi|Marlynn|Riptide,Blitz|Clash|ClassicConstructed|Draft|LivingLegend|Open|Sealed|SilverAge|UltimatePitFight,,False,False,True,False,False,P2,45,manual_custom
never_give_up,never_give_up_yellow,Never Give Up,Block,ArmoryDeckPleiades|SuperSlam,Pleiades|Tuffnut,Blitz|ClassicConstructed|Draft|LivingLegend|Open|Sealed|UltimatePitFight,,False,False,True,False,False,P2,45,manual_custom
nimby,nimby_blue|nimby_red|nimby_yellow,Nimby,Action,GEM|HighSeas,Arakni|Aurora|Aurora2|Azalea|Benji|Betsy|Blaze|Bolfar|Boltyn|Bravo|Brevant|Briar|Broscilio|Brutus|Chane|Cindra|Crackni|Crix|Dash|DataDoll|Dorinthea|Dromai|Emperor|Enigma|Fai|Fang|Florian|Frankie|Genis|GravyBones|Hala|Ira|Iyslander|Jarl|Kano|Kassai|Katsu|Kavdaen|Kayo|Kox|Levia|Lexi|Librarian|Lyath|Marlynn|Maxx|Melody|Nuu|Oldhim|Olympia|Oscilio|Pleiades|Prism|Puffin|RKO|Reya|Rhinar|Riptide|Ruudi|Scurv|Shiyana|Slippy|Squizzy|Starvo|Taipanis|Taylor|Teklovossen|Terra|Theryon|Tuffnut|Uzuri|Valda|Verdance|Victor|Viserai|Vynnset|Yoji|Yorick|Zen|Zyggy,Blitz|ClassicConstructed|Draft|LivingLegend|Open|Sealed|UltimatePitFight,,False,False,True,False,False,P2,45,manual_custom
ninth_blade_of_the_blood_oath,ninth_blade_of_the_blood_oath_yellow,Ninth Blade of the Blood Oath,Action,ArcaneRising|ArmoryDeckLegendsViserai,Aurora|Aurora2|Briar|Chane|Florian|Viserai|Vynnset,Blitz|ClassicConstructed|Draft|LivingLegend|Open|Sealed|UltimatePitFight,,False,False,True,False,False,P2,45,manual_custom
no_fear,no_fear_red,No Fear,Instant,HeavyHitters,Kayo|Levia|RKO|Rhinar|Tuffnut,Blitz|ClassicConstructed|Draft|LivingLegend|Open|Sealed|UltimatePitFight,,False,False,True,False,False,P2,45,manual_custom
numbskull,numbskull_red,Numbskull,Action,DuskTillDawn,Kayo|Levia|RKO|Rhinar|Tuffnut,Blitz|ClassicConstructed|LivingLegend|Open|UltimatePitFight,,False,False,True,False,False,P2,45,manual_custom
nuu,nuu,Nuu,Hero,NuuBlitzDeck|PartTheMistveil,Nuu,Blitz|Clash|Draft|Open|Sealed|SilverAge|UltimatePitFight,,False,False,True,False,False,P2,45,manual_custom
nuu_alluring_desire,nuu_alluring_desire,"Nuu, Alluring Desire",Hero,PartTheMistveil|Promos,Nuu,LivingLegend|Open,,False,False,True,False,False,P2,45,manual_custom
oasis_respite,oasis_respite_blue|oasis_respite_red|oasis_respite_yellow,Oasis Respite,Instant,ArmoryDeckLegendsPrism|DorintheaSilverAgeDeck|DromaiBlitzDeck|EnigmaSilverAgeDeck|Promos|Uprising,Arakni|Aurora|Aurora2|Azalea|Benji|Betsy|Blaze|Bolfar|Boltyn|Bravo|Brevant|Briar|Broscilio|Brutus|Chane|Cindra|Crackni|Crix|Dash|DataDoll|Dorinthea|Dromai|Emperor|Enigma|Fai|Fang|Florian|Frankie|Genis|GravyBones|Hala|Ira|Iyslander|Jarl|Kano|Kassai|Katsu|Kavdaen|Kayo|Kox|Levia|Lexi|Librarian|Lyath|Marlynn|Maxx|Melody|Nuu|Oldhim|Olympia|Oscilio|Pleiades|Prism|Puffin|RKO|Reya|Rhinar|Riptide|Ruudi|Scurv|Shiyana|Slippy|Squizzy|Starvo|Taipanis|Taylor|Teklovossen|Terra|Theryon|Tuffnut|Uzuri|Valda|Verdance|Victor|Viserai|Vynnset|Yoji|Yorick|Zen|Zyggy,Blitz|Clash|ClassicConstructed|Draft|LivingLegend|Open|Sealed|SilverAge|UltimatePitFight,,False,False,True,False,False,P2,45,manual_custom
offensive_behavior,offensive_behavior_blue,Offensive Behavior,Action,Promos|SuperSlam,RKO,Blitz|Clash|ClassicConstructed|Draft|LivingLegend|Open|Sealed|SilverAge|UltimatePitFight,,False,False,True,False,False,P2,45,manual_custom
old_leather_and_vim,old_leather_and_vim_red,Old Leather and Vim,Action,Promos|SuperSlam,Tuffnut,Blitz|Clash|ClassicConstructed|Draft|LivingLegend|Open|Sealed|SilverAge|UltimatePitFight,,False,False,True,False,False,P2,45,manual_custom
on_the_horizon,on_the_horizon_blue|on_the_horizon_red|on_the_horizon_yellow,On the Horizon,Block,EnigmaSilverAgeDeck|GEM|HighSeas|IyslanderSilverAgeDeck,Arakni|Aurora|Aurora2|Azalea|Benji|Betsy|Blaze|Bolfar|Boltyn|Bravo|Brevant|Briar|Broscilio|Brutus|Chane|Cindra|Crackni|Crix|Dash|DataDoll|Dorinthea|Dromai|Emperor|Enigma|Fai|Fang|Florian|Frankie|Genis|GravyBones|Hala|Ira|Iyslander|Jarl|Kano|Kassai|Katsu|Kavdaen|Kayo|Kox|Levia|Lexi|Librarian|Lyath|Marlynn|Maxx|Melody|Nuu|Oldhim|Olympia|Oscilio|Pleiades|Prism|Puffin|RKO|Reya|Rhinar|Riptide|Ruudi|Scurv|Shiyana|Slippy|Squizzy|Starvo|Taipanis|Taylor|Teklovossen|Terra|Theryon|Tuffnut|Uzuri|Valda|Verdance|Victor|Viserai|Vynnset|Yoji|Yorick|Zen|Zyggy,Blitz|Clash|ClassicConstructed|Draft|LivingLegend|Open|Sealed|SilverAge|UltimatePitFight,,False,False,True,False,False,P2,45,manual_custom
oscilio_scion_of_the_third_age,oscilio_scion_of_the_third_age,"Oscilio, Scion of the Third Age",Hero,OmensOfTheThirdAge,Broscilio,Blitz|Clash|Draft|Open|Sealed|SilverAge|UltimatePitFight,,False,False,True,False,False,P2,45,manual_custom
outside_interference,outside_interference_blue,Outside Interference,Action,SuperSlam,RKO,Blitz|ClassicConstructed|Draft|LivingLegend|Open|Sealed|UltimatePitFight,,False,False,True,False,False,P2,45,manual_custom
overblast,overblast_blue|overblast_red|overblast_yellow,Overblast,Action,CrucibleOfWar|DashSilverAgeDeck,Dash|DataDoll|Maxx|Puffin|Teklovossen,Blitz|Clash|ClassicConstructed|LivingLegend|Open|SilverAge|UltimatePitFight,,False,False,True,False,False,P2,45,manual_custom
pack_call,pack_call_blue|pack_call_red|pack_call_yellow,Pack Call,Action,HeavyHitters,Kayo|Levia|RKO|Rhinar|Tuffnut,Blitz|Clash|ClassicConstructed|Draft|LivingLegend|Open|Sealed|SilverAge|UltimatePitFight,,False,False,True,False,False,P2,45,manual_custom
palantir_aeronought,palantir_aeronought_red,Palantir Aeronought,Action,HighSeas,Dash|DataDoll|Maxx|Puffin|Teklovossen,Blitz|ClassicConstructed|Draft|LivingLegend|Open|Sealed|UltimatePitFight,,False,False,True,False,False,P2,45,manual_custom
parched_terrain,parched_terrain_red,Parched Terrain,Instant,SuperSlam,Cindra|Dromai|Emperor|Fai|Fang|Taipanis,Blitz|ClassicConstructed|LivingLegend|Open|UltimatePitFight,,False,False,True,False,False,P2,45,manual_custom
patch_the_hole,patch_the_hole,Patch the Hole,Equipment,HighSeas,Azalea|Lexi|Marlynn|Riptide|Taylor,Blitz|Clash|ClassicConstructed|Draft|LivingLegend|Open|Sealed|SilverAge|UltimatePitFight,,False,False,True,False,False,P2,45,manual_custom
pathing_helix,pathing_helix_blue|pathing_helix_red|pathing_helix_yellow,Pathing Helix,Action,CrucibleOfWar,Azalea|Lexi|Marlynn|Riptide,Blitz|Clash|ClassicConstructed|LivingLegend|Open|SilverAge|UltimatePitFight,,False,False,True,False,False,P2,45,manual_custom
pay_day,pay_day_blue,Pay Day,Action,Dynasty,Arakni|Crackni|Nuu|Slippy|Uzuri,Blitz|ClassicConstructed|LivingLegend|Open|UltimatePitFight,,False,False,True,False,False,P2,45,manual_custom
pendulum_trap,pendulum_trap_yellow,Pendulum Trap,DefenseReaction,Outsiders|Promos|RiptideBlitzDeck,Azalea|Lexi|Marlynn|Riptide,Blitz|Clash|ClassicConstructed|Draft|LivingLegend|Open|Sealed|SilverAge|UltimatePitFight,,False,False,True,False,False,P2,45,manual_custom
pilfer_the_tomb,pilfer_the_tomb_blue,Pilfer the Tomb,Instant,CompendiumOfRathe,Arakni|Aurora|Aurora2|Azalea|Benji|Betsy|Blaze|Bolfar|Boltyn|Bravo|Brevant|Briar|Broscilio|Brutus|Chane|Cindra|Crackni|Crix|Dash|DataDoll|Dorinthea|Dromai|Enigma|Fai|Fang|Florian|Frankie|Genis|GravyBones|Hala|Ira|Iyslander|Jarl|Kano|Kassai|Katsu|Kavdaen|Kayo|Kox|Levia|Lexi|Librarian|Lyath|Marlynn|Maxx|Melody|Nuu|Oldhim|Olympia|Oscilio|Pleiades|Prism|Puffin|RKO|Reya|Rhinar|Riptide|Ruudi|Scurv|Shiyana|Slippy|Squizzy|Starvo|Taipanis|Taylor|Teklovossen|Terra|Theryon|Tuffnut|Uzuri|Valda|Verdance|Victor|Viserai|Vynnset|Yoji|Yorick|Zen|Zyggy,Blitz|Clash|ClassicConstructed|LivingLegend|Open|SilverAge|UltimatePitFight,,False,False,True,False,False,P2,45,manual_custom
pitfall_trap,pitfall_trap_yellow,Pitfall Trap,DefenseReaction,CrucibleOfWar|LexiBlitzDeck|Promos,Azalea|Lexi|Marlynn|Riptide,Blitz|Clash|ClassicConstructed|LivingLegend|Open|SilverAge|UltimatePitFight,,False,False,True,False,False,P2,45,manual_custom
plan_for_the_worst,plan_for_the_worst_blue,Plan for the Worst,Action,Rosetta,Azalea|Lexi|Marlynn|Riptide,Blitz|ClassicConstructed|LivingLegend|Open|UltimatePitFight,,False,False,True,False,False,P2,45,manual_custom
plasma_mainline,plasma_mainline_red,Plasma Mainline,Action,Dynasty,Dash|DataDoll|Maxx|Puffin|Teklovossen,Blitz|ClassicConstructed|LivingLegend|Open|UltimatePitFight,,False,False,True,False,False,P2,45,manual_custom
plume_of_evergrowth,plume_of_evergrowth,Plume of Evergrowth,Equipment,BriarBlitzDeck|Promos|TalesOfAria,Briar|Florian|Jarl|Oldhim|Starvo|Taylor|Terra|Verdance,Blitz|Clash|Draft|LivingLegend|Open|Sealed|SilverAge|UltimatePitFight,,False,False,True,False,False,P2,45,manual_custom
poison_the_well,poison_the_well_blue,Poison the Well,Instant,DuskTillDawn|Promos,Arakni|Aurora|Aurora2|Azalea|Benji|Betsy|Blaze|Bolfar|Boltyn|Bravo|Brevant|Briar|Broscilio|Brutus|Chane|Cindra|Crackni|Crix|Dash|DataDoll|Dorinthea|Dromai|Enigma|Fai|Fang|Florian|Frankie|Genis|GravyBones|Hala|Ira|Iyslander|Jarl|Kano|Kassai|Katsu|Kavdaen|Kayo|Kox|Levia|Lexi|Librarian|Lyath|Marlynn|Maxx|Melody|Nuu|Oldhim|Olympia|Oscilio|Pleiades|Prism|Puffin|RKO|Reya|Rhinar|Riptide|Ruudi|Scurv|Shiyana|Slippy|Squizzy|Starvo|Taipanis|Taylor|Teklovossen|Terra|Theryon|Tuffnut|Uzuri|Valda|Verdance|Victor|Viserai|Vynnset|Yoji|Yorick|Zen|Zyggy,Blitz|ClassicConstructed|LivingLegend|Open|UltimatePitFight,,False,False,True,False,False,P2,45,manual_custom
potion_of_deja_vu,potion_of_deja_vu_blue,Potion of Déjà Vu,Action,Everfest,Arakni|Aurora|Aurora2|Azalea|Benji|Betsy|Blaze|Bolfar|Boltyn|Bravo|Brevant|Briar|Broscilio|Brutus|Chane|Cindra|Crackni|Crix|Dash|DataDoll|Dorinthea|Dromai|Enigma|Fai|Fang|Florian|Frankie|Genis|GravyBones|Hala|Ira|Iyslander|Jarl|Kano|Kassai|Katsu|Kavdaen|Kayo|Kox|Levia|Lexi|Librarian|Lyath|Marlynn|Maxx|Melody|Nuu|Oldhim|Olympia|Oscilio|Pleiades|Prism|Puffin|RKO|Reya|Rhinar|Riptide|Ruudi|Scurv|Shiyana|Slippy|Squizzy|Starvo|Taipanis|Taylor|Teklovossen|Terra|Theryon|Tuffnut|Uzuri|Valda|Verdance|Victor|Viserai|Vynnset|Yoji|Yorick|Zen|Zyggy,Blitz|Clash|ClassicConstructed|LivingLegend|Open|SilverAge|UltimatePitFight,,False,False,True,False,False,P2,45,manual_custom
powder_keg,powder_keg_blue,Powder Keg,Action,Dynasty,Dash|DataDoll|Maxx|Puffin|Teklovossen,Blitz|ClassicConstructed|LivingLegend|Open|UltimatePitFight,,False,False,True,False,False,P2,45,manual_custom
preach_modesty,preach_modesty_red,Preach Modesty,Action,HighSeas,Benji|Cindra|Fai|Ira|Katsu|Zen,Blitz|ClassicConstructed|LivingLegend|Open|UltimatePitFight,,False,False,True,False,False,P2,45,manual_custom
proclamation_of_abundance,proclamation_of_abundance,Proclamation of Abundance,Equipment,Promos,Brutus|Librarian|Taipanis|Taylor|Theryon,Open|UltimatePitFight,,False,False,True,False,False,P2,45,manual_custom
proclamation_of_combat,proclamation_of_combat,Proclamation of Combat,Equipment,Promos,Brutus|Librarian|Taipanis|Taylor|Theryon,Open|UltimatePitFight,,False,False,True,False,False,P2,45,manual_custom
proclamation_of_production,proclamation_of_production,Proclamation of Production,Equipment,Promos,Brutus|Librarian|Taipanis|Taylor|Theryon,Open|UltimatePitFight,,False,False,True,False,False,P2,45,manual_custom
proclamation_of_requisition,proclamation_of_requisition,Proclamation of Requisition,Equipment,Promos,Brutus|Librarian|Taipanis|Taylor|Theryon,Open|UltimatePitFight,,False,False,True,False,False,P2,45,manual_custom
professor_teklovossen,professor_teklovossen,Professor Teklovossen,Hero,Promos|RoundTheTable,Teklovossen,Blitz|Clash|Open|UltimatePitFight,,False,False,True,False,False,P2,45,manual_custom
provoke,provoke_blue,Provoke,AttackReaction,TheHunted,Boltyn|Dorinthea|Fang|Hala|Kassai|Olympia,Blitz|ClassicConstructed|Draft|LivingLegend|Open|Sealed|UltimatePitFight,,False,False,True,False,False,P2,45,manual_custom
prowess_of_agility,prowess_of_agility_blue,Prowess of Agility,Action,TheHunted,Benji|Cindra|Fai|Ira|Katsu|Zen,Blitz|ClassicConstructed|Draft|LivingLegend|Open|Sealed|UltimatePitFight,,False,False,True,False,False,P2,45,manual_custom
pry,pry_blue|pry_red|pry_yellow,Pry,Action,Everfest,Blaze|Broscilio|Emperor|Iyslander|Kano|Oscilio|Verdance,Blitz|Clash|ClassicConstructed|LivingLegend|Open|SilverAge|UltimatePitFight,,False,False,True,False,False,P2,45,manual_custom
pulsing_cardia,pulsing_cardia_blue|pulsing_cardia_red|pulsing_cardia_yellow,Pulsing Cardia,Action,OmensOfTheThirdAge,Zyggy,Blitz|Clash|ClassicConstructed|Draft|LivingLegend|Open|Sealed|SilverAge|UltimatePitFight,,False,False,True,False,False,P2,45,manual_custom
pursuit_of_knowledge,pursuit_of_knowledge_blue,Pursuit of Knowledge,Action,ArcaneRising|Promos,Arakni|Aurora|Aurora2|Azalea|Benji|Betsy|Blaze|Bolfar|Boltyn|Bravo|Brevant|Briar|Broscilio|Brutus|Chane|Cindra|Crackni|Crix|Dash|DataDoll|Dorinthea|Dromai|Enigma|Fai|Fang|Florian|Frankie|Genis|GravyBones|Hala|Ira|Iyslander|Jarl|Kano|Kassai|Katsu|Kavdaen|Kayo|Kox|Levia|Lexi|Librarian|Lyath|Marlynn|Maxx|Melody|Nuu|Oldhim|Olympia|Oscilio|Pleiades|Prism|Puffin|RKO|Reya|Rhinar|Riptide|Ruudi|Scurv|Shiyana|Slippy|Squizzy|Starvo|Taipanis|Taylor|Teklovossen|Terra|Theryon|Tuffnut|Uzuri|Valda|Verdance|Victor|Viserai|Vynnset|Yoji|Yorick|Zen|Zyggy,Blitz|ClassicConstructed|Draft|LivingLegend|Open|Sealed|UltimatePitFight,,False,False,True,False,False,P2,45,manual_custom
push_the_point,push_the_point_blue|push_the_point_red|push_the_point_yellow,Push the Point,Action,ArcaneRising,Arakni|Aurora|Aurora2|Azalea|Benji|Betsy|Blaze|Bolfar|Boltyn|Bravo|Brevant|Briar|Broscilio|Brutus|Chane|Cindra|Crackni|Crix|Dash|DataDoll|Dorinthea|Dromai|Emperor|Enigma|Fai|Fang|Florian|Frankie|Genis|GravyBones|Hala|Ira|Iyslander|Jarl|Kano|Kassai|Katsu|Kavdaen|Kayo|Kox|Levia|Lexi|Librarian|Lyath|Marlynn|Maxx|Melody|Nuu|Oldhim|Olympia|Oscilio|Pleiades|Prism|Puffin|RKO|Reya|Rhinar|Riptide|Ruudi|Scurv|Shiyana|Slippy|Squizzy|Starvo|Taipanis|Taylor|Teklovossen|Terra|Theryon|Tuffnut|Uzuri|Valda|Verdance|Victor|Viserai|Vynnset|Yoji|Yorick|Zen|Zyggy,Blitz|Clash|ClassicConstructed|Draft|LivingLegend|Open|Sealed|SilverAge|UltimatePitFight,,False,False,True,False,False,P2,45,manual_custom
put_in_context,put_in_context_blue,Put in Context,DefenseReaction,CindraBlitzDeck|DorintheaSilverAgeDeck|EnigmaSilverAgeDeck|Promos|TheHunted,Arakni|Aurora|Aurora2|Azalea|Benji|Betsy|Blaze|Bolfar|Boltyn|Bravo|Brevant|Briar|Broscilio|Brutus|Chane|Cindra|Crackni|Crix|Dash|DataDoll|Dorinthea|Dromai|Enigma|Fai|Fang|Florian|Frankie|Genis|GravyBones|Hala|Ira|Iyslander|Jarl|Kano|Kassai|Katsu|Kavdaen|Kayo|Kox|Levia|Lexi|Librarian|Lyath|Marlynn|Maxx|Melody|Nuu|Oldhim|Olympia|Oscilio|Pleiades|Prism|Puffin|RKO|Reya|Rhinar|Riptide|Ruudi|Scurv|Shiyana|Slippy|Squizzy|Starvo|Taipanis|Taylor|Teklovossen|Terra|Theryon|Tuffnut|Uzuri|Valda|Verdance|Victor|Viserai|Vynnset|Yoji|Yorick|Zen|Zyggy,Blitz|Clash|ClassicConstructed|Draft|LivingLegend|Open|Sealed|SilverAge|UltimatePitFight,,False,False,True,False,False,P2,45,manual_custom
pyroglyphic_protection,pyroglyphic_protection_blue|pyroglyphic_protection_red|pyroglyphic_protection_yellow,Pyroglyphic Protection,Action,Everfest,Blaze|Broscilio|Emperor|Iyslander|Kano|Oscilio|Verdance,Blitz|Clash|ClassicConstructed|LivingLegend|Open|SilverAge|UltimatePitFight,,False,False,True,False,False,P2,45,manual_custom
quiver_of_rustling_leaves,quiver_of_rustling_leaves,Quiver of Rustling Leaves,Equipment,Outsiders,Azalea|Lexi|Marlynn|Riptide|Taylor,Blitz|ClassicConstructed|Draft|LivingLegend|Open|Sealed|UltimatePitFight,,False,False,True,False,False,P2,45,manual_custom
radiant_forcefield,radiant_forcefield_yellow,Radiant Forcefield,Instant,DuskTillDawn,Boltyn|Librarian|Prism|Theryon,Blitz|ClassicConstructed|LivingLegend|Open|UltimatePitFight,,False,False,True,False,False,P2,45,manual_custom
rain_razors,rain_razors_yellow,Rain Razors,Instant,Everfest,Azalea|Lexi|Marlynn|Riptide,Blitz|ClassicConstructed|LivingLegend|Open|UltimatePitFight,,False,False,True,False,False,P2,45,manual_custom
rainbow_goo_trap,rainbow_goo_trap_red,Rainbow Goo Trap,DefenseReaction,CompendiumOfRathe|GEM,Azalea|Lexi|Marlynn|Riptide,Blitz|Clash|ClassicConstructed|LivingLegend|Open|SilverAge|UltimatePitFight,,False,False,True,False,False,P2,45,manual_custom
rally_the_coast_guard,rally_the_coast_guard_blue|rally_the_coast_guard_red|rally_the_coast_guard_yellow,Rally the Coast Guard,Action,HighSeas,Arakni|Aurora|Aurora2|Azalea|Benji|Betsy|Blaze|Bolfar|Boltyn|Bravo|Brevant|Briar|Broscilio|Brutus|Chane|Cindra|Crackni|Crix|Dash|DataDoll|Dorinthea|Dromai|Emperor|Enigma|Fai|Fang|Florian|Frankie|Genis|GravyBones|Hala|Ira|Iyslander|Jarl|Kano|Kassai|Katsu|Kavdaen|Kayo|Kox|Levia|Lexi|Librarian|Lyath|Marlynn|Maxx|Melody|Nuu|Oldhim|Olympia|Oscilio|Pleiades|Prism|Puffin|RKO|Reya|Rhinar|Riptide|Ruudi|Scurv|Shiyana|Slippy|Squizzy|Starvo|Taipanis|Taylor|Teklovossen|Terra|Theryon|Tuffnut|Uzuri|Valda|Verdance|Victor|Viserai|Vynnset|Yoji|Yorick|Zen|Zyggy,Blitz|Clash|ClassicConstructed|Draft|LivingLegend|Open|Sealed|SilverAge|UltimatePitFight,,False,False,True,False,False,P2,45,manual_custom
rally_the_rearguard,rally_the_rearguard_blue|rally_the_rearguard_red|rally_the_rearguard_yellow,Rally the Rearguard,Action,ArmoryDeckKayo|HeavyHitters|KayoBlitzDeck|LeviaBlitzDeck|Monarch|VictorBlitzDeck,Arakni|Aurora|Aurora2|Azalea|Benji|Betsy|Blaze|Bolfar|Boltyn|Bravo|Brevant|Briar|Broscilio|Brutus|Chane|Cindra|Crackni|Crix|Dash|DataDoll|Dorinthea|Dromai|Emperor|Enigma|Fai|Fang|Florian|Frankie|Genis|GravyBones|Hala|Ira|Iyslander|Jarl|Kano|Kassai|Katsu|Kavdaen|Kayo|Kox|Levia|Lexi|Librarian|Lyath|Marlynn|Maxx|Melody|Nuu|Oldhim|Olympia|Oscilio|Pleiades|Prism|Puffin|RKO|Reya|Rhinar|Riptide|Ruudi|Scurv|Shiyana|Slippy|Squizzy|Starvo|Taipanis|Taylor|Teklovossen|Terra|Theryon|Tuffnut|Uzuri|Valda|Verdance|Victor|Viserai|Vynnset|Yoji|Yorick|Zen|Zyggy,Blitz|Clash|ClassicConstructed|Draft|LivingLegend|Open|Sealed|SilverAge|UltimatePitFight,,False,False,True,False,False,P2,45,manual_custom
rampart_of_the_rams_head,rampart_of_the_rams_head,Rampart of the Ram's Head,Equipment,GEM|Promos|TalesOfAria,Betsy|Bolfar|Bravo|Brevant|Crix|Jarl|Kox|Lyath|Oldhim|Pleiades|Reya|Starvo|Taylor|Terra|Valda|Victor|Yoji,Blitz|ClassicConstructed|Draft|LivingLegend|Open|Sealed|UltimatePitFight,,False,False,True,False,False,P2,45,manual_custom
rapid_reflex,rapid_reflex_blue|rapid_reflex_red|rapid_reflex_yellow,Rapid Reflex,AttackReaction,Uprising,Benji|Cindra|Fai|Ira|Katsu|Zen,Blitz|Clash|ClassicConstructed|Draft|LivingLegend|Open|Sealed|SilverAge|UltimatePitFight,,False,False,True,False,False,P2,45,manual_custom
ray_of_hope,ray_of_hope_yellow,Ray of Hope,Instant,Monarch|Promos,Boltyn|Librarian|Prism|Theryon,Blitz|Clash|ClassicConstructed|Draft|LivingLegend|Open|Sealed|SilverAge|UltimatePitFight,,False,False,True,False,False,P2,45,manual_custom
reality_refractor,reality_refractor,Reality Refractor,Weapon,DuskTillDawn,Dromai|Enigma|Prism|Zyggy,Blitz|ClassicConstructed|LivingLegend|Open|UltimatePitFight,,False,False,True,False,False,P2,45,manual_custom
reaping_blade,reaping_blade,Reaping Blade,Weapon,CrucibleOfWar|HistoryPack1|Promos|ViseraiSilverAgeDeck,Aurora|Aurora2|Briar|Chane|Florian|Viserai|Vynnset,Blitz|Clash|ClassicConstructed|LivingLegend|Open|SilverAge|UltimatePitFight,,False,False,True,False,False,P2,45,manual_custom
recede_to_mistform,recede_to_mistform_blue,Recede to Mistform,Instant,CompendiumOfRathe,Enigma|Nuu|Zen,Blitz|Clash|ClassicConstructed|LivingLegend|Open|SilverAge|UltimatePitFight,,False,False,True,False,False,P2,45,manual_custom
reckless_arithmetic,reckless_arithmetic_blue,Reckless Arithmetic,Action,CompendiumOfRathe,Kayo|Levia|RKO|Rhinar|Tuffnut,Blitz|ClassicConstructed|LivingLegend|Open|UltimatePitFight,,False,False,True,False,False,P2,45,manual_custom
redwood_hammer,redwood_hammer,Redwood Hammer,Weapon,FirstStrikeTerra|Promos,Jarl|Oldhim|Starvo|Terra,Blitz|Clash|ClassicConstructed|LivingLegend|Open|SilverAge|UltimatePitFight,,False,False,True,False,False,P2,45,manual_custom
reincarnate,reincarnate_blue|reincarnate_red|reincarnate_yellow,Reincarnate,Action,Dynasty,Kayo|Levia|RKO|Rhinar|Tuffnut,Blitz|Clash|ClassicConstructed|LivingLegend|Open|SilverAge|UltimatePitFight,,False,False,True,False,False,P2,45,manual_custom
reinforce_steel,reinforce_steel_blue|reinforce_steel_red|reinforce_steel_yellow,Reinforce Steel,Action,Dynasty,Betsy|Bolfar|Bravo|Brevant|Crix|Jarl|Kox|Lyath|Oldhim|Pleiades|Reya|Starvo|Terra|Valda|Victor|Yoji,Blitz|Clash|ClassicConstructed|LivingLegend|Open|SilverAge|UltimatePitFight,,False,False,True,False,False,P2,45,manual_custom
remembrance,remembrance_yellow,Remembrance,Instant,Promos|WelcomeToRathe,Arakni|Aurora|Aurora2|Azalea|Benji|Betsy|Blaze|Bolfar|Boltyn|Bravo|Brevant|Briar|Broscilio|Brutus|Chane|Cindra|Crackni|Crix|Dash|DataDoll|Dorinthea|Dromai|Enigma|Fai|Fang|Florian|Frankie|Genis|GravyBones|Hala|Ira|Iyslander|Jarl|Kano|Kassai|Katsu|Kavdaen|Kayo|Kox|Levia|Lexi|Librarian|Lyath|Marlynn|Maxx|Melody|Nuu|Oldhim|Olympia|Oscilio|Pleiades|Prism|Puffin|RKO|Reya|Rhinar|Riptide|Ruudi|Scurv|Shiyana|Slippy|Squizzy|Starvo|Taipanis|Taylor|Teklovossen|Terra|Theryon|Tuffnut|Uzuri|Valda|Verdance|Victor|Viserai|Vynnset|Yoji|Yorick|Zen|Zyggy,Blitz|ClassicConstructed|Draft|LivingLegend|Open|Sealed|UltimatePitFight,,False,False,True,False,False,P2,45,manual_custom
renounce_violence,renounce_violence_blue,Renounce Violence,Instant,SuperSlam,Pleiades|Tuffnut,Blitz|ClassicConstructed|Draft|LivingLegend|Open|Sealed|UltimatePitFight,,False,False,True,False,False,P2,45,manual_custom
reya_the_unyielding,reya_the_unyielding,"Reya, the Unyielding",Hero,SmashPalace,Reya,Clash|Open|UltimatePitFight,,False,False,True,False,False,P2,45,manual_custom
rift_breaker,rift_breaker_blue|rift_breaker_red|rift_breaker_yellow,Rift Breaker,Action,OmensOfTheThirdAge,Aurora|Aurora2|Briar|Broscilio|Lexi|Oscilio|Starvo|Zyggy,Blitz|Clash|ClassicConstructed|Draft|LivingLegend|Open|Sealed|SilverAge|UltimatePitFight,,False,False,True,False,False,P2,45,manual_custom
rifting,rifting_blue|rifting_red|rifting_yellow,Rifting,Action,ArcaneRising,Arakni|Aurora|Aurora2|Azalea|Benji|Betsy|Blaze|Bolfar|Boltyn|Bravo|Brevant|Briar|Broscilio|Brutus|Chane|Cindra|Crackni|Crix|Dash|DataDoll|Dorinthea|Dromai|Emperor|Enigma|Fai|Fang|Florian|Frankie|Genis|GravyBones|Hala|Ira|Iyslander|Jarl|Kano|Kassai|Katsu|Kavdaen|Kayo|Kox|Levia|Lexi|Librarian|Lyath|Marlynn|Maxx|Melody|Nuu|Oldhim|Olympia|Oscilio|Pleiades|Prism|Puffin|RKO|Reya|Rhinar|Riptide|Ruudi|Scurv|Shiyana|Slippy|Squizzy|Starvo|Taipanis|Taylor|Teklovossen|Terra|Theryon|Tuffnut|Uzuri|Valda|Verdance|Victor|Viserai|Vynnset|Yoji|Yorick|Zen|Zyggy,Blitz|Clash|ClassicConstructed|Draft|LivingLegend|Open|Sealed|SilverAge|UltimatePitFight,,False,False,True,False,False,P2,45,manual_custom
right_behind_you,right_behind_you_blue|right_behind_you_red|right_behind_you_yellow,Right Behind You,Action,SuperSlam,Arakni|Aurora|Aurora2|Azalea|Benji|Betsy|Blaze|Bolfar|Boltyn|Bravo|Brevant|Briar|Broscilio|Brutus|Chane|Cindra|Crackni|Crix|Dash|DataDoll|Dorinthea|Dromai|Emperor|Enigma|Fai|Fang|Florian|Frankie|Genis|GravyBones|Hala|Ira|Iyslander|Jarl|Kano|Kassai|Katsu|Kavdaen|Kayo|Kox|Levia|Lexi|Librarian|Lyath|Marlynn|Maxx|Melody|Nuu|Oldhim|Olympia|Oscilio|Pleiades|Prism|Puffin|RKO|Reya|Rhinar|Riptide|Ruudi|Scurv|Shiyana|Slippy|Squizzy|Starvo|Taipanis|Taylor|Teklovossen|Terra|Theryon|Tuffnut|Uzuri|Valda|Verdance|Victor|Viserai|Vynnset|Yoji|Yorick|Zen|Zyggy,Blitz|Clash|ClassicConstructed|Draft|LivingLegend|Open|Sealed|SilverAge|UltimatePitFight,,False,False,True,False,False,P2,45,manual_custom
rip_up_their_virtues,rip_up_their_virtues_blue,Rip Up Their Virtues,Instant,SuperSlam,Lyath|RKO,Blitz|ClassicConstructed|Draft|LivingLegend|Open|Sealed|UltimatePitFight,,False,False,True,False,False,P2,45,manual_custom
ripple_away,ripple_away_blue,Ripple Away,Action,HeavyHitters|Promos,Arakni|Aurora|Aurora2|Azalea|Benji|Betsy|Blaze|Bolfar|Boltyn|Bravo|Brevant|Briar|Broscilio|Brutus|Chane|Cindra|Crackni|Crix|Dash|DataDoll|Dorinthea|Dromai|Enigma|Fai|Fang|Florian|Frankie|Genis|GravyBones|Hala|Ira|Iyslander|Jarl|Kano|Kassai|Katsu|Kavdaen|Kayo|Kox|Levia|Lexi|Librarian|Lyath|Marlynn|Maxx|Melody|Nuu|Oldhim|Olympia|Oscilio|Pleiades|Prism|Puffin|RKO|Reya|Rhinar|Riptide|Ruudi|Scurv|Shiyana|Slippy|Squizzy|Starvo|Taipanis|Taylor|Teklovossen|Terra|Theryon|Tuffnut|Uzuri|Valda|Verdance|Victor|Viserai|Vynnset|Yoji|Yorick|Zen|Zyggy,Blitz|ClassicConstructed|Draft|LivingLegend|Open|Sealed|UltimatePitFight,,False,False,True,False,False,P2,45,manual_custom
rise_above,rise_above_blue|rise_above_red|rise_above_yellow,Rise Above,DefenseReaction,Monarch,Arakni|Aurora|Aurora2|Azalea|Benji|Betsy|Blaze|Bolfar|Boltyn|Bravo|Brevant|Briar|Broscilio|Brutus|Chane|Cindra|Crackni|Crix|Dash|DataDoll|Dorinthea|Dromai|Emperor|Enigma|Fai|Fang|Florian|Frankie|Genis|GravyBones|Hala|Ira|Iyslander|Jarl|Kano|Kassai|Katsu|Kavdaen|Kayo|Kox|Levia|Lexi|Librarian|Lyath|Marlynn|Maxx|Melody|Nuu|Oldhim|Olympia|Oscilio|Pleiades|Prism|Puffin|RKO|Reya|Rhinar|Riptide|Ruudi|Scurv|Shiyana|Slippy|Squizzy|Starvo|Taipanis|Taylor|Teklovossen|Terra|Theryon|Tuffnut|Uzuri|Valda|Verdance|Victor|Viserai|Vynnset|Yoji|Yorick|Zen|Zyggy,Blitz|Clash|ClassicConstructed|Draft|LivingLegend|Open|Sealed|SilverAge|UltimatePitFight,,False,False,True,False,False,P2,45,manual_custom
rising_energy,rising_energy_blue|rising_energy_red|rising_energy_yellow,Rising Energy,Action,HeavyHitters|KassaiBlitzDeck|OlympiaBlitzDeck,Betsy|Bolfar|Boltyn|Bravo|Brevant|Crix|Dorinthea|Emperor|Fang|Hala|Jarl|Kassai|Kox|Lyath|Oldhim|Olympia|Pleiades|Reya|Starvo|Terra|Valda|Victor|Yoji,Blitz|Clash|ClassicConstructed|Draft|LivingLegend|Open|Sealed|SilverAge|UltimatePitFight,,False,False,True,False,False,P2,45,manual_custom
rising_solartide,rising_solartide_blue|rising_solartide_red|rising_solartide_yellow,Rising Solartide,Action,BoltynBlitzDeck|Monarch,Boltyn|Librarian|Prism|Theryon,Blitz|Clash|ClassicConstructed|Draft|LivingLegend|Open|Sealed|SilverAge|UltimatePitFight,,False,False,True,False,False,P2,45,manual_custom
rockslide_trap,rockslide_trap_blue,Rockslide Trap,DefenseReaction,CrucibleOfWar|Promos,Azalea|Lexi|Marlynn|Riptide,Blitz|Clash|ClassicConstructed|LivingLegend|Open|SilverAge|UltimatePitFight,,False,False,True,False,False,P2,45,manual_custom
rockyard_rodeo,rockyard_rodeo_blue,Rockyard Rodeo,Action,CompendiumOfRathe,Arakni|Aurora|Aurora2|Azalea|Benji|Betsy|Blaze|Bolfar|Boltyn|Bravo|Brevant|Briar|Broscilio|Brutus|Chane|Cindra|Crackni|Crix|Dash|DataDoll|Dorinthea|Dromai|Enigma|Fai|Fang|Florian|Frankie|Genis|GravyBones|Hala|Ira|Iyslander|Jarl|Kano|Kassai|Katsu|Kavdaen|Kayo|Kox|Levia|Lexi|Librarian|Lyath|Marlynn|Maxx|Melody|Nuu|Oldhim|Olympia|Oscilio|Pleiades|Prism|Puffin|RKO|Reya|Rhinar|Riptide|Ruudi|Scurv|Shiyana|Slippy|Squizzy|Starvo|Taipanis|Taylor|Teklovossen|Terra|Theryon|Tuffnut|Uzuri|Valda|Verdance|Victor|Viserai|Vynnset|Yoji|Yorick|Zen|Zyggy,Blitz|ClassicConstructed|LivingLegend|Open|UltimatePitFight,,False,False,True,False,False,P2,45,manual_custom
rotwood_reaper,rotwood_reaper,Rotwood Reaper,Weapon,FlorianBlitzDeck|Promos|Rosetta,Briar|Florian,Blitz|Clash|Draft|LivingLegend|Open|Sealed|SilverAge|UltimatePitFight,,False,False,True,False,False,P2,45,manual_custom
run_into_trouble,run_into_trouble_red,Run into Trouble,Block,HeavyHitters|KayoBlitzDeck|Promos,Boltyn|Dorinthea|Emperor|Fang|Hala|Kassai|Kayo|Levia|Olympia|RKO|Rhinar|Tuffnut,Blitz|Clash|ClassicConstructed|Draft|LivingLegend|Open|Sealed|SilverAge|UltimatePitFight,,False,False,True,False,False,P2,45,manual_custom
run_roughshod,run_roughshod_blue,Run Roughshod,Action,ArmoryDeckKayo|KayoSilverAgeDeck,Kayo|Levia|RKO|Rhinar|Tuffnut,Blitz|Clash|ClassicConstructed|LivingLegend|Open|SilverAge|UltimatePitFight,,False,False,True,False,False,P2,45,manual_custom
runaways,runaways,Runaways,Equipment,AuroraBlitzDeck|Rosetta|TalesOfAria,Arakni|Aurora|Aurora2|Azalea|Benji|Betsy|Blaze|Bolfar|Boltyn|Bravo|Brevant|Briar|Broscilio|Brutus|Chane|Cindra|Crackni|Crix|Dash|DataDoll|Dorinthea|Dromai|Emperor|Enigma|Fai|Fang|Florian|Frankie|Genis|GravyBones|Hala|Ira|Iyslander|Jarl|Kano|Kassai|Katsu|Kavdaen|Kayo|Kox|Levia|Lexi|Librarian|Lyath|Marlynn|Maxx|Melody|Nuu|Oldhim|Olympia|Oscilio|Pleiades|Prism|Puffin|RKO|Reya|Rhinar|Riptide|Ruudi|Scurv|Shiyana|Slippy|Squizzy|Starvo|Taipanis|Taylor|Teklovossen|Terra|Theryon|Tuffnut|Uzuri|Valda|Verdance|Victor|Viserai|Vynnset|Yoji|Yorick|Zen|Zyggy,Blitz|Clash|ClassicConstructed|Draft|LivingLegend|Open|Sealed|SilverAge|UltimatePitFight,,False,False,True,False,False,P2,45,manual_custom
salt_the_wound,salt_the_wound_yellow,Salt the Wound,Action,BenjiBlitzDeck|CrucibleOfWar|FaiSilverAgeDeck|HistoryPack1|IraWelcomeDeck|RoundTheTable,Benji|Cindra|Fai|Ira|Katsu|Zen,Blitz|Clash|ClassicConstructed|LivingLegend|Open|SilverAge|UltimatePitFight,,False,False,True,False,False,P2,45,manual_custom
salvage_shot,salvage_shot_blue|salvage_shot_red|salvage_shot_yellow,Salvage Shot,Action,ArcaneRising|AzaleaBlitzDeck|HighSeas|HistoryPack1|RiptideBlitzDeck,Azalea|Lexi|Marlynn|Riptide,Blitz|Clash|ClassicConstructed|Draft|LivingLegend|Open|Sealed|SilverAge|UltimatePitFight,,False,False,True,False,False,P2,45,manual_custom
sanctuary_of_aria,sanctuary_of_aria,Sanctuary of Aria,Macro,AuroraBlitzDeck|FlorianBlitzDeck|OscilioBlitzDeck|Promos|Rosetta|VerdanceBlitzDeck,Aurora|Florian|Oscilio|Verdance,Draft|Open|Sealed,,False,False,True,False,False,P2,45,manual_custom
sash_of_sandikai,sash_of_sandikai,Sash of Sandikai,Equipment,FaiBlitzDeck|Uprising,Cindra|Dromai|Emperor|Fai|Fang|Taipanis|Taylor,Blitz|Clash|ClassicConstructed|Draft|LivingLegend|Open|Sealed|SilverAge|UltimatePitFight,,False,False,True,False,False,P2,45,manual_custom
scalding_iron,scalding_iron_red,Scalding Iron,AttackReaction,TheHunted,Emperor|Fang,Blitz|Clash|ClassicConstructed|Draft|LivingLegend|Open|Sealed|SilverAge|UltimatePitFight,,False,False,True,False,False,P2,45,manual_custom
scour,scour_blue,Scour,Action,Everfest,Blaze|Broscilio|Iyslander|Kano|Oscilio|Verdance,Blitz|ClassicConstructed|LivingLegend|Open|UltimatePitFight,,False,False,True,False,False,P2,45,manual_custom
scouting_shot,scouting_shot_red,Scouting Shot,Action,HighSeas,Azalea|Lexi|Marlynn|Riptide,Blitz|Clash|ClassicConstructed|Draft|LivingLegend|Open|Sealed|SilverAge|UltimatePitFight,,False,False,True,False,False,P2,45,manual_custom
sea_legs,sea_legs_yellow,Sea Legs,Action,HighSeas|Promos,Arakni|Aurora|Aurora2|Azalea|Benji|Betsy|Blaze|Bolfar|Boltyn|Bravo|Brevant|Briar|Broscilio|Brutus|Chane|Cindra|Crackni|Crix|Dash|DataDoll|Dorinthea|Dromai|Enigma|Fai|Fang|Florian|Frankie|Genis|GravyBones|Hala|Ira|Iyslander|Jarl|Kano|Kassai|Katsu|Kavdaen|Kayo|Kox|Levia|Lexi|Librarian|Lyath|Marlynn|Maxx|Melody|Nuu|Oldhim|Olympia|Oscilio|Pleiades|Prism|Puffin|RKO|Reya|Rhinar|Riptide|Ruudi|Scurv|Shiyana|Slippy|Squizzy|Starvo|Taipanis|Taylor|Teklovossen|Terra|Theryon|Tuffnut|Uzuri|Valda|Verdance|Victor|Viserai|Vynnset|Yoji|Yorick|Zen|Zyggy,Blitz|ClassicConstructed|Draft|LivingLegend|Open|Sealed|UltimatePitFight,,False,False,True,False,False,P2,45,manual_custom
second_tenet_of_chi_moon,second_tenet_of_chi_moon_blue,Second Tenet of Chi: Moon,Action,PartTheMistveil|Promos,Enigma|Nuu|Zen,Blitz|Clash|ClassicConstructed|Draft|LivingLegend|Open|Sealed|SilverAge|UltimatePitFight,,False,False,True,False,False,P2,45,manual_custom
second_tenet_of_chi_tide,second_tenet_of_chi_tide_blue,Second Tenet of Chi: Tide,Action,EnigmaBlitzDeck|PartTheMistveil|Promos,Enigma|Nuu|Zen,Blitz|Clash|ClassicConstructed|Draft|LivingLegend|Open|Sealed|SilverAge|UltimatePitFight,,False,False,True,False,False,P2,45,manual_custom
seerstone,seerstone,Seerstone,Weapon,Dynasty,Blaze|Broscilio|Emperor|Iyslander|Kano|Oscilio|Verdance,Blitz|Clash|ClassicConstructed|LivingLegend|Open|SilverAge|UltimatePitFight,,False,False,True,False,False,P2,45,manual_custom
semblance,semblance_blue,Semblance,Instant,Uprising,Dromai|Enigma|Prism|Zyggy,Blitz|ClassicConstructed|Draft|LivingLegend|Open|Sealed|UltimatePitFight,,False,False,True,False,False,P2,45,manual_custom
send_packing,send_packing_yellow,Send Packing,Action,HeavyHitters,Kayo|Levia|RKO|Rhinar|Tuffnut,Blitz|ClassicConstructed|Draft|LivingLegend|Open|Sealed|UltimatePitFight,,False,False,True,False,False,P2,45,manual_custom
shatter,shatter_yellow,Shatter,AttackReaction,Everfest,Boltyn|Dorinthea|Fang|Hala|Kassai|Olympia,Blitz|ClassicConstructed|LivingLegend|Open|UltimatePitFight,,False,False,True,False,False,P2,45,manual_custom
shatter_sorcery,shatter_sorcery_blue,Shatter Sorcery,Instant,CompendiumOfRathe,Arakni|Aurora|Aurora2|Azalea|Benji|Betsy|Blaze|Bolfar|Boltyn|Bravo|Brevant|Briar|Broscilio|Brutus|Chane|Cindra|Crackni|Crix|Dash|DataDoll|Dorinthea|Dromai|Enigma|Fai|Fang|Florian|Frankie|Genis|GravyBones|Hala|Ira|Iyslander|Jarl|Kano|Kassai|Katsu|Kavdaen|Kayo|Kox|Levia|Lexi|Librarian|Lyath|Marlynn|Maxx|Melody|Nuu|Oldhim|Olympia|Oscilio|Pleiades|Prism|Puffin|RKO|Reya|Rhinar|Riptide|Ruudi|Scurv|Shiyana|Slippy|Squizzy|Starvo|Taipanis|Taylor|Teklovossen|Terra|Theryon|Tuffnut|Uzuri|Valda|Verdance|Victor|Viserai|Vynnset|Yoji|Yorick|Zen|Zyggy,Blitz|Clash|ClassicConstructed|LivingLegend|Open|SilverAge|UltimatePitFight,,False,False,True,False,False,P2,45,manual_custom
shelter_from_the_storm,shelter_from_the_storm_red,Shelter from the Storm,DefenseReaction,CompendiumOfRathe|Promos|TheHunted,Arakni|Aurora|Aurora2|Azalea|Benji|Betsy|Blaze|Bolfar|Boltyn|Bravo|Brevant|Briar|Broscilio|Brutus|Chane|Cindra|Crackni|Crix|Dash|DataDoll|Dorinthea|Dromai|Emperor|Enigma|Fai|Fang|Florian|Frankie|Genis|GravyBones|Hala|Ira|Iyslander|Jarl|Kano|Kassai|Katsu|Kavdaen|Kayo|Kox|Levia|Lexi|Librarian|Lyath|Marlynn|Maxx|Melody|Nuu|Oldhim|Olympia|Oscilio|Pleiades|Prism|Puffin|RKO|Reya|Rhinar|Riptide|Ruudi|Scurv|Shiyana|Slippy|Squizzy|Starvo|Taipanis|Taylor|Teklovossen|Terra|Theryon|Tuffnut|Uzuri|Valda|Verdance|Victor|Viserai|Vynnset|Yoji|Yorick|Zen|Zyggy,Blitz|ClassicConstructed|Draft|LivingLegend|Open|Sealed|UltimatePitFight,,False,False,True,False,False,P2,45,manual_custom
sheltered_cove,sheltered_cove,Sheltered Cove,Equipment,HeavyHitters,Arakni|Aurora|Aurora2|Azalea|Benji|Betsy|Blaze|Bolfar|Boltyn|Bravo|Brevant|Briar|Broscilio|Brutus|Chane|Cindra|Crackni|Crix|Dash|DataDoll|Dorinthea|Dromai|Emperor|Enigma|Fai|Fang|Florian|Frankie|Genis|GravyBones|Hala|Ira|Iyslander|Jarl|Kano|Kassai|Katsu|Kavdaen|Kayo|Kox|Levia|Lexi|Librarian|Lyath|Marlynn|Maxx|Melody|Nuu|Oldhim|Olympia|Oscilio|Pleiades|Prism|Puffin|RKO|Reya|Rhinar|Riptide|Ruudi|Scurv|Shiyana|Slippy|Squizzy|Starvo|Taipanis|Taylor|Teklovossen|Terra|Theryon|Tuffnut|Uzuri|Valda|Verdance|Victor|Viserai|Vynnset|Yoji|Yorick|Zen|Zyggy,Blitz|Clash|ClassicConstructed|Draft|LivingLegend|Open|Sealed|SilverAge|UltimatePitFight,,False,False,True,False,False,P2,45,manual_custom
shield_bash,shield_bash_blue|shield_bash_red|shield_bash_yellow,Shield Bash,DefenseReaction,Dynasty,Betsy|Bolfar|Bravo|Brevant|Crix|Jarl|Kox|Lyath|Oldhim|Pleiades|Reya|Starvo|Terra|Valda|Victor|Yoji,Blitz|Clash|ClassicConstructed|LivingLegend|Open|SilverAge|UltimatePitFight,,False,False,True,False,False,P2,45,manual_custom
shield_wall,shield_wall_blue|shield_wall_red|shield_wall_yellow,Shield Wall,DefenseReaction,Dynasty,Betsy|Bolfar|Bravo|Brevant|Crix|Jarl|Kox|Lyath|Oldhim|Pleiades|Reya|Starvo|Terra|Valda|Victor|Yoji,Blitz|Clash|ClassicConstructed|LivingLegend|Open|SilverAge|UltimatePitFight,,False,False,True,False,False,P2,45,manual_custom
shitty_xmas_present,shitty_xmas_present_yellow,Shitty Xmas Present,Action,Promos,Arakni|Aurora|Aurora2|Azalea|Benji|Betsy|Blaze|Bolfar|Boltyn|Bravo|Brevant|Briar|Broscilio|Brutus|Chane|Cindra|Crackni|Crix|Dash|DataDoll|Dorinthea|Dromai|Enigma|Fai|Fang|Florian|Frankie|Genis|GravyBones|Hala|Ira|Iyslander|Jarl|Kano|Kassai|Katsu|Kavdaen|Kayo|Kox|Levia|Lexi|Librarian|Lyath|Marlynn|Maxx|Melody|Nuu|Oldhim|Olympia|Oscilio|Pleiades|Prism|Puffin|RKO|Reya|Rhinar|Riptide|Ruudi|Scurv|Shiyana|Slippy|Squizzy|Starvo|Taipanis|Taylor|Teklovossen|Terra|Theryon|Tuffnut|Uzuri|Valda|Verdance|Victor|Viserai|Vynnset|Yoji|Yorick|Zen|Zyggy,Open|UltimatePitFight,,False,False,True,False,False,P2,45,manual_custom
shiyana_diamond_gemini,shiyana_diamond_gemini,"Shiyana, Diamond Gemini",Hero,CrucibleOfWar,Shiyana,Blitz|Clash|Open|UltimatePitFight,,False,False,True,False,False,P2,45,manual_custom
shoot_your_mouth_off,shoot_your_mouth_off_blue|shoot_your_mouth_off_red|shoot_your_mouth_off_yellow,Shoot Your Mouth Off,Action,SuperSlam,Betsy|Bolfar|Bravo|Brevant|Crix|Jarl|Kox|Lyath|Oldhim|Pleiades|Reya|Starvo|Terra|Valda|Victor|Yoji,Blitz|Clash|ClassicConstructed|Draft|LivingLegend|Open|Sealed|SilverAge|UltimatePitFight,,False,False,True,False,False,P2,45,manual_custom
short_and_sharp,short_and_sharp_blue|short_and_sharp_red|short_and_sharp_yellow,Short and Sharp,AttackReaction,ArakniBlitzDeck|BenjiBlitzDeck|Outsiders,Arakni|Benji|Cindra|Crackni|Fai|Ira|Katsu|Nuu|Slippy|Uzuri|Zen,Blitz|Clash|ClassicConstructed|Draft|LivingLegend|Open|Sealed|SilverAge|UltimatePitFight,,False,False,True,False,False,P2,45,manual_custom
shove_off,shove_off_blue,Shove Off,AttackReaction,DorintheaDemoDeck|MasteryPackWarrior,Boltyn|Dorinthea|Fang|Hala|Kassai|Olympia,Blitz|Clash|ClassicConstructed|LivingLegend|Open|SilverAge|UltimatePitFight,,False,False,True,False,False,P2,45,manual_custom
show_of_strength,show_of_strength_red,Show of Strength,Action,SuperSlam,Kayo|Levia|RKO|Rhinar|Tuffnut,Blitz|ClassicConstructed|Draft|LivingLegend|Open|Sealed|UltimatePitFight,,False,False,True,False,False,P2,45,manual_custom
shrill_of_skullform,shrill_of_skullform_blue|shrill_of_skullform_red|shrill_of_skullform_yellow,Shrill of Skullform,Action,Everfest|ViseraiSilverAgeDeck,Aurora|Aurora2|Briar|Chane|Florian|Viserai|Vynnset,Blitz|Clash|ClassicConstructed|LivingLegend|Open|SilverAge|UltimatePitFight,,False,False,True,False,False,P2,45,manual_custom
shuck,shuck_blue,Shuck,Action,ArmoryDeckOriginsHala,Boltyn|Dorinthea|Fang|Hala|Kassai|Olympia,Blitz|Clash|ClassicConstructed|LivingLegend|Open|SilverAge|UltimatePitFight,,False,False,True,False,False,P2,45,manual_custom
sigil_of_fate,sigil_of_fate,Sigil of Fate,Token,CompendiumOfRathe|Promos,Blaze|Broscilio|Emperor|Iyslander|Kano|Oscilio|Shiyana|Verdance|Yorick,Blitz|Clash|ClassicConstructed|LivingLegend|Open|SilverAge|UltimatePitFight,Opt,False,False,True,True,False,P2,45,template_expandable
sigil_of_parapets,sigil_of_parapets_blue,Sigil of Parapets,DefenseReaction,Everfest,Blaze|Broscilio|Iyslander|Kano|Oscilio|Verdance,Blitz|ClassicConstructed|LivingLegend|Open|UltimatePitFight,,False,False,True,False,False,P2,45,manual_custom
sigil_of_shelter,sigil_of_shelter_blue|sigil_of_shelter_yellow,Sigil of Shelter,Instant,FirstStrikeTerra,Betsy|Bolfar|Bravo|Brevant|Crix|Jarl|Kox|Lyath|Oldhim|Pleiades|Reya|Starvo|Terra|Valda|Victor|Yoji,Blitz|Clash|ClassicConstructed|LivingLegend|Open|SilverAge|UltimatePitFight,,False,False,True,False,False,P2,45,manual_custom
sigil_of_temporal_manipulation,sigil_of_temporal_manipulation_blue,Sigil of Temporal Manipulation,Instant,Promos|Rosetta,Blaze|Broscilio|Iyslander|Kano|Oscilio|Verdance,Blitz|Clash|ClassicConstructed|Draft|LivingLegend|Open|Sealed|SilverAge|UltimatePitFight,,False,False,True,False,False,P2,45,manual_custom
signal_jammer,signal_jammer_blue,Signal Jammer,Action,Everfest,Dash|DataDoll|Maxx|Puffin|Teklovossen,Blitz|ClassicConstructed|LivingLegend|Open|UltimatePitFight,,False,False,True,False,False,P2,45,manual_custom
silken_gi,silken_gi,Silken Gi,Equipment,BenjiBlitzDeck|Outsiders,Arakni|Aurora|Aurora2|Azalea|Benji|Betsy|Blaze|Bolfar|Boltyn|Bravo|Brevant|Briar|Broscilio|Brutus|Chane|Cindra|Crackni|Crix|Dash|DataDoll|Dorinthea|Dromai|Emperor|Enigma|Fai|Fang|Florian|Frankie|Genis|GravyBones|Hala|Ira|Iyslander|Jarl|Kano|Kassai|Katsu|Kavdaen|Kayo|Kox|Levia|Lexi|Librarian|Lyath|Marlynn|Maxx|Melody|Nuu|Oldhim|Olympia|Oscilio|Pleiades|Prism|Puffin|RKO|Reya|Rhinar|Riptide|Ruudi|Scurv|Shiyana|Slippy|Squizzy|Starvo|Taipanis|Taylor|Teklovossen|Terra|Theryon|Tuffnut|Uzuri|Valda|Verdance|Victor|Viserai|Vynnset|Yoji|Yorick|Zen|Zyggy,Blitz|Clash|ClassicConstructed|Draft|LivingLegend|Open|Sealed|SilverAge|UltimatePitFight,,False,False,True,False,False,P2,45,manual_custom
sirens_call,sirens_call_red,Siren's Call,AttackReaction,PartTheMistveil,Nuu,Blitz|ClassicConstructed|Draft|LivingLegend|Open|Sealed|UltimatePitFight,,False,False,True,False,False,P2,45,manual_custom
sirens_of_safe_harbor,sirens_of_safe_harbor_blue|sirens_of_safe_harbor_red|sirens_of_safe_harbor_yellow,Sirens of Safe Harbor,Action,GEM|HighSeas,Arakni|Aurora|Aurora2|Azalea|Benji|Betsy|Blaze|Bolfar|Boltyn|Bravo|Brevant|Briar|Broscilio|Brutus|Chane|Cindra|Crackni|Crix|Dash|DataDoll|Dorinthea|Dromai|Emperor|Enigma|Fai|Fang|Florian|Frankie|Genis|GravyBones|Hala|Ira|Iyslander|Jarl|Kano|Kassai|Katsu|Kavdaen|Kayo|Kox|Levia|Lexi|Librarian|Lyath|Marlynn|Maxx|Melody|Nuu|Oldhim|Olympia|Oscilio|Pleiades|Prism|Puffin|RKO|Reya|Rhinar|Riptide|Ruudi|Scurv|Shiyana|Slippy|Squizzy|Starvo|Taipanis|Taylor|Teklovossen|Terra|Theryon|Tuffnut|Uzuri|Valda|Verdance|Victor|Viserai|Vynnset|Yoji|Yorick|Zen|Zyggy,Blitz|Clash|ClassicConstructed|Draft|LivingLegend|Open|Sealed|UltimatePitFight,,False,False,True,False,False,P2,45,manual_custom
sizzling_steel,sizzling_steel_red,Sizzling Steel,AttackReaction,TheHunted,Emperor|Fang,Blitz|Clash|ClassicConstructed|Draft|LivingLegend|Open|Sealed|SilverAge|UltimatePitFight,,False,False,True,False,False,P2,45,manual_custom
skull_crack,skull_crack_red,Skull Crack,Action,Dynasty,Kayo|Levia|RKO|Rhinar|Tuffnut,Blitz|ClassicConstructed|LivingLegend|Open|UltimatePitFight,,False,False,True,False,False,P2,45,manual_custom
skybound_shot,skybound_shot_blue|skybound_shot_red|skybound_shot_yellow,Skybound Shot,Action,AzaleaBlitzDeck|Outsiders,Azalea|Lexi|Marlynn|Riptide,Blitz|Clash|ClassicConstructed|Draft|LivingLegend|Open|Sealed|SilverAge|UltimatePitFight,,False,False,True,False,False,P2,45,manual_custom
skyzyk,skyzyk_red,Skyzyk,Action,ArmoryDeckAurora,Aurora|Aurora2|Briar|Broscilio|Lexi|Oscilio|Starvo|Zyggy,Blitz|Clash|ClassicConstructed|LivingLegend|Open|SilverAge|UltimatePitFight,,False,False,True,False,False,P2,45,manual_custom
slay,slay_red,Slay,Instant,BrightLights,Chane|Levia|Vynnset,Blitz|ClassicConstructed|LivingLegend|Open|UltimatePitFight,,False,False,True,False,False,P2,45,manual_custom
sledge_of_anvilheim,sledge_of_anvilheim,Sledge of Anvilheim,Weapon,BravoSilverAgeDeck|CrucibleOfWar|HistoryPack1,Betsy|Bolfar|Bravo|Brevant|Crix|Jarl|Kox|Lyath|Oldhim|Pleiades|Reya|Starvo|Terra|Valda|Victor|Yoji,Blitz|Clash|ClassicConstructed|LivingLegend|Open|SilverAge|UltimatePitFight,,False,False,True,False,False,P2,45,manual_custom
sleep_dart,sleep_dart_blue|sleep_dart_red|sleep_dart_yellow,Sleep Dart,Action,ArmoryDeckAzalea|CrucibleOfWar|HistoryPack1,Azalea|Lexi|Marlynn|Riptide,Blitz|Clash|ClassicConstructed|LivingLegend|Open|SilverAge|UltimatePitFight,,False,False,True,False,False,P2,45,manual_custom
smash_up,smash_up_red,Smash Up,Action,Promos|Rosetta,Arakni|Aurora|Aurora2|Azalea|Benji|Betsy|Blaze|Bolfar|Boltyn|Bravo|Brevant|Briar|Broscilio|Brutus|Chane|Cindra|Crackni|Crix|Dash|DataDoll|Dorinthea|Dromai|Emperor|Enigma|Fai|Fang|Florian|Frankie|Genis|GravyBones|Hala|Ira|Iyslander|Jarl|Kano|Kassai|Katsu|Kavdaen|Kayo|Kox|Levia|Lexi|Librarian|Lyath|Marlynn|Maxx|Melody|Nuu|Oldhim|Olympia|Oscilio|Pleiades|Prism|Puffin|RKO|Reya|Rhinar|Riptide|Ruudi|Scurv|Shiyana|Slippy|Squizzy|Starvo|Taipanis|Taylor|Teklovossen|Terra|Theryon|Tuffnut|Uzuri|Valda|Verdance|Victor|Viserai|Vynnset|Yoji|Yorick|Zen|Zyggy,Blitz|Clash|ClassicConstructed|Draft|LivingLegend|Open|Sealed|SilverAge|UltimatePitFight,,False,False,True,False,False,P2,45,manual_custom
smash_with_big_rock,smash_with_big_rock_yellow,Smash with Big Rock,Action,SuperSlam,Kayo|Levia|RKO|Rhinar|Tuffnut,Blitz|ClassicConstructed|Draft|LivingLegend|Open|Sealed|UltimatePitFight,,False,False,True,False,False,P2,45,manual_custom
smashing_ground,smashing_ground_blue,Smashing Ground,Action,GEM|SuperSlam,Kayo|Levia|RKO|Rhinar|Tuffnut,Blitz|ClassicConstructed|Draft|LivingLegend|Open|Sealed|UltimatePitFight,,False,False,True,False,False,P2,45,manual_custom
snag,snag_blue,Snag,Instant,CrucibleOfWar|SuperSlam,Arakni|Aurora|Aurora2|Azalea|Benji|Betsy|Blaze|Bolfar|Boltyn|Bravo|Brevant|Briar|Broscilio|Brutus|Chane|Cindra|Crackni|Crix|Dash|DataDoll|Dorinthea|Dromai|Enigma|Fai|Fang|Florian|Frankie|Genis|GravyBones|Hala|Ira|Iyslander|Jarl|Kano|Kassai|Katsu|Kavdaen|Kayo|Kox|Levia|Lexi|Librarian|Lyath|Marlynn|Maxx|Melody|Nuu|Oldhim|Olympia|Oscilio|Pleiades|Prism|Puffin|RKO|Reya|Rhinar|Riptide|Ruudi|Scurv|Shiyana|Slippy|Squizzy|Starvo|Taipanis|Taylor|Teklovossen|Terra|Theryon|Tuffnut|Uzuri|Valda|Verdance|Victor|Viserai|Vynnset|Yoji|Yorick|Zen|Zyggy,Blitz|ClassicConstructed|LivingLegend|Open|UltimatePitFight,,False,False,True,False,False,P2,45,manual_custom
snarky_prick,snarky_prick_red,Snarky Prick,Action,CompendiumOfRathe|GEM,Lyath|RKO,Blitz|Clash|ClassicConstructed|LivingLegend|Open|SilverAge|UltimatePitFight,,False,False,True,False,False,P2,45,manual_custom
sneak_attack,sneak_attack_blue|sneak_attack_red|sneak_attack_yellow,Sneak Attack,Action,Outsiders|UzuriBlitzDeck,Arakni|Crackni|Nuu|Slippy|Uzuri,Blitz|Clash|ClassicConstructed|Draft|LivingLegend|Open|Sealed|SilverAge|UltimatePitFight,,False,False,True,False,False,P2,45,manual_custom
solar_plexus,solar_plexus,Solar Plexus,Equipment,ArmoryDeckBoltyn,Boltyn|Librarian|Prism|Taylor|Theryon,Blitz|ClassicConstructed|LivingLegend|Open|UltimatePitFight,,False,False,True,False,False,P2,45,manual_custom
solid_ground,solid_ground_blue,Solid Ground,DefenseReaction,MasteryPackGuardian,Betsy|Bolfar|Bravo|Brevant|Crix|Jarl|Kox|Lyath|Oldhim|Pleiades|Reya|Starvo|Terra|Valda|Victor|Yoji,Blitz|ClassicConstructed|LivingLegend|Open|UltimatePitFight,,False,False,True,False,False,P2,45,manual_custom
song_of_sweet_nectar,song_of_sweet_nectar_blue,Song of Sweet Nectar,Action,Promos|RoundTheTable,Melody|Yorick,Blitz|Clash|ClassicConstructed|LivingLegend|Open|SilverAge|UltimatePitFight,,False,False,True,False,False,P2,45,manual_custom
song_of_the_wandering_mind,song_of_the_wandering_mind_blue,Song of the Wandering Mind,Action,Promos|RoundTheTable,Melody|Yorick,Blitz|Clash|ClassicConstructed|LivingLegend|Open|SilverAge|UltimatePitFight,,False,False,True,False,False,P2,45,manual_custom
song_of_yesteryears,song_of_yesteryears_blue,Song of Yesteryears,Action,Promos|RoundTheTable,Melody|Yorick,Blitz|Clash|ClassicConstructed|LivingLegend|Open|SilverAge|UltimatePitFight,,False,False,True,False,False,P2,45,manual_custom
soul_bond_belief,soul_bond_belief_blue|soul_bond_belief_red|soul_bond_belief_yellow,Soul Bond Belief,Action,CompendiumOfRathe,Boltyn|Librarian|Prism|Theryon,Blitz|Clash|ClassicConstructed|LivingLegend|Open|SilverAge|UltimatePitFight,,False,False,True,False,False,P2,45,manual_custom
soul_food,soul_food_yellow,Soul Food,Action,Monarch,Boltyn|Librarian|Prism|Theryon,Blitz|ClassicConstructed|Draft|LivingLegend|Open|Sealed|UltimatePitFight,,False,False,True,False,False,P2,45,manual_custom
soul_shield,soul_shield_yellow,Soul Shield,DefenseReaction,ArmoryDeckLegendsPrism|Monarch,Boltyn|Librarian|Prism|Theryon,Blitz|ClassicConstructed|Draft|LivingLegend|Open|Sealed|UltimatePitFight,,False,False,True,False,False,P2,45,manual_custom
sound_the_alarm,sound_the_alarm_red,Sound the Alarm,Action,TheHunted,Arakni|Aurora|Aurora2|Azalea|Benji|Betsy|Blaze|Bolfar|Boltyn|Bravo|Brevant|Briar|Broscilio|Brutus|Chane|Cindra|Crackni|Crix|Dash|DataDoll|Dorinthea|Dromai|Emperor|Enigma|Fai|Fang|Florian|Frankie|Genis|GravyBones|Hala|Ira|Iyslander|Jarl|Kano|Kassai|Katsu|Kavdaen|Kayo|Kox|Levia|Lexi|Librarian|Lyath|Marlynn|Maxx|Melody|Nuu|Oldhim|Olympia|Oscilio|Pleiades|Prism|Puffin|RKO|Reya|Rhinar|Riptide|Ruudi|Scurv|Shiyana|Slippy|Squizzy|Starvo|Taipanis|Taylor|Teklovossen|Terra|Theryon|Tuffnut|Uzuri|Valda|Verdance|Victor|Viserai|Vynnset|Yoji|Yorick|Zen|Zyggy,Blitz|Clash|ClassicConstructed|Draft|LivingLegend|Open|Sealed|SilverAge|UltimatePitFight,,False,False,True,False,False,P2,45,manual_custom
spark_spray,spark_spray_blue|spark_spray_red|spark_spray_yellow,Spark Spray,Action,ArmoryDeckAurora,Aurora|Aurora2|Briar|Broscilio|Lexi|Oscilio|Starvo|Zyggy,Blitz|Clash|ClassicConstructed|LivingLegend|Open|SilverAge|UltimatePitFight,,False,False,True,False,False,P2,45,manual_custom
spectral_shield,spectral_shield,Spectral Shield,Token,ArmoryDeckLegendsPrism|DuskTillDawn|Dynasty|EnigmaBlitzDeck|EnigmaSilverAgeDeck|Everfest|Monarch|PartTheMistveil|PrismBlitzDeck|Promos,Dromai|Enigma|Prism|Shiyana|Yorick|Zyggy,Blitz|Clash|ClassicConstructed|Draft|LivingLegend|Open|Sealed|SilverAge|UltimatePitFight,Ward,False,False,True,True,False,P2,45,template_expandable
spellbane_aegis,spellbane_aegis,Spellbane Aegis,Token,DuskTillDawn|Dynasty|Promos,Arakni|Aurora|Aurora2|Azalea|Benji|Betsy|Blaze|Bolfar|Boltyn|Bravo|Brevant|Briar|Broscilio|Brutus|Chane|Cindra|Crackni|Crix|Dash|DataDoll|Dorinthea|Dromai|Emperor|Enigma|Fai|Fang|Florian|Frankie|Genis|GravyBones|Hala|Ira|Iyslander|Jarl|Kano|Kassai|Katsu|Kavdaen|Kayo|Kox|Levia|Lexi|Librarian|Lyath|Marlynn|Maxx|Melody|Nuu|Oldhim|Olympia|Oscilio|Pleiades|Prism|Puffin|RKO|Reya|Rhinar|Riptide|Ruudi|Scurv|Shiyana|Slippy|Squizzy|Starvo|Taipanis|Taylor|Teklovossen|Terra|Theryon|Tuffnut|Uzuri|Valda|Verdance|Victor|Viserai|Vynnset|Yoji|Yorick|Zen|Zyggy,Blitz|Clash|ClassicConstructed|LivingLegend|Open|SilverAge|UltimatePitFight,Spellvoid,False,False,True,True,False,P2,45,template_expandable
spew_obscenities,spew_obscenities_yellow,Spew Obscenities,Action,Promos|SuperSlam,Lyath,Blitz|Clash|ClassicConstructed|Draft|LivingLegend|Open|Sealed|SilverAge|UltimatePitFight,,False,False,True,False,False,P2,45,manual_custom
spire_sniping,spire_sniping_blue|spire_sniping_red|spire_sniping_yellow,Spire Sniping,Action,AzaleaBlitzDeck|Outsiders,Azalea|Lexi|Marlynn|Riptide,Blitz|Clash|ClassicConstructed|Draft|LivingLegend|Open|Sealed|SilverAge|UltimatePitFight,,False,False,True,False,False,P2,45,manual_custom
splatter_skull,splatter_skull_red,Splatter Skull,Action,Rosetta,Kayo|Levia|RKO|Rhinar|Tuffnut,Blitz|ClassicConstructed|LivingLegend|Open|UltimatePitFight,,False,False,True,False,False,P2,45,manual_custom
spreading_plague,spreading_plague_yellow,Spreading Plague,AttackReaction,Outsiders,Arakni|Crackni|Nuu|Slippy|Uzuri,Blitz|ClassicConstructed|Draft|LivingLegend|Open|Sealed|UltimatePitFight,,False,False,True,False,False,P2,45,manual_custom
spring_load,spring_load_blue|spring_load_red|spring_load_yellow,Spring Load,Action,ArakniBlitzDeck|BenjiBlitzDeck|Outsiders,Arakni|Aurora|Aurora2|Azalea|Benji|Betsy|Blaze|Bolfar|Boltyn|Bravo|Brevant|Briar|Broscilio|Brutus|Chane|Cindra|Crackni|Crix|Dash|DataDoll|Dorinthea|Dromai|Emperor|Enigma|Fai|Fang|Florian|Frankie|Genis|GravyBones|Hala|Ira|Iyslander|Jarl|Kano|Kassai|Katsu|Kavdaen|Kayo|Kox|Levia|Lexi|Librarian|Lyath|Marlynn|Maxx|Melody|Nuu|Oldhim|Olympia|Oscilio|Pleiades|Prism|Puffin|RKO|Reya|Rhinar|Riptide|Ruudi|Scurv|Shiyana|Slippy|Squizzy|Starvo|Taipanis|Taylor|Teklovossen|Terra|Theryon|Tuffnut|Uzuri|Valda|Verdance|Victor|Viserai|Vynnset|Yoji|Yorick|Zen|Zyggy,Blitz|Clash|ClassicConstructed|Draft|LivingLegend|Open|Sealed|SilverAge|UltimatePitFight,,False,False,True,False,False,P2,45,manual_custom
springboard_somersault,springboard_somersault_yellow,Springboard Somersault,DefenseReaction,BravoHeroDeck|CrucibleOfWar|DorintheaHeroDeck|DorintheaSilverAgeDeck|EnigmaSilverAgeDeck|HistoryPack1|IraWelcomeDeck|KatsuHeroDeck|RhinarHeroDeck,Arakni|Aurora|Aurora2|Azalea|Benji|Betsy|Blaze|Bolfar|Boltyn|Bravo|Brevant|Briar|Broscilio|Brutus|Chane|Cindra|Crackni|Crix|Dash|DataDoll|Dorinthea|Dromai|Enigma|Fai|Fang|Florian|Frankie|Genis|GravyBones|Hala|Ira|Iyslander|Jarl|Kano|Kassai|Katsu|Kavdaen|Kayo|Kox|Levia|Lexi|Librarian|Lyath|Marlynn|Maxx|Melody|Nuu|Oldhim|Olympia|Oscilio|Pleiades|Prism|Puffin|RKO|Reya|Rhinar|Riptide|Ruudi|Scurv|Shiyana|Slippy|Squizzy|Starvo|Taipanis|Taylor|Teklovossen|Terra|Theryon|Tuffnut|Uzuri|Valda|Verdance|Victor|Viserai|Vynnset|Yoji|Yorick|Zen|Zyggy,Blitz|Clash|ClassicConstructed|LivingLegend|Open|SilverAge|UltimatePitFight,,False,False,True,False,False,P2,45,manual_custom
squizzy_floof,squizzy_floof,Squizzy & Floof,Hero,Promos,Squizzy,Clash|Open|UltimatePitFight,,False,False,True,False,False,P2,45,manual_custom
stab_wound,stab_wound_blue,Stab Wound,Action,Outsiders,Arakni|Benji|Cindra|Crackni|Fai|Ira|Katsu|Nuu|Slippy|Uzuri|Zen,Blitz|ClassicConstructed|Draft|LivingLegend|Open|Sealed|UltimatePitFight,,False,False,True,False,False,P2,45,manual_custom
stamp_authority,stamp_authority_blue,Stamp Authority,Action,CrucibleOfWar,Betsy|Bolfar|Bravo|Brevant|Crix|Jarl|Kox|Lyath|Oldhim|Pleiades|Reya|Starvo|Terra|Valda|Victor|Yoji,Blitz|ClassicConstructed|LivingLegend|Open|UltimatePitFight,,False,False,True,False,False,P2,45,manual_custom
standing_ovation,standing_ovation_blue,Standing Ovation,Action,ArmoryDeckPleiades|GEM,Pleiades,Blitz|ClassicConstructed|LivingLegend|Open|UltimatePitFight,,False,False,True,False,False,P2,45,manual_custom
starting_stake,starting_stake_yellow,Starting Stake,Action,HeavyHitters|Promos,Arakni|Aurora|Aurora2|Azalea|Benji|Betsy|Blaze|Bolfar|Boltyn|Bravo|Brevant|Briar|Broscilio|Brutus|Chane|Cindra|Crackni|Crix|Dash|DataDoll|Dorinthea|Dromai|Enigma|Fai|Fang|Florian|Frankie|Genis|GravyBones|Hala|Ira|Iyslander|Jarl|Kano|Kassai|Katsu|Kavdaen|Kayo|Kox|Levia|Lexi|Librarian|Lyath|Marlynn|Maxx|Melody|Nuu|Oldhim|Olympia|Oscilio|Pleiades|Prism|Puffin|RKO|Reya|Rhinar|Riptide|Ruudi|Scurv|Shiyana|Slippy|Squizzy|Starvo|Taipanis|Taylor|Teklovossen|Terra|Theryon|Tuffnut|Uzuri|Valda|Verdance|Victor|Viserai|Vynnset|Yoji|Yorick|Zen|Zyggy,Blitz|Clash|ClassicConstructed|Draft|LivingLegend|Open|Sealed|SilverAge|UltimatePitFight,,False,False,True,False,False,P2,45,manual_custom
steam_canister,steam_canister_blue,Steam Canister,Action,ArmoryDeckDash|BrightLights,Dash|DataDoll|Maxx|Puffin|Teklovossen,Blitz|Clash|ClassicConstructed|Draft|LivingLegend|Open|Sealed|SilverAge|UltimatePitFight,,False,False,True,False,False,P2,45,manual_custom
steelblade_shunt,steelblade_shunt_blue|steelblade_shunt_red|steelblade_shunt_yellow,Steelblade Shunt,DefenseReaction,DorintheaHeroDeck|HistoryPack1|WelcomeToRathe,Boltyn|Dorinthea|Emperor|Fang|Hala|Kassai|Olympia,Blitz|Clash|ClassicConstructed|Draft|LivingLegend|Open|Sealed|UltimatePitFight,,False,False,True,False,False,P2,45,manual_custom
stir_the_aetherwinds,stir_the_aetherwinds_blue|stir_the_aetherwinds_red|stir_the_aetherwinds_yellow,Stir the Aetherwinds,Action,ArcaneRising|HistoryPack1,Blaze|Broscilio|Emperor|Iyslander|Kano|Oscilio|Verdance,Blitz|Clash|ClassicConstructed|Draft|LivingLegend|Open|Sealed|SilverAge|UltimatePitFight,,False,False,True,False,False,P2,45,manual_custom
storm_of_sandikai,storm_of_sandikai,Storm of Sandikai,Weapon,DromaiBlitzDeck|Promos|Uprising,Dromai,Blitz|Clash|Draft|LivingLegend|Open|Sealed|SilverAge|UltimatePitFight,,False,False,True,False,False,P2,45,manual_custom
stormshard,stormshard_red,Stormshard,Instant,Promos,Aurora|Aurora2|Briar|Broscilio|Lexi|Oscilio|Starvo|Zyggy,Blitz|Clash|ClassicConstructed|LivingLegend|Open|UltimatePitFight,,False,False,True,False,False,P2,45,manual_custom
story_beats,story_beats_blue|story_beats_red|story_beats_yellow,Story Beats,Action,SuperSlam,Betsy|Bolfar|Bravo|Brevant|Crix|Jarl|Kox|Lyath|Oldhim|Pleiades|Reya|Starvo|Terra|Valda|Victor|Yoji,Blitz|Clash|ClassicConstructed|Draft|LivingLegend|Open|Sealed|SilverAge|UltimatePitFight,,False,False,True,False,False,P2,45,manual_custom
strength_rules_all,strength_rules_all_red,Strength Rules All,Action,ArmoryDeckKayo,Kayo|Levia|RKO|Rhinar|Tuffnut,Blitz|ClassicConstructed|LivingLegend|Open|UltimatePitFight,,False,False,True,False,False,P2,45,manual_custom
strongest_survive,strongest_survive_blue|strongest_survive_red|strongest_survive_yellow,Strongest Survive,Action,ArmoryDeckRhinar|KayoSilverAgeDeck|SuperSlam,Kayo|Levia|RKO|Rhinar|Tuffnut,Blitz|Clash|ClassicConstructed|Draft|LivingLegend|Open|Sealed|SilverAge|UltimatePitFight,,False,False,True,False,False,P2,45,manual_custom
summerwood_shelter,summerwood_shelter_blue|summerwood_shelter_red|summerwood_shelter_yellow,Summerwood Shelter,Instant,TalesOfAria,Briar|Florian|Jarl|Oldhim|Starvo|Terra|Verdance,Blitz|Clash|ClassicConstructed|Draft|LivingLegend|Open|Sealed|SilverAge|UltimatePitFight,,False,False,True,False,False,P2,45,manual_custom
supercell,supercell_blue,Supercell,Action,PartTheMistveil,Dash|DataDoll|Maxx|Puffin|Teklovossen,Blitz|ClassicConstructed|LivingLegend|Open|UltimatePitFight,,False,False,True,False,False,P2,45,manual_custom
surging_militia,surging_militia_blue|surging_militia_red|surging_militia_yellow,Surging Militia,Action,Monarch,Arakni|Aurora|Aurora2|Azalea|Benji|Betsy|Blaze|Bolfar|Boltyn|Bravo|Brevant|Briar|Broscilio|Brutus|Chane|Cindra|Crackni|Crix|Dash|DataDoll|Dorinthea|Dromai|Emperor|Enigma|Fai|Fang|Florian|Frankie|Genis|GravyBones|Hala|Ira|Iyslander|Jarl|Kano|Kassai|Katsu|Kavdaen|Kayo|Kox|Levia|Lexi|Librarian|Lyath|Marlynn|Maxx|Melody|Nuu|Oldhim|Olympia|Oscilio|Pleiades|Prism|Puffin|RKO|Reya|Rhinar|Riptide|Ruudi|Scurv|Shiyana|Slippy|Squizzy|Starvo|Taipanis|Taylor|Teklovossen|Terra|Theryon|Tuffnut|Uzuri|Valda|Verdance|Victor|Viserai|Vynnset|Yoji|Yorick|Zen|Zyggy,Blitz|Clash|ClassicConstructed|Draft|LivingLegend|Open|Sealed|SilverAge|UltimatePitFight,,False,False,True,False,False,P2,45,manual_custom
swing_big,swing_big_red,Swing Big,Action,Everfest|Promos,Kayo|Levia|RKO|Rhinar|Tuffnut,Blitz|ClassicConstructed|LivingLegend|Open|UltimatePitFight,,False,False,True,False,False,P2,45,manual_custom
system_failure,system_failure_yellow,System Failure,Action,BrightLights,Dash|DataDoll|Maxx|Puffin|Teklovossen,Blitz|ClassicConstructed|Draft|LivingLegend|Open|Sealed|UltimatePitFight,,False,False,True,False,False,P2,45,manual_custom
system_reset,system_reset_yellow,System Reset,Action,BrightLights,Dash|DataDoll|Maxx|Puffin|Teklovossen,Blitz|ClassicConstructed|Draft|LivingLegend|Open|Sealed|UltimatePitFight,,False,False,True,False,False,P2,45,manual_custom
taipanis_dracai_of_judgement,taipanis_dracai_of_judgement,"Taipanis, Dracai of Judgement",Hero,Promos,Taipanis,Clash|Open|UltimatePitFight,,False,False,True,False,False,P2,45,manual_custom
take_that,take_that_blue|take_that_red|take_that_yellow,Take That!,Action,GEM|SuperSlam,Lyath|RKO,Blitz|Clash|ClassicConstructed|Draft|LivingLegend|Open|Sealed|SilverAge|UltimatePitFight,,False,False,True,False,False,P2,45,manual_custom
take_the_tempo,take_the_tempo_red,Take the Tempo,Action,Uprising,Benji|Cindra|Fai|Ira|Katsu|Zen,Blitz|ClassicConstructed|Draft|LivingLegend|Open|Sealed|UltimatePitFight,,False,False,True,False,False,P2,45,manual_custom
take_up_the_mantle,take_up_the_mantle_yellow,Take Up the Mantle,AttackReaction,ArmoryDeckArakni|TheHunted,Arakni|Crackni|Nuu|Slippy|Uzuri,Blitz|ClassicConstructed|Draft|LivingLegend|Open|Sealed|UltimatePitFight,,False,False,True,False,False,P2,45,manual_custom
tarpit_trap,tarpit_trap_yellow,Tarpit Trap,DefenseReaction,Outsiders|Promos|RiptideBlitzDeck,Azalea|Lexi|Marlynn|Riptide,Blitz|Clash|ClassicConstructed|Draft|LivingLegend|Open|Sealed|SilverAge|UltimatePitFight,,False,False,True,False,False,P2,45,manual_custom
taylor,taylor,Taylor,Hero,Promos,Taylor,Open|UltimatePitFight,,False,False,True,False,False,P2,45,manual_custom
teklo_blaster,teklo_blaster,Teklo Blaster,Weapon,RoundTheTable,Dash|DataDoll|Maxx|Puffin|Teklovossen,Blitz|Clash|ClassicConstructed|LivingLegend|Open|SilverAge|UltimatePitFight,,False,False,True,False,False,P2,45,manual_custom
ten_foot_tall_and_bulletproof,ten_foot_tall_and_bulletproof_red,Ten Foot Tall and Bulletproof,Action,Rosetta,Arakni|Aurora|Aurora2|Azalea|Benji|Betsy|Blaze|Bolfar|Boltyn|Bravo|Brevant|Briar|Broscilio|Brutus|Chane|Cindra|Crackni|Crix|Dash|DataDoll|Dorinthea|Dromai|Emperor|Enigma|Fai|Fang|Florian|Frankie|Genis|GravyBones|Hala|Ira|Iyslander|Jarl|Kano|Kassai|Katsu|Kavdaen|Kayo|Kox|Levia|Lexi|Librarian|Lyath|Marlynn|Maxx|Melody|Nuu|Oldhim|Olympia|Oscilio|Pleiades|Prism|Puffin|RKO|Reya|Rhinar|Riptide|Ruudi|Scurv|Shiyana|Slippy|Squizzy|Starvo|Taipanis|Taylor|Teklovossen|Terra|Theryon|Tuffnut|Uzuri|Valda|Verdance|Victor|Viserai|Vynnset|Yoji|Yorick|Zen|Zyggy,Blitz|ClassicConstructed|Draft|LivingLegend|Open|Sealed|UltimatePitFight,,False,False,True,False,False,P2,45,manual_custom
tenacity,tenacity_yellow,Tenacity,Action,HeavyHitters|Promos,Arakni|Aurora|Aurora2|Azalea|Benji|Betsy|Blaze|Bolfar|Boltyn|Bravo|Brevant|Briar|Broscilio|Brutus|Chane|Cindra|Crackni|Crix|Dash|DataDoll|Dorinthea|Dromai|Enigma|Fai|Fang|Florian|Frankie|Genis|GravyBones|Hala|Ira|Iyslander|Jarl|Kano|Kassai|Katsu|Kavdaen|Kayo|Kox|Levia|Lexi|Librarian|Lyath|Marlynn|Maxx|Melody|Nuu|Oldhim|Olympia|Oscilio|Pleiades|Prism|Puffin|RKO|Reya|Rhinar|Riptide|Ruudi|Scurv|Shiyana|Slippy|Squizzy|Starvo|Taipanis|Taylor|Teklovossen|Terra|Theryon|Tuffnut|Uzuri|Valda|Verdance|Victor|Viserai|Vynnset|Yoji|Yorick|Zen|Zyggy,Blitz|ClassicConstructed|Draft|LivingLegend|Open|Sealed|UltimatePitFight,,False,False,True,False,False,P2,45,manual_custom
the_librarian,the_librarian,The Librarian,Mentor,PrismBlitzDeck|Promos,Dromai|Enigma|Prism|Zyggy,Blitz|Clash|Open|UltimatePitFight,,False,False,True,False,False,P2,45,manual_custom
the_old_switcheroo,the_old_switcheroo_blue,The Old Switcheroo,Action,SuperSlam,Lyath|RKO,Blitz|ClassicConstructed|Draft|LivingLegend|Open|Sealed|UltimatePitFight,,False,False,True,False,False,P2,45,manual_custom
themai,themai,Themai,,Uprising,Dromai,Blitz|Clash|ClassicConstructed|Draft|LivingLegend|Open|Sealed|SilverAge|UltimatePitFight,,False,False,True,False,False,P2,45,manual_custom
theryon_magister_of_justice,theryon_magister_of_justice,"Theryon, Magister of Justice",Hero,Promos,Theryon,Clash|Open|UltimatePitFight,,False,False,True,False,False,P2,45,manual_custom
throw_caution_to_the_wind,throw_caution_to_the_wind_blue,Throw Caution to the Wind,Instant,HighSeas,GravyBones|Marlynn|Puffin|Scurv,Blitz|Clash|ClassicConstructed|Draft|LivingLegend|Open|Sealed|SilverAge|UltimatePitFight,,False,False,True,False,False,P2,45,manual_custom
throw_dagger,throw_dagger_blue,Throw Dagger,AttackReaction,TheHunted,Arakni|Benji|Cindra|Crackni|Fai|Ira|Katsu|Nuu|Slippy|Uzuri|Zen,Blitz|ClassicConstructed|Draft|LivingLegend|Open|Sealed|UltimatePitFight,,False,False,True,False,False,P2,45,manual_custom
thrust,thrust_red,Thrust,AttackReaction,ClassicBattlesRhinarDorinthea|DorintheaDemoDeck,Arakni|Aurora|Aurora2|Azalea|Benji|Betsy|Blaze|Bolfar|Boltyn|Bravo|Brevant|Briar|Broscilio|Brutus|Chane|Cindra|Crackni|Crix|Dash|DataDoll|Dorinthea|Dromai|Emperor|Enigma|Fai|Fang|Florian|Frankie|Genis|GravyBones|Hala|Ira|Iyslander|Jarl|Kano|Kassai|Katsu|Kavdaen|Kayo|Kox|Levia|Lexi|Librarian|Lyath|Marlynn|Maxx|Melody|Nuu|Oldhim|Olympia|Oscilio|Pleiades|Prism|Puffin|RKO|Reya|Rhinar|Riptide|Ruudi|Scurv|Shiyana|Slippy|Squizzy|Starvo|Taipanis|Taylor|Teklovossen|Terra|Theryon|Tuffnut|Uzuri|Valda|Verdance|Victor|Viserai|Vynnset|Yoji|Yorick|Zen|Zyggy,Blitz|Clash|ClassicConstructed|LivingLegend|Open|SilverAge|UltimatePitFight,,False,False,True,False,False,P2,45,manual_custom
thunk,thunk_blue|thunk_red|thunk_yellow,Thunk,Action,HeavyHitters|VictorBlitzDeck,Betsy|Bolfar|Bravo|Brevant|Crix|Jarl|Kox|Lyath|Oldhim|Pleiades|Reya|Starvo|Terra|Valda|Victor|Yoji,Blitz|Clash|ClassicConstructed|Draft|LivingLegend|Open|Sealed|SilverAge|UltimatePitFight,,False,False,True,False,False,P2,45,manual_custom
tide_chakra,tide_chakra_blue|tide_chakra_red|tide_chakra_yellow,Tide Chakra,AttackReaction,PartTheMistveil|Promos,Nuu,Blitz|Clash|ClassicConstructed|Draft|LivingLegend|Open|Sealed|SilverAge|UltimatePitFight,,False,False,True,False,False,P2,45,manual_custom
tiger_trap,tiger_trap_red,Tiger Trap,DefenseReaction,CompendiumOfRathe,Azalea|Lexi|Marlynn|Riptide,Blitz|ClassicConstructed|LivingLegend|Open|UltimatePitFight,,False,False,True,False,False,P2,45,manual_custom
toe_the_line,toe_the_line_red,Toe the Line,Instant,ArmoryDeckOriginsHala,Boltyn|Dorinthea|Emperor|Fang|Hala|Kassai|Olympia,Blitz|Clash|ClassicConstructed|LivingLegend|Open|SilverAge|UltimatePitFight,,False,False,True,False,False,P2,45,manual_custom
tome_of_aetherwind,tome_of_aetherwind_red,Tome of Aetherwind,Action,ArcaneRising|HistoryPack1,Blaze|Broscilio|Emperor|Iyslander|Kano|Librarian|Oscilio|Verdance,Blitz|Draft|LivingLegend|Open|Sealed|UltimatePitFight,,False,False,True,False,False,P2,45,manual_custom
tome_of_duplicity,tome_of_duplicity_blue,Tome of Duplicity,Action,Uprising,Blaze|Broscilio|Iyslander|Kano|Librarian|Oscilio|Verdance,Blitz|ClassicConstructed|Draft|LivingLegend|Open|Sealed|UltimatePitFight,,False,False,True,False,False,P2,45,manual_custom
tomeltai,tomeltai,Tomeltai,,Uprising,Dromai,Blitz|ClassicConstructed|Draft|LivingLegend|Open|Sealed|UltimatePitFight,,False,False,True,False,False,P2,45,manual_custom
tongue_tied,tongue_tied_red,Tongue Tied,Action,Promos|Rosetta,Arakni|Aurora|Aurora2|Azalea|Benji|Betsy|Blaze|Bolfar|Boltyn|Bravo|Brevant|Briar|Broscilio|Brutus|Chane|Cindra|Crackni|Crix|Dash|DataDoll|Dorinthea|Dromai|Emperor|Enigma|Fai|Fang|Florian|Frankie|Genis|GravyBones|Hala|Ira|Iyslander|Jarl|Kano|Kassai|Katsu|Kavdaen|Kayo|Kox|Levia|Lexi|Librarian|Lyath|Marlynn|Maxx|Melody|Nuu|Oldhim|Olympia|Oscilio|Pleiades|Prism|Puffin|RKO|Reya|Rhinar|Riptide|Ruudi|Scurv|Shiyana|Slippy|Squizzy|Starvo|Taipanis|Taylor|Teklovossen|Terra|Theryon|Tuffnut|Uzuri|Valda|Verdance|Victor|Viserai|Vynnset|Yoji|Yorick|Zen|Zyggy,Blitz|Clash|ClassicConstructed|Draft|LivingLegend|Open|Sealed|SilverAge|UltimatePitFight,,False,False,True,False,False,P2,45,manual_custom
tough_as_a_rok,tough_as_a_rok_blue,Tough as a Rok,Action,CompendiumOfRathe,Tuffnut,Blitz|Clash|ClassicConstructed|LivingLegend|Open|SilverAge|UltimatePitFight,,False,False,True,False,False,P2,45,manual_custom
treasure_island,treasure_island,Treasure Island,Macro,HighSeas|Promos,GravyBones|Marlynn|Puffin|Scurv,Draft|Open|Sealed,,False,False,True,False,False,P2,45,manual_custom
tremor_of_iarathael,tremor_of_iarathael_blue|tremor_of_iarathael_red|tremor_of_iarathael_yellow,Tremor of íArathael,Action,Monarch,Arakni|Aurora|Aurora2|Azalea|Benji|Betsy|Blaze|Bolfar|Boltyn|Bravo|Brevant|Briar|Broscilio|Brutus|Chane|Cindra|Crackni|Crix|Dash|DataDoll|Dorinthea|Dromai|Emperor|Enigma|Fai|Fang|Florian|Frankie|Genis|GravyBones|Hala|Ira|Iyslander|Jarl|Kano|Kassai|Katsu|Kavdaen|Kayo|Kox|Levia|Lexi|Librarian|Lyath|Marlynn|Maxx|Melody|Nuu|Oldhim|Olympia|Oscilio|Pleiades|Prism|Puffin|RKO|Reya|Rhinar|Riptide|Ruudi|Scurv|Shiyana|Slippy|Squizzy|Starvo|Taipanis|Taylor|Teklovossen|Terra|Theryon|Tuffnut|Uzuri|Valda|Verdance|Victor|Viserai|Vynnset|Yoji|Yorick|Zen|Zyggy,Blitz|Clash|ClassicConstructed|Draft|LivingLegend|Open|Sealed|SilverAge|UltimatePitFight,,False,False,True,False,False,P2,45,manual_custom
tripwire_trap,tripwire_trap_red,Tripwire Trap,DefenseReaction,CrucibleOfWar|Promos,Azalea|Lexi|Marlynn|Riptide,Blitz|Clash|ClassicConstructed|LivingLegend|Open|SilverAge|UltimatePitFight,,False,False,True,False,False,P2,45,manual_custom
twinkle_toes,twinkle_toes,Twinkle Toes,Equipment,OscilioBlitzDeck|Promos|Rosetta,Aurora|Aurora2|Briar|Broscilio|Lexi|Oscilio|Starvo|Taylor|Zyggy,Blitz|Clash|ClassicConstructed|Draft|LivingLegend|Open|Sealed|SilverAge|UltimatePitFight,,False,False,True,False,False,P2,45,manual_custom
twinning_blade,twinning_blade_yellow,Twinning Blade,AttackReaction,CrucibleOfWar|HistoryPack1,Boltyn|Dorinthea|Fang|Hala|Kassai|Olympia,Blitz|ClassicConstructed|LivingLegend|Open|UltimatePitFight,,False,False,True,False,False,P2,45,manual_custom
two_steps_ahead,two_steps_ahead_blue,Two Steps Ahead,Action,SuperSlam,Lyath,Blitz|ClassicConstructed|Draft|LivingLegend|Open|Sealed|UltimatePitFight,,False,False,True,False,False,P2,45,manual_custom
unexpected_backhand,unexpected_backhand_blue|unexpected_backhand_red|unexpected_backhand_yellow,Unexpected Backhand,Action,SuperSlam,Kayo|Levia|RKO|Rhinar|Tuffnut,Blitz|Clash|ClassicConstructed|Draft|LivingLegend|Open|Sealed|SilverAge|UltimatePitFight,,False,False,True,False,False,P2,45,manual_custom
unravel_aggression,unravel_aggression_blue,Unravel Aggression,DefenseReaction,PartTheMistveil,Enigma|Nuu|Zen,Blitz|ClassicConstructed|Draft|LivingLegend|Open|Sealed|UltimatePitFight,,False,False,True,False,False,P2,45,manual_custom
uplifting_performance,uplifting_performance_blue,Uplifting Performance,Action,ArmoryDeckPleiades|Promos|SuperSlam,Pleiades,Blitz|Clash|ClassicConstructed|Draft|LivingLegend|Open|Sealed|SilverAge|UltimatePitFight,,False,False,True,False,False,P2,45,manual_custom
urgent_delivery,urgent_delivery_blue|urgent_delivery_red|urgent_delivery_yellow,Urgent Delivery,Action,Dynasty,Dash|DataDoll|Maxx|Puffin|Teklovossen,Blitz|Clash|ClassicConstructed|LivingLegend|Open|SilverAge|UltimatePitFight,,False,False,True,False,False,P2,45,manual_custom
ursur_the_soul_reaper,ursur_the_soul_reaper,"Ursur, the Soul Reaper",Token,Monarch|Promos,Chane|Levia|Shiyana|Vynnset|Yorick,Blitz|Clash|ClassicConstructed|Draft|LivingLegend|Open|Sealed|SilverAge|UltimatePitFight,GoAgain,False,False,True,True,False,P2,45,template_expandable
uzuri,uzuri,Uzuri,Hero,Outsiders|Promos|UzuriBlitzDeck,Uzuri,Blitz|Clash|Draft|Open|Sealed|SilverAge|UltimatePitFight,,False,False,True,False,False,P2,45,manual_custom
valahai_riven,valahai_riven_yellow,Valahai Riven,Block,CompendiumOfRathe|GEM,Betsy|Bolfar|Bravo|Brevant|Crix|Jarl|Kox|Lyath|Oldhim|Pleiades|Reya|Starvo|Terra|Valda|Victor|Yoji,Blitz|Clash|ClassicConstructed|LivingLegend|Open|SilverAge|UltimatePitFight,,False,False,True,False,False,P2,45,manual_custom
valiant_thrust,valiant_thrust_blue|valiant_thrust_red|valiant_thrust_yellow,Valiant Thrust,Action,BoltynBlitzDeck|Monarch,Boltyn,Blitz|Clash|ClassicConstructed|Draft|LivingLegend|Open|Sealed|SilverAge|UltimatePitFight,,False,False,True,False,False,P2,45,manual_custom
vigorous_engagement,vigorous_engagement_blue|vigorous_engagement_red|vigorous_engagement_yellow,Vigorous Engagement,AttackReaction,HeavyHitters|KassaiBlitzDeck,Boltyn|Dorinthea|Emperor|Fang|Hala|Kassai|Olympia,Blitz|Clash|ClassicConstructed|Draft|LivingLegend|Open|Sealed|SilverAge|UltimatePitFight,,False,False,True,False,False,P2,45,manual_custom
vipox,vipox_red,Vipox,Action,Uprising,Arakni|Aurora|Aurora2|Azalea|Benji|Betsy|Blaze|Bolfar|Boltyn|Bravo|Brevant|Briar|Broscilio|Brutus|Chane|Cindra|Crackni|Crix|Dash|DataDoll|Dorinthea|Dromai|Emperor|Enigma|Fai|Fang|Florian|Frankie|Genis|GravyBones|Hala|Ira|Iyslander|Jarl|Kano|Kassai|Katsu|Kavdaen|Kayo|Kox|Levia|Lexi|Librarian|Lyath|Marlynn|Maxx|Melody|Nuu|Oldhim|Olympia|Oscilio|Pleiades|Prism|Puffin|RKO|Reya|Rhinar|Riptide|Ruudi|Scurv|Shiyana|Slippy|Squizzy|Starvo|Taipanis|Taylor|Teklovossen|Terra|Theryon|Tuffnut|Uzuri|Valda|Verdance|Victor|Viserai|Vynnset|Yoji|Yorick|Zen|Zyggy,Blitz|ClassicConstructed|Draft|LivingLegend|Open|Sealed|UltimatePitFight,,False,False,True,False,False,P2,45,manual_custom
virulent_touch,virulent_touch_blue|virulent_touch_red|virulent_touch_yellow,Virulent Touch,Action,ArakniBlitzDeck|Outsiders,Arakni|Azalea|Crackni|Lexi|Marlynn|Nuu|Riptide|Slippy|Uzuri,Blitz|Clash|ClassicConstructed|Draft|LivingLegend|Open|Sealed|SilverAge|UltimatePitFight,,False,False,True,False,False,P2,45,manual_custom
visit_anvilheim,visit_anvilheim_blue,Visit Anvilheim,Action,MasteryPackGuardian,Betsy|Bolfar|Bravo|Brevant|Crix|Jarl|Kox|Lyath|Oldhim|Pleiades|Reya|Starvo|Terra|Valda|Victor|Yoji,Blitz|ClassicConstructed|LivingLegend|Open|UltimatePitFight,,False,False,True,False,False,P2,45,manual_custom
voltbound_duality,voltbound_duality_blue|voltbound_duality_red|voltbound_duality_yellow,Voltbound Duality,Action,OmensOfTheThirdAge|Promos,Aurora|Aurora2|Briar,Blitz|Clash|ClassicConstructed|Draft|LivingLegend|Open|Sealed|SilverAge|UltimatePitFight,,False,False,True,False,False,P2,45,manual_custom
voltic_vanguard,voltic_vanguard,Voltic Vanguard,Equipment,CompendiumOfRathe,Aurora|Aurora2|Briar|Broscilio|Lexi|Oscilio|Starvo|Taylor|Zyggy,Blitz|Clash|ClassicConstructed|LivingLegend|Open|SilverAge|UltimatePitFight,,False,False,True,False,False,P2,45,manual_custom
vynserakai,vynserakai,Vynserakai,,Uprising,Dromai,Blitz|Clash|ClassicConstructed|Draft|LivingLegend|Open|Sealed|SilverAge|UltimatePitFight,,False,False,True,False,False,P2,45,manual_custom
walk_the_plank,walk_the_plank_blue|walk_the_plank_red|walk_the_plank_yellow,Walk the Plank,Action,HighSeas,Arakni|Aurora|Aurora2|Azalea|Benji|Betsy|Blaze|Bolfar|Boltyn|Bravo|Brevant|Briar|Broscilio|Brutus|Chane|Cindra|Crackni|Crix|Dash|DataDoll|Dorinthea|Dromai|Emperor|Enigma|Fai|Fang|Florian|Frankie|Genis|GravyBones|Hala|Ira|Iyslander|Jarl|Kano|Kassai|Katsu|Kavdaen|Kayo|Kox|Levia|Lexi|Librarian|Lyath|Marlynn|Maxx|Melody|Nuu|Oldhim|Olympia|Oscilio|Pleiades|Prism|Puffin|RKO|Reya|Rhinar|Riptide|Ruudi|Scurv|Shiyana|Slippy|Squizzy|Starvo|Taipanis|Taylor|Teklovossen|Terra|Theryon|Tuffnut|Uzuri|Valda|Verdance|Victor|Viserai|Vynnset|Yoji|Yorick|Zen|Zyggy,Blitz|Clash|ClassicConstructed|Draft|LivingLegend|Open|Sealed|SilverAge|UltimatePitFight,,False,False,True,False,False,P2,45,manual_custom
wall_of_meat_and_muscle,wall_of_meat_and_muscle_red,Wall of Meat and Muscle,Block,HeavyHitters|Promos,Betsy|Bolfar|Bravo|Brevant|Crix|Jarl|Kayo|Kox|Levia|Lyath|Oldhim|Pleiades|RKO|Reya|Rhinar|Starvo|Terra|Tuffnut|Valda|Victor|Yoji,Blitz|Clash|ClassicConstructed|Draft|LivingLegend|Open|Sealed|SilverAge|UltimatePitFight,,False,False,True,False,False,P2,45,manual_custom
wallop,wallop_blue|wallop_red|wallop_yellow,Wallop,Action,HeavyHitters,Betsy|Bolfar|Bravo|Brevant|Crix|Jarl|Kox|Lyath|Oldhim|Pleiades|Reya|Starvo|Terra|Valda|Victor|Yoji,Blitz|Clash|ClassicConstructed|Draft|LivingLegend|Open|Sealed|SilverAge|UltimatePitFight,,False,False,True,False,False,P2,45,manual_custom
warmongers_diplomacy,warmongers_diplomacy_blue,Warmonger's Diplomacy,Action,DuskTillDawn|SuperSlam,Arakni|Aurora|Aurora2|Azalea|Benji|Betsy|Blaze|Bolfar|Boltyn|Bravo|Brevant|Briar|Broscilio|Brutus|Chane|Cindra|Crackni|Crix|Dash|DataDoll|Dorinthea|Dromai|Enigma|Fai|Fang|Florian|Frankie|Genis|GravyBones|Hala|Ira|Iyslander|Jarl|Kano|Kassai|Katsu|Kavdaen|Kayo|Kox|Levia|Lexi|Librarian|Lyath|Marlynn|Maxx|Melody|Nuu|Oldhim|Olympia|Oscilio|Pleiades|Prism|Puffin|RKO|Reya|Rhinar|Riptide|Ruudi|Scurv|Shiyana|Slippy|Squizzy|Starvo|Taipanis|Taylor|Teklovossen|Terra|Theryon|Tuffnut|Uzuri|Valda|Verdance|Victor|Viserai|Vynnset|Yoji|Yorick|Zen|Zyggy,Blitz|ClassicConstructed|LivingLegend|Open|UltimatePitFight,,False,False,True,False,False,P2,45,manual_custom
wax_and_wane,wax_and_wane_blue,Wax and Wane,Instant,CompendiumOfRathe,Enigma,Blitz|Clash|ClassicConstructed|LivingLegend|Open|SilverAge|UltimatePitFight,,False,False,True,False,False,P2,45,manual_custom
wax_off,wax_off_blue,Wax Off,DefenseReaction,BrightLights,Benji|Cindra|Fai|Ira|Katsu|Zen,Blitz|ClassicConstructed|LivingLegend|Open|UltimatePitFight,,False,False,True,False,False,P2,45,manual_custom
wax_on,wax_on_blue|wax_on_red|wax_on_yellow,Wax On,DefenseReaction,Everfest|FaiSilverAgeDeck,Benji|Cindra|Fai|Ira|Katsu|Zen,Blitz|Clash|ClassicConstructed|LivingLegend|Open|SilverAge|UltimatePitFight,,False,False,True,False,False,P2,45,manual_custom
well_grounded,well_grounded,Well Grounded,Equipment,FlorianBlitzDeck|Promos|Rosetta|VerdanceBlitzDeck,Briar|Florian|Jarl|Oldhim|Starvo|Taylor|Terra|Verdance,Blitz|Clash|ClassicConstructed|Draft|LivingLegend|Open|Sealed|SilverAge|UltimatePitFight,,False,False,True,False,False,P2,45,manual_custom
whos_the_tough_guy,whos_the_tough_guy_blue|whos_the_tough_guy_red|whos_the_tough_guy_yellow,Who's the Tough Guy?,Action,SuperSlam,Pleiades|Tuffnut,Blitz|Clash|ClassicConstructed|Draft|LivingLegend|Open|Sealed|SilverAge|UltimatePitFight,,False,False,True,False,False,P2,45,manual_custom
wide_blue_yonder,wide_blue_yonder_blue,Wide Blue Yonder,AttackReaction,PartTheMistveil|Promos,Enigma|Nuu|Zen,Blitz|Clash|ClassicConstructed|Draft|LivingLegend|Open|Sealed|SilverAge|UltimatePitFight,,False,False,True,False,False,P2,45,manual_custom
widowmaker,widowmaker_blue|widowmaker_red|widowmaker_yellow,Widowmaker,Action,AzaleaBlitzDeck|Outsiders,Azalea|Lexi|Marlynn|Riptide,Blitz|Clash|ClassicConstructed|Draft|LivingLegend|Open|Sealed|SilverAge|UltimatePitFight,,False,False,True,False,False,P2,45,manual_custom
wind_up_the_crowd,wind_up_the_crowd_blue,Wind Up the Crowd,Action,GEM|SuperSlam,Tuffnut,Blitz|ClassicConstructed|Draft|LivingLegend|Open|Sealed|UltimatePitFight,,False,False,True,False,False,P2,45,manual_custom
withstand,withstand_blue|withstand_red|withstand_yellow,Withstand,Instant,Dynasty,Betsy|Bolfar|Bravo|Brevant|Crix|Jarl|Kox|Lyath|Oldhim|Pleiades|Reya|Starvo|Terra|Valda|Victor|Yoji,Blitz|Clash|ClassicConstructed|LivingLegend|Open|SilverAge|UltimatePitFight,,False,False,True,False,False,P2,45,manual_custom
wounded_bull,wounded_bull_blue|wounded_bull_red|wounded_bull_yellow,Wounded Bull,Action,IyslanderSilverAgeDeck|Promos|WelcomeToRathe,Arakni|Aurora|Aurora2|Azalea|Benji|Betsy|Blaze|Bolfar|Boltyn|Bravo|Brevant|Briar|Broscilio|Brutus|Chane|Cindra|Crackni|Crix|Dash|DataDoll|Dorinthea|Dromai|Emperor|Enigma|Fai|Fang|Florian|Frankie|Genis|GravyBones|Hala|Ira|Iyslander|Jarl|Kano|Kassai|Katsu|Kavdaen|Kayo|Kox|Levia|Lexi|Librarian|Lyath|Marlynn|Maxx|Melody|Nuu|Oldhim|Olympia|Oscilio|Pleiades|Prism|Puffin|RKO|Reya|Rhinar|Riptide|Ruudi|Scurv|Shiyana|Slippy|Squizzy|Starvo|Taipanis|Taylor|Teklovossen|Terra|Theryon|Tuffnut|Uzuri|Valda|Verdance|Victor|Viserai|Vynnset|Yoji|Yorick|Zen|Zyggy,Blitz|Clash|ClassicConstructed|Draft|LivingLegend|Open|Sealed|SilverAge|UltimatePitFight,,False,False,True,False,False,P2,45,manual_custom
wreck_havoc,wreck_havoc_blue|wreck_havoc_red|wreck_havoc_yellow,Wreck Havoc,Action,ArmoryDeckKayo|DorintheaSilverAgeDeck|Outsiders,Arakni|Aurora|Aurora2|Azalea|Benji|Betsy|Blaze|Bolfar|Boltyn|Bravo|Brevant|Briar|Broscilio|Brutus|Chane|Cindra|Crackni|Crix|Dash|DataDoll|Dorinthea|Dromai|Emperor|Enigma|Fai|Fang|Florian|Frankie|Genis|GravyBones|Hala|Ira|Iyslander|Jarl|Kano|Kassai|Katsu|Kavdaen|Kayo|Kox|Levia|Lexi|Librarian|Lyath|Marlynn|Maxx|Melody|Nuu|Oldhim|Olympia|Oscilio|Pleiades|Prism|Puffin|RKO|Reya|Rhinar|Riptide|Ruudi|Scurv|Shiyana|Slippy|Squizzy|Starvo|Taipanis|Taylor|Teklovossen|Terra|Theryon|Tuffnut|Uzuri|Valda|Verdance|Victor|Viserai|Vynnset|Yoji|Yorick|Zen|Zyggy,Blitz|Clash|ClassicConstructed|Draft|LivingLegend|Open|Sealed|SilverAge|UltimatePitFight,,False,False,True,False,False,P2,45,manual_custom
yendurai,yendurai,Yendurai,,Uprising,Dromai,Blitz|Clash|ClassicConstructed|Draft|LivingLegend|Open|Sealed|SilverAge|UltimatePitFight,,False,False,True,False,False,P2,45,manual_custom
yoji_royal_protector,yoji_royal_protector,"Yoji, Royal Protector",Hero,Dynasty|Promos,Yoji,Blitz|Clash|Open|UltimatePitFight,,False,False,True,False,False,P2,45,manual_custom
yorick_weaver_of_tales,yorick_weaver_of_tales,"Yorick, Weaver of Tales",Hero,Promos,Yorick,Open|UltimatePitFight,,False,False,True,False,False,P2,45,manual_custom
zen,zen,Zen,Hero,PartTheMistveil|ZenBlitzDeck,Zen,Blitz|Clash|Draft|Open|Sealed|SilverAge|UltimatePitFight,,False,False,True,False,False,P2,45,manual_custom
zen_tamer_of_purpose,zen_tamer_of_purpose,"Zen, Tamer of Purpose",Hero,PartTheMistveil|Promos,Zen,LivingLegend|Open,,False,False,True,False,False,P2,45,manual_custom
zyggy,zyggy,Zyggy,Hero,OmensOfTheThirdAge,Zyggy,Blitz|Clash|Draft|Open|Sealed|SilverAge|UltimatePitFight,,False,False,True,False,False,P2,45,manual_custom
blasmophet_the_soul_harvester,blasmophet_the_soul_harvester,"Blasmophet, the Soul Harvester",Token,Monarch|Promos,Chane|Levia|Shiyana|Vynnset|Yorick,Blitz|Clash|ClassicConstructed|Draft|LivingLegend|Open|Sealed|SilverAge|UltimatePitFight,,False,False,True,False,False,P2,35,manual_custom
bloodrot_pox,bloodrot_pox,Bloodrot Pox,Token,ArakniBlitzDeck|ArmoryDeckArakni|ArmoryDeckAzalea|AzaleaBlitzDeck|AzaleaSilverAgeDeck|Outsiders|Promos|RiptideBlitzDeck|UzuriBlitzDeck,Arakni|Aurora|Aurora2|Azalea|Benji|Betsy|Blaze|Bolfar|Boltyn|Bravo|Brevant|Briar|Broscilio|Brutus|Chane|Cindra|Crackni|Crix|Dash|DataDoll|Dorinthea|Dromai|Emperor|Enigma|Fai|Fang|Florian|Frankie|Genis|GravyBones|Hala|Ira|Iyslander|Jarl|Kano|Kassai|Katsu|Kavdaen|Kayo|Kox|Levia|Lexi|Librarian|Lyath|Marlynn|Maxx|Melody|Nuu|Oldhim|Olympia|Oscilio|Pleiades|Prism|Puffin|RKO|Reya|Rhinar|Riptide|Ruudi|Scurv|Shiyana|Slippy|Squizzy|Starvo|Taipanis|Taylor|Teklovossen|Terra|Theryon|Tuffnut|Uzuri|Valda|Verdance|Victor|Viserai|Vynnset|Yoji|Yorick|Zen|Zyggy,Blitz|Clash|ClassicConstructed|Draft|LivingLegend|Open|Sealed|SilverAge|UltimatePitFight,,False,False,True,False,False,P2,35,manual_custom
confidence,confidence,Confidence,Token,ArmoryDeckPleiades|Promos|SuperSlam,Arakni|Aurora|Aurora2|Azalea|Benji|Betsy|Blaze|Bolfar|Boltyn|Bravo|Brevant|Briar|Broscilio|Brutus|Chane|Cindra|Crackni|Crix|Dash|DataDoll|Dorinthea|Dromai|Emperor|Enigma|Fai|Fang|Florian|Frankie|Genis|GravyBones|Hala|Ira|Iyslander|Jarl|Kano|Kassai|Katsu|Kavdaen|Kayo|Kox|Levia|Lexi|Librarian|Lyath|Marlynn|Maxx|Melody|Nuu|Oldhim|Olympia|Oscilio|Pleiades|Prism|Puffin|RKO|Reya|Rhinar|Riptide|Ruudi|Scurv|Shiyana|Slippy|Squizzy|Starvo|Taipanis|Taylor|Teklovossen|Terra|Theryon|Tuffnut|Uzuri|Valda|Verdance|Victor|Viserai|Vynnset|Yoji|Yorick|Zen|Zyggy,Blitz|Clash|ClassicConstructed|Draft|LivingLegend|Open|Sealed|SilverAge|UltimatePitFight,,False,False,True,False,False,P2,35,manual_custom
courage,courage,Courage,Token,ArmoryDeckBoltyn|DuskTillDawn|Promos,Arakni|Aurora|Aurora2|Azalea|Benji|Betsy|Blaze|Bolfar|Boltyn|Bravo|Brevant|Briar|Broscilio|Brutus|Chane|Cindra|Crackni|Crix|Dash|DataDoll|Dorinthea|Dromai|Emperor|Enigma|Fai|Fang|Florian|Frankie|Genis|GravyBones|Hala|Ira|Iyslander|Jarl|Kano|Kassai|Katsu|Kavdaen|Kayo|Kox|Levia|Lexi|Librarian|Lyath|Marlynn|Maxx|Melody|Nuu|Oldhim|Olympia|Oscilio|Pleiades|Prism|Puffin|RKO|Reya|Rhinar|Riptide|Ruudi|Scurv|Shiyana|Slippy|Squizzy|Starvo|Taipanis|Taylor|Teklovossen|Terra|Theryon|Tuffnut|Uzuri|Valda|Verdance|Victor|Viserai|Vynnset|Yoji|Yorick|Zen|Zyggy,Blitz|Clash|ClassicConstructed|LivingLegend|Open|SilverAge|UltimatePitFight,,False,False,True,False,False,P2,35,manual_custom
embodiment_of_earth,embodiment_of_earth,Embodiment of Earth,Token,ArmoryDeckOriginsJarl|BriarBlitzDeck|DuskTillDawn|FlorianBlitzDeck|Promos|Rosetta|TalesOfAria|VerdanceBlitzDeck,Aurora|Briar|Florian|Iyslander|Jarl|Lexi|Oldhim|Oscilio|Shiyana|Starvo|Terra|Verdance|Yorick,Blitz|Clash|ClassicConstructed|Draft|LivingLegend|Open|Sealed|SilverAge|UltimatePitFight,,False,False,True,False,False,P2,35,manual_custom
fealty,fealty,Fealty,Token,CindraBlitzDeck|FaiSilverAgeDeck|FangBlitzDeck|TheHunted,Cindra|Dromai|Emperor|Fai|Fang|Shiyana|Taipanis|Yorick,Blitz|Clash|ClassicConstructed|Draft|LivingLegend|Open|Sealed|SilverAge|UltimatePitFight,,False,False,True,False,False,P2,35,manual_custom
flurry,flurry,Flurry,Token,ArmoryDeckOriginsHala,Boltyn|Dorinthea|Emperor|Fang|Hala|Kassai|Olympia|Shiyana|Yorick,Blitz|Clash|ClassicConstructed|LivingLegend|Open|SilverAge|UltimatePitFight,,False,False,True,False,False,P2,35,manual_custom
frailty,frailty,Frailty,Token,ArakniBlitzDeck|ArmoryDeckAzalea|AzaleaBlitzDeck|AzaleaSilverAgeDeck|Outsiders|Promos|RiptideBlitzDeck|UzuriBlitzDeck,Arakni|Aurora|Aurora2|Azalea|Benji|Betsy|Blaze|Bolfar|Boltyn|Bravo|Brevant|Briar|Broscilio|Brutus|Chane|Cindra|Crackni|Crix|Dash|DataDoll|Dorinthea|Dromai|Emperor|Enigma|Fai|Fang|Florian|Frankie|Genis|GravyBones|Hala|Ira|Iyslander|Jarl|Kano|Kassai|Katsu|Kavdaen|Kayo|Kox|Levia|Lexi|Librarian|Lyath|Marlynn|Maxx|Melody|Nuu|Oldhim|Olympia|Oscilio|Pleiades|Prism|Puffin|RKO|Reya|Rhinar|Riptide|Ruudi|Scurv|Shiyana|Slippy|Squizzy|Starvo|Taipanis|Taylor|Teklovossen|Terra|Theryon|Tuffnut|Uzuri|Valda|Verdance|Victor|Viserai|Vynnset|Yoji|Yorick|Zen|Zyggy,Blitz|Clash|ClassicConstructed|Draft|LivingLegend|Open|Sealed|SilverAge|UltimatePitFight,,False,False,True,False,False,P2,35,manual_custom
frostbite,frostbite,Frostbite,Token,ArmoryDeckOriginsJarl|Everfest|IyslanderSilverAgeDeck|LexiBlitzDeck|OldhimBlitzDeck|Promos|TalesOfAria|Uprising,Aurora|Briar|Florian|Iyslander|Jarl|Lexi|Oldhim|Oscilio|Shiyana|Starvo|Terra|Verdance|Yorick,Blitz|Clash|ClassicConstructed|Draft|LivingLegend|Open|Sealed|SilverAge|UltimatePitFight,,False,False,True,False,False,P2,35,manual_custom
inertia,inertia,Inertia,Token,ArakniBlitzDeck|ArmoryDeckAzalea|AzaleaBlitzDeck|AzaleaSilverAgeDeck|Outsiders|Promos|RiptideBlitzDeck|UzuriBlitzDeck,Arakni|Aurora|Aurora2|Azalea|Benji|Betsy|Blaze|Bolfar|Boltyn|Bravo|Brevant|Briar|Broscilio|Brutus|Chane|Cindra|Crackni|Crix|Dash|DataDoll|Dorinthea|Dromai|Emperor|Enigma|Fai|Fang|Florian|Frankie|Genis|GravyBones|Hala|Ira|Iyslander|Jarl|Kano|Kassai|Katsu|Kavdaen|Kayo|Kox|Levia|Lexi|Librarian|Lyath|Marlynn|Maxx|Melody|Nuu|Oldhim|Olympia|Oscilio|Pleiades|Prism|Puffin|RKO|Reya|Rhinar|Riptide|Ruudi|Scurv|Shiyana|Slippy|Squizzy|Starvo|Taipanis|Taylor|Teklovossen|Terra|Theryon|Tuffnut|Uzuri|Valda|Verdance|Victor|Viserai|Vynnset|Yoji|Yorick|Zen|Zyggy,Blitz|Clash|ClassicConstructed|Draft|LivingLegend|Open|Sealed|SilverAge|UltimatePitFight,,False,False,True,False,False,P2,35,manual_custom
runechant,runechant,Runechant,Token,ArcaneRising|ArmoryDeckLegendsViserai|AuroraBlitzDeck|CrucibleOfWar|DuskTillDawn|Dynasty|Everfest|FlorianBlitzDeck|HistoryPack1|Promos|Rosetta|ViseraiSilverAgeDeck,Aurora|Aurora2|Briar|Chane|Florian|Shiyana|Viserai|Vynnset|Yorick,Blitz|Clash|ClassicConstructed|Draft|LivingLegend|Open|Sealed|SilverAge|UltimatePitFight,,False,False,True,False,False,P2,35,manual_custom
seismic_surge,seismic_surge,Seismic Surge,Token,ArmoryDeckOriginsJarl|BravoDemoDeck|BravoSilverAgeDeck|CrucibleOfWar|DuskTillDawn|Everfest|HistoryPack1|MasteryPackGuardian|OldhimBlitzDeck|Promos|SmashPalace|TalesOfAria|WelcomeToRathe,Betsy|Bolfar|Bravo|Brevant|Crix|Jarl|Kox|Lyath|Oldhim|Pleiades|Reya|Shiyana|Starvo|Terra|Valda|Victor|Yoji|Yorick,Blitz|Clash|ClassicConstructed|Draft|LivingLegend|Open|Sealed|SilverAge|UltimatePitFight,,False,False,True,False,False,P2,35,manual_custom
soul_shackle,soul_shackle,Soul Shackle,Token,ChaneBlitzDeck|Monarch|Promos,Chane|Shiyana|Vynnset|Yorick,Blitz|Clash|ClassicConstructed|Draft|LivingLegend|Open|Sealed|SilverAge|UltimatePitFight,,False,False,True,False,False,P2,35,manual_custom
zen_state,zen_state,Zen State,Token,CrucibleOfWar|HistoryPack1|PartTheMistveil|Promos,Benji|Cindra|Fai|Ira|Katsu|Shiyana|Yorick|Zen,Blitz|Clash|ClassicConstructed|Draft|LivingLegend|Open|Sealed|SilverAge|UltimatePitFight,,False,False,True,False,False,P2,35,manual_custom
aether_sink,aether_sink_yellow,Aether Sink,Action,ArcaneRising|HistoryPack1,Dash|DataDoll|Maxx|Puffin|Teklovossen,Blitz|Clash|ClassicConstructed|Draft|LivingLegend|Open|Sealed|SilverAge|UltimatePitFight,ArcaneBarrier|GoAgain,False,False,True,False,False,P2,30,manual_or_keyword_gap
aetherize,aetherize_blue,Aetherize,Instant,CrucibleOfWar,Blaze|Broscilio|Iyslander|Kano|Oscilio|Verdance,Blitz|ClassicConstructed|LivingLegend|Open|UltimatePitFight,Negate,False,False,True,False,False,P2,30,manual_or_keyword_gap
alluring_inducement,alluring_inducement_yellow,Alluring Inducement,Action,DuskTillDawn,Shiyana,Blitz|Clash|ClassicConstructed|LivingLegend|Open|UltimatePitFight,Specialization|Unity,False,False,True,False,False,P2,30,manual_or_keyword_gap
alpha_instinct,alpha_instinct_blue,Alpha Instinct,Action,ArmoryDeckRhinar,Rhinar|Shiyana,Blitz|Clash|ClassicConstructed|LivingLegend|Open|UltimatePitFight,Specialization,False,False,True,False,False,P2,30,manual_or_keyword_gap
already_dead,already_dead_red,Already Dead,Action,BrightLights,Arakni|Crackni|Nuu|Slippy|Uzuri,Blitz|ClassicConstructed|LivingLegend|Open|UltimatePitFight,Contract,False,False,True,False,False,P2,30,manual_or_keyword_gap
amethyst_tiara,amethyst_tiara,Amethyst Tiara,Equipment,Dynasty,Aurora|Aurora2|Briar|Chane|Florian|Taylor|Viserai|Vynnset,Blitz|ClassicConstructed|LivingLegend|Open|UltimatePitFight,BladeBreak|Spellvoid,False,False,True,False,False,P2,30,manual_or_keyword_gap
annihilate_the_armed,annihilate_the_armed_blue|annihilate_the_armed_red|annihilate_the_armed_yellow,Annihilate the Armed,Action,ArakniBlitzDeckARK|Dynasty,Arakni|Crackni|Nuu|Slippy|Uzuri,Blitz|Clash|ClassicConstructed|LivingLegend|Open|SilverAge|UltimatePitFight,Contract,False,False,True,False,False,P2,30,manual_or_keyword_gap
apocalypse_automaton,apocalypse_automaton_red,Apocalypse Automaton,Action,Promos|RoundTheTable,Dash|DataDoll|Maxx|Puffin|Teklovossen,Blitz|ClassicConstructed|LivingLegend|Open|UltimatePitFight,EvoUpgrade,False,False,True,False,False,P2,30,manual_or_keyword_gap
arc_light_sentinel,arc_light_sentinel_yellow,Arc Light Sentinel,Instant,ArmoryDeckLegendsPrism|Monarch|Promos,Prism|Shiyana,Blitz|Clash|ClassicConstructed|Draft|LivingLegend|Open|Sealed|UltimatePitFight,Specialization|Spectra,False,False,True,False,False,P2,30,manual_or_keyword_gap
arcanite_fortress,arcanite_fortress,Arcanite Fortress,Equipment,Promos|Rosetta,Arakni|Aurora|Aurora2|Azalea|Benji|Betsy|Blaze|Bolfar|Boltyn|Bravo|Brevant|Briar|Broscilio|Brutus|Chane|Cindra|Crackni|Crix|Dash|DataDoll|Dorinthea|Dromai|Emperor|Enigma|Fai|Fang|Florian|Frankie|Genis|GravyBones|Hala|Ira|Iyslander|Jarl|Kano|Kassai|Katsu|Kavdaen|Kayo|Kox|Levia|Lexi|Librarian|Lyath|Marlynn|Maxx|Melody|Nuu|Oldhim|Olympia|Oscilio|Pleiades|Prism|Puffin|RKO|Reya|Rhinar|Riptide|Ruudi|Scurv|Shiyana|Slippy|Squizzy|Starvo|Taipanis|Taylor|Teklovossen|Terra|Theryon|Tuffnut|Uzuri|Valda|Verdance|Victor|Viserai|Vynnset|Yoji|Yorick|Zen|Zyggy,Blitz|ClassicConstructed|LivingLegend|Open|UltimatePitFight,Guardwell|Spellvoid,False,False,True,False,False,P2,30,manual_or_keyword_gap
arknight_ascendancy,arknight_ascendancy_red,Arknight Ascendancy,Action,ArcaneRising|ArmoryDeckLegendsViserai|HistoryPack1,Shiyana|Viserai,Blitz|Clash|ClassicConstructed|Draft|LivingLegend|Open|Sealed|UltimatePitFight,Dominate|Specialization,False,False,True,False,False,P2,30,manual_or_keyword_gap
arknight_shard,arknight_shard_blue,Arknight Shard,Resource,CrucibleOfWar,Shiyana|Viserai,Blitz|Clash|ClassicConstructed|LivingLegend|Open|UltimatePitFight,Legendary|Specialization,False,False,True,False,False,P2,30,manual_or_keyword_gap
arousing_wave,arousing_wave,Arousing Wave,Equipment,NuuBlitzDeck|PartTheMistveil|Promos,Nuu|Taylor,Blitz|Clash|ClassicConstructed|Draft|LivingLegend|Open|Sealed|SilverAge|UltimatePitFight,Battleworn,False,False,True,False,False,P2,30,manual_or_keyword_gap
art_of_desire_body,art_of_desire_body_red,Art of Desire: Body,Action,ArakniSilverAgeDeck|ArmoryDeckArakni|NuuBlitzDeck|PartTheMistveil,Arakni|Crackni|Nuu|Slippy|Uzuri,Blitz|Clash|ClassicConstructed|Draft|LivingLegend|Open|Sealed|SilverAge|UltimatePitFight,Stealth,False,False,True,False,False,P2,30,manual_or_keyword_gap
art_of_desire_mind,art_of_desire_mind_blue,Art of Desire: Mind,Action,ArakniSilverAgeDeck|PartTheMistveil,Arakni|Crackni|Nuu|Slippy|Uzuri,Blitz|Clash|ClassicConstructed|Draft|LivingLegend|Open|Sealed|SilverAge|UltimatePitFight,Stealth,False,False,True,False,False,P2,30,manual_or_keyword_gap
art_of_desire_soul,art_of_desire_soul_yellow,Art of Desire: Soul,Action,PartTheMistveil,Arakni|Crackni|Nuu|Slippy|Uzuri,Blitz|Clash|ClassicConstructed|Draft|LivingLegend|Open|Sealed|SilverAge|UltimatePitFight,Stealth,False,False,True,False,False,P2,30,manual_or_keyword_gap
auric_shards,auric_shards_blue|auric_shards_red|auric_shards_yellow,Auric Shards,Instant,OmensOfTheThirdAge,Zyggy,Blitz|Clash|ClassicConstructed|Draft|LivingLegend|Open|Sealed|SilverAge|UltimatePitFight,Ward,False,False,True,False,False,P2,30,manual_or_keyword_gap
aurora,aurora,Aurora,Hero,FirstStrikeAurora|AuroraBlitzDeck|Rosetta,Aurora,Blitz|Clash|Draft|Open|Sealed|SilverAge|UltimatePitFight,Essence,False,False,True,False,False,P2,30,manual_or_keyword_gap
aurora_shooting_star,aurora_shooting_star,"Aurora, Shooting Star",Hero,ArmoryDeckAurora|Promos|Rosetta,Aurora,LivingLegend|Open,Essence,False,False,True,False,False,P2,30,manual_or_keyword_gap
aurum_aegis,aurum_aegis,Aurum Aegis,Equipment,HeavyHitters|Promos,Shiyana|Taylor|Victor,Blitz|Clash|ClassicConstructed|LivingLegend|Open|UltimatePitFight,Specialization|Temper,False,False,True,False,False,P2,30,manual_or_keyword_gap
authority_of_ataya,authority_of_ataya_blue,Authority of Ataya,Resource,SuperSlam,Arakni|Aurora|Aurora2|Azalea|Benji|Betsy|Blaze|Bolfar|Boltyn|Bravo|Brevant|Briar|Broscilio|Brutus|Chane|Cindra|Crackni|Crix|Dash|DataDoll|Dorinthea|Dromai|Enigma|Fai|Fang|Florian|Frankie|Genis|GravyBones|Hala|Ira|Iyslander|Jarl|Kano|Kassai|Katsu|Kavdaen|Kayo|Kox|Levia|Lexi|Librarian|Lyath|Marlynn|Maxx|Melody|Nuu|Oldhim|Olympia|Oscilio|Pleiades|Prism|Puffin|RKO|Reya|Rhinar|Riptide|Ruudi|Scurv|Shiyana|Slippy|Squizzy|Starvo|Taipanis|Taylor|Teklovossen|Terra|Theryon|Tuffnut|Uzuri|Valda|Verdance|Victor|Viserai|Vynnset|Yoji|Yorick|Zen|Zyggy,Blitz|ClassicConstructed|LivingLegend|Open|UltimatePitFight,Legendary,False,False,True,False,False,P2,30,manual_or_keyword_gap
autosave_script,autosave_script_blue,Autosave Script,Action,BrightLights,Dash|DataDoll|Maxx|Puffin|Teklovossen,Blitz|Clash|ClassicConstructed|Draft|LivingLegend|Open|Sealed|SilverAge|UltimatePitFight,Crank,False,False,True,False,False,P2,30,manual_or_keyword_gap
avalon_archangel_of_rebirth,avalon_archangel_of_rebirth,"Avalon, Archangel of Rebirth",,DuskTillDawn,Librarian|Prism|Theryon,Blitz|ClassicConstructed|LivingLegend|Open|UltimatePitFight,Ward,False,False,True,False,False,P2,30,manual_or_keyword_gap
awakening,awakening_blue,Awakening,Instant,TalesOfAria,Jarl|Oldhim|Starvo|Terra,Blitz|Draft|LivingLegend|Open|Sealed|UltimatePitFight,Fusion,False,False,True,False,False,P2,30,manual_or_keyword_gap
azalea,azalea,Azalea,Hero,ArcaneRising|AzaleaBlitzDeck|AzaleaSilverAgeDeck|CompendiumOfRathe|HistoryPack1|Outsiders|Promos,Azalea,Blitz|Clash|Draft|Open|Sealed|SilverAge|UltimatePitFight,Dominate|GoAgain,False,False,True,False,False,P2,30,manual_or_keyword_gap
azalea_ace_in_the_hole,azalea_ace_in_the_hole,"Azalea, Ace in the Hole",Hero,ArcaneRising|ArmoryDeckAzalea|CrucibleOfWar|HistoryPack1|Outsiders|Promos,Azalea,LivingLegend|Open,Dominate|GoAgain,False,False,True,False,False,P2,30,manual_or_keyword_gap
balance_of_justice,balance_of_justice,Balance of Justice,Equipment,CompendiumOfRathe|HeavyHitters|Promos,Arakni|Aurora|Aurora2|Azalea|Benji|Betsy|Blaze|Bolfar|Boltyn|Bravo|Brevant|Briar|Broscilio|Brutus|Chane|Cindra|Crackni|Crix|Dash|DataDoll|Dorinthea|Dromai|Emperor|Enigma|Fai|Fang|Florian|Frankie|Genis|GravyBones|Hala|Ira|Iyslander|Jarl|Kano|Kassai|Katsu|Kavdaen|Kayo|Kox|Levia|Lexi|Librarian|Lyath|Marlynn|Maxx|Melody|Nuu|Oldhim|Olympia|Oscilio|Pleiades|Prism|Puffin|RKO|Reya|Rhinar|Riptide|Ruudi|Scurv|Shiyana|Slippy|Squizzy|Starvo|Taipanis|Taylor|Teklovossen|Terra|Theryon|Tuffnut|Uzuri|Valda|Verdance|Victor|Viserai|Vynnset|Yoji|Yorick|Zen|Zyggy,Blitz|ClassicConstructed|LivingLegend|Open|UltimatePitFight,Guardwell,False,False,True,False,False,P2,30,manual_or_keyword_gap
banneret_of_protection,banneret_of_protection_yellow,Banneret of Protection,Action,DuskTillDawn|Promos,Boltyn,Blitz|ClassicConstructed|LivingLegend|Open|UltimatePitFight,Solflare,False,False,True,False,False,P2,30,manual_or_keyword_gap
barkbone_strapping,barkbone_strapping,Barkbone Strapping,Equipment,HistoryPack1|RhinarHeroDeck|WelcomeToRathe,Kayo|Levia|RKO|Rhinar|Taylor|Tuffnut,Blitz|Clash|ClassicConstructed|Draft|LivingLegend|Open|Sealed|SilverAge|UltimatePitFight,Battleworn,False,False,True,False,False,P2,30,manual_or_keyword_gap
barnacle,barnacle_yellow,Barnacle,Action,ArmoryDeckGravyBones|HighSeas|Promos,GravyBones,Blitz|Clash|ClassicConstructed|Draft|LivingLegend|Open|Sealed|SilverAge|UltimatePitFight,WateryGrave,False,False,True,False,False,P2,30,manual_or_keyword_gap
base_of_the_mountain,base_of_the_mountain,Base of the Mountain,Equipment,MasteryPackGuardian,Arakni|Aurora|Aurora2|Azalea|Benji|Betsy|Blaze|Bolfar|Boltyn|Bravo|Brevant|Briar|Broscilio|Brutus|Chane|Cindra|Crackni|Crix|Dash|DataDoll|Dorinthea|Dromai|Emperor|Enigma|Fai|Fang|Florian|Frankie|Genis|GravyBones|Hala|Ira|Iyslander|Jarl|Kano|Kassai|Katsu|Kavdaen|Kayo|Kox|Levia|Lexi|Librarian|Lyath|Marlynn|Maxx|Melody|Nuu|Oldhim|Olympia|Oscilio|Pleiades|Prism|Puffin|RKO|Reya|Rhinar|Riptide|Ruudi|Scurv|Shiyana|Slippy|Squizzy|Starvo|Taipanis|Taylor|Teklovossen|Terra|Theryon|Tuffnut|Uzuri|Valda|Verdance|Victor|Viserai|Vynnset|Yoji|Yorick|Zen|Zyggy,Blitz|ClassicConstructed|LivingLegend|Open|UltimatePitFight,BladeBreak,False,False,True,False,False,P2,30,manual_or_keyword_gap
bastion_of_duty,bastion_of_duty,Bastion of Duty,Equipment,Promos|RoundTheTable,Betsy|Bolfar|Bravo|Brevant|Crix|Jarl|Kox|Lyath|Oldhim|Pleiades|Reya|Starvo|Taylor|Terra|Valda|Victor|Yoji,Blitz|Clash|ClassicConstructed|LivingLegend|Open|SilverAge|UltimatePitFight,Protect|Temper,False,False,True,False,False,P2,30,manual_or_keyword_gap
batter_to_a_pulp,batter_to_a_pulp_red,Batter to a Pulp,Action,Promos,Betsy|Bolfar|Bravo|Brevant|Crix|Jarl|Kox|Lyath|Oldhim|Pleiades|Reya|Starvo|Terra|Valda|Victor|Yoji,Blitz|Clash|ClassicConstructed|LivingLegend|Open|UltimatePitFight,Crush,False,False,True,False,False,P2,30,manual_or_keyword_gap
battlefield_blitz,battlefield_blitz_blue|battlefield_blitz_red|battlefield_blitz_yellow,Battlefield Blitz,Action,BoltynBlitzDeck|Monarch,Boltyn,Blitz|Clash|ClassicConstructed|Draft|LivingLegend|Open|Sealed|SilverAge|UltimatePitFight,GoAgain,False,False,True,False,False,P2,30,manual_or_keyword_gap
beaming_bravado,beaming_bravado_blue|beaming_bravado_red|beaming_bravado_yellow,Beaming Bravado,Action,ArmoryDeckBoltyn|DuskTillDawn,Boltyn,Blitz|Clash|ClassicConstructed|LivingLegend|Open|SilverAge|UltimatePitFight,Charge,False,False,True,False,False,P2,30,manual_or_keyword_gap
beat_of_the_ironsong,beat_of_the_ironsong_blue,Beat of the Ironsong,AttackReaction,SuperSlam,Boltyn|Dorinthea|Fang|Hala|Kassai|Olympia,Blitz|ClassicConstructed|LivingLegend|Open|UltimatePitFight,GoAgain,False,False,True,False,False,P2,30,manual_or_keyword_gap
beaten_trackers,beaten_trackers,Beaten Trackers,Equipment,ArmoryDeckKayo|Dynasty|KayoSilverAgeDeck,Kayo|Levia|RKO|Rhinar|Taylor|Tuffnut,Blitz|Clash|ClassicConstructed|LivingLegend|Open|SilverAge|UltimatePitFight,Battleworn,False,False,True,False,False,P2,30,manual_or_keyword_gap
beckoning_haunt,beckoning_haunt,Beckoning Haunt,Equipment,CompendiumOfRathe|ViseraiSilverAgeDeck,Aurora|Aurora2|Briar|Chane|Florian|Taylor|Viserai|Vynnset,Blitz|Clash|ClassicConstructed|LivingLegend|Open|SilverAge|UltimatePitFight,Guardwell,False,False,True,False,False,P2,30,manual_or_keyword_gap
beckoning_light,beckoning_light_red,Beckoning Light,Action,DuskTillDawn,Boltyn,Blitz|ClassicConstructed|LivingLegend|Open|UltimatePitFight,Charge,False,False,True,False,False,P2,30,manual_or_keyword_gap
become_the_arknight,become_the_arknight_blue,Become the Arknight,Action,ArcaneRising|ArmoryDeckLegendsViserai|HistoryPack1,Shiyana|Viserai,Blitz|Clash|ClassicConstructed|Draft|LivingLegend|Open|Sealed|UltimatePitFight,GoAgain|Specialization,False,False,True,False,False,P2,30,manual_or_keyword_gap
bellona_archangel_of_war,bellona_archangel_of_war,"Bellona, Archangel of War",,DuskTillDawn,Librarian|Prism|Theryon,Blitz|ClassicConstructed|LivingLegend|Open|UltimatePitFight,Ward,False,False,True,False,False,P2,30,manual_or_keyword_gap
beneath_the_surface,beneath_the_surface_yellow,Beneath the Surface,DefenseReaction,CompendiumOfRathe,GravyBones,Blitz|Clash|ClassicConstructed|LivingLegend|Open|SilverAge|UltimatePitFight,WateryGrave,False,False,True,False,False,P2,30,manual_or_keyword_gap
bet_big,bet_big_red,Bet Big,Action,HeavyHitters,Betsy|Shiyana,Blitz|Clash|ClassicConstructed|Draft|LivingLegend|Open|Sealed|UltimatePitFight,Specialization|Wager,False,False,True,False,False,P2,30,manual_or_keyword_gap
big_bertha,big_bertha_blue|big_bertha_red|big_bertha_yellow,Big Bertha,Action,BrightLights,Dash|DataDoll|Maxx|Puffin|Teklovossen,Blitz|Clash|ClassicConstructed|Draft|LivingLegend|Open|Sealed|SilverAge|UltimatePitFight,Boost,False,False,True,False,False,P2,30,manual_or_keyword_gap
big_bully,big_bully_red,Big Bully,Action,SuperSlam,RKO,Blitz|ClassicConstructed|Draft|LivingLegend|Open|Sealed|UltimatePitFight,TheCrowdBoos,False,False,True,False,False,P2,30,manual_or_keyword_gap
bingo,bingo_red,Bingo,Action,Everfest,Arakni|Aurora|Aurora2|Azalea|Benji|Betsy|Blaze|Bolfar|Boltyn|Bravo|Brevant|Briar|Broscilio|Brutus|Chane|Cindra|Crackni|Crix|Dash|DataDoll|Dorinthea|Dromai|Emperor|Enigma|Fai|Fang|Florian|Frankie|Genis|GravyBones|Hala|Ira|Iyslander|Jarl|Kano|Kassai|Katsu|Kavdaen|Kayo|Kox|Levia|Lexi|Librarian|Lyath|Marlynn|Maxx|Melody|Nuu|Oldhim|Olympia|Oscilio|Pleiades|Prism|Puffin|RKO|Reya|Rhinar|Riptide|Ruudi|Scurv|Shiyana|Slippy|Squizzy|Starvo|Taipanis|Taylor|Teklovossen|Terra|Theryon|Tuffnut|Uzuri|Valda|Verdance|Victor|Viserai|Vynnset|Yoji|Yorick|Zen|Zyggy,Blitz|ClassicConstructed|LivingLegend|Open|UltimatePitFight,GoAgain,False,False,True,False,False,P2,30,manual_or_keyword_gap
biting_blade,biting_blade_blue|biting_blade_red|biting_blade_yellow,Biting Blade,AttackReaction,DorintheaHeroDeck|WelcomeToRathe,Boltyn|Dorinthea|Emperor|Fang|Hala|Kassai|Olympia,Blitz|Clash|ClassicConstructed|Draft|LivingLegend|Open|Sealed|SilverAge|UltimatePitFight,Reprise,False,False,True,False,False,P2,30,manual_or_keyword_gap
biting_gale,biting_gale_blue|biting_gale_red|biting_gale_yellow,Biting Gale,DefenseReaction,TalesOfAria,Jarl|Oldhim|Starvo|Terra,Blitz|Clash|ClassicConstructed|Draft|LivingLegend|Open|Sealed|SilverAge|UltimatePitFight,Fusion,False,False,True,False,False,P2,30,manual_or_keyword_gap
blade_cuff,blade_cuff,Blade Cuff,Equipment,Outsiders,Arakni|Benji|Cindra|Crackni|Fai|Ira|Katsu|Nuu|Slippy|Taylor|Uzuri|Zen,Blitz|Clash|ClassicConstructed|Draft|LivingLegend|Open|Sealed|SilverAge|UltimatePitFight,BladeBreak|GoAgain,False,False,True,False,False,P2,30,manual_or_keyword_gap
blasmophet_levia_consumed,blasmophet_levia_consumed,"Blasmophet, Levia Consumed",DemiHero,DuskTillDawn,Levia|Shiyana,Blitz|Clash|ClassicConstructed|LivingLegend|Open|UltimatePitFight,Legendary|Specialization|Transform,False,False,True,False,False,P2,30,manual_or_keyword_gap
blast_rig,blast_rig_red,Blast Rig,Action,CompendiumOfRathe|GEM,Dash|DataDoll|Maxx|Puffin|Teklovossen,Blitz|Clash|ClassicConstructed|LivingLegend|Open|SilverAge|UltimatePitFight,Boost|EvoUpgrade,False,False,True,False,False,P2,30,manual_or_keyword_gap
blazing_aether,blazing_aether_red,Blazing Aether,Action,ArcaneRising|HistoryPack1,Kano|Shiyana,Blitz|Clash|ClassicConstructed|Draft|LivingLegend|Open|Sealed|UltimatePitFight,Specialization,False,False,True,False,False,P2,30,manual_or_keyword_gap
blessing_of_focus,blessing_of_focus_blue|blessing_of_focus_red|blessing_of_focus_yellow,Blessing of Focus,Action,Dynasty,Azalea|Lexi|Marlynn|Riptide,Blitz|Clash|ClassicConstructed|LivingLegend|Open|SilverAge|UltimatePitFight,Opt,False,False,True,False,False,P2,30,manual_or_keyword_gap
blinding_of_the_old_ones,blinding_of_the_old_ones_red,Blinding of the Old Ones,Action,MasteryPackGuardian,Betsy|Bolfar|Bravo|Brevant|Crix|Jarl|Kox|Lyath|Oldhim|Pleiades|Reya|Starvo|Terra|Valda|Victor|Yoji,Blitz|Clash|ClassicConstructed|LivingLegend|Open|SilverAge|UltimatePitFight,Crush|Heave,False,False,True,False,False,P2,30,manual_or_keyword_gap
blood_of_the_dracai,blood_of_the_dracai_red,Blood of the Dracai,Resource,Uprising,Cindra|Dromai|Emperor|Fai|Fang|Taipanis,Blitz|ClassicConstructed|Draft|LivingLegend|Open|Sealed|UltimatePitFight,Legendary,False,False,True,False,False,P2,30,manual_or_keyword_gap
blood_scent,blood_scent,Blood Scent,Equipment,FaiSilverAgeDeck|Promos|RoundTheTable,Benji|Cindra|Fai|Ira|Katsu|Taylor|Zen,Blitz|Clash|ClassicConstructed|LivingLegend|Open|SilverAge|UltimatePitFight,Battleworn,False,False,True,False,False,P2,30,manual_or_keyword_gap
bloodied_oval,bloodied_oval,Bloodied Oval,Equipment,BetsyBlitzDeck|HeavyHitters,Arakni|Aurora|Aurora2|Azalea|Benji|Betsy|Blaze|Bolfar|Boltyn|Bravo|Brevant|Briar|Broscilio|Brutus|Chane|Cindra|Crackni|Crix|Dash|DataDoll|Dorinthea|Dromai|Emperor|Enigma|Fai|Fang|Florian|Frankie|Genis|GravyBones|Hala|Ira|Iyslander|Jarl|Kano|Kassai|Katsu|Kavdaen|Kayo|Kox|Levia|Lexi|Librarian|Lyath|Marlynn|Maxx|Melody|Nuu|Oldhim|Olympia|Oscilio|Pleiades|Prism|Puffin|RKO|Reya|Rhinar|Riptide|Ruudi|Scurv|Shiyana|Slippy|Squizzy|Starvo|Taipanis|Taylor|Teklovossen|Terra|Theryon|Tuffnut|Uzuri|Valda|Verdance|Victor|Viserai|Vynnset|Yoji|Yorick|Zen|Zyggy,Blitz|Clash|ClassicConstructed|Draft|LivingLegend|Open|Sealed|SilverAge|UltimatePitFight,BladeBreak,False,False,True,False,False,P2,30,manual_or_keyword_gap
bloodsheath_skeleta,bloodsheath_skeleta,Bloodsheath Skeleta,Equipment,ArmoryDeckLegendsViserai|CrucibleOfWar|HistoryPack1,Aurora|Aurora2|Briar|Chane|Florian|Taylor|Viserai|Vynnset,Blitz|LivingLegend|Open|UltimatePitFight,Temper,False,False,True,False,False,P2,30,manual_or_keyword_gap
blue_fin_harpoon,blue_fin_harpoon_blue,Blue Fin Harpoon,Action,GEM|HighSeas,Marlynn,Blitz|Clash|ClassicConstructed|Draft|LivingLegend|Open|Sealed|SilverAge|UltimatePitFight,GoFish,False,False,True,False,False,P2,30,manual_or_keyword_gap
bolfar_bear_hands,bolfar_bear_hands,"Bolfar, Bear Hands",Hero,SmashPalace,Bolfar,Clash|Open|UltimatePitFight,GoAgain,False,False,True,False,False,P2,30,manual_or_keyword_gap
boltn_shot,boltn_shot_blue|boltn_shot_red|boltn_shot_yellow,Bolt'n' Shot,Action,ArmoryDeckAzalea|AzaleaSilverAgeDeck|GEM|LexiBlitzDeck|TalesOfAria,Azalea|Lexi|Marlynn|Riptide,Blitz|Clash|ClassicConstructed|Draft|LivingLegend|Open|Sealed|SilverAge|UltimatePitFight,GoAgain|Reload,False,False,True,False,False,P2,30,manual_or_keyword_gap
bonds_of_agony,bonds_of_agony_blue,Bonds of Agony,Action,PartTheMistveil,Arakni|Crackni|Nuu|Slippy|Uzuri,Blitz|Draft|LivingLegend|Open|Sealed|UltimatePitFight,Stealth,False,False,True,False,False,P2,30,manual_or_keyword_gap
bonds_of_attraction,bonds_of_attraction_blue|bonds_of_attraction_red|bonds_of_attraction_yellow,Bonds of Attraction,Action,PartTheMistveil,Arakni|Crackni|Nuu|Slippy|Uzuri,Blitz|Clash|ClassicConstructed|Draft|LivingLegend|Open|Sealed|SilverAge|UltimatePitFight,Stealth,False,False,True,False,False,P2,30,manual_or_keyword_gap
bonds_of_memory,bonds_of_memory_blue|bonds_of_memory_red|bonds_of_memory_yellow,Bonds of Memory,Action,NuuBlitzDeck|PartTheMistveil,Arakni|Crackni|Nuu|Slippy|Uzuri,Blitz|Clash|ClassicConstructed|Draft|LivingLegend|Open|Sealed|SilverAge|UltimatePitFight,Stealth,False,False,True,False,False,P2,30,manual_or_keyword_gap
bone_vizier,bone_vizier,Bone Vizier,Equipment,ClassicBattlesRhinarDorinthea|Promos,Kayo|Levia|RKO|Rhinar|Taylor|Tuffnut,Blitz|Clash|ClassicConstructed|LivingLegend|Open|SilverAge|UltimatePitFight,BladeBreak,False,False,True,False,False,P2,30,manual_or_keyword_gap
boo_resident_spook,boo_resident_spook_yellow,"Boo, Resident Spook",Action,CompendiumOfRathe,GravyBones,Blitz|ClassicConstructed|LivingLegend|Open|UltimatePitFight,Spellvoid|WateryGrave,False,False,True,False,False,P2,30,manual_or_keyword_gap
bounding_demigon,bounding_demigon_blue|bounding_demigon_red|bounding_demigon_yellow,Bounding Demigon,Action,ChaneBlitzDeck|Monarch,Chane|Vynnset,Blitz|Clash|ClassicConstructed|Draft|LivingLegend|Open|Sealed|SilverAge|UltimatePitFight,BloodDebt,False,False,True,False,False,P2,30,manual_or_keyword_gap
brain_freeze,brain_freeze_blue|brain_freeze_red|brain_freeze_yellow,Brain Freeze,Action,Uprising,Iyslander|Oscilio|Verdance,Blitz|Clash|ClassicConstructed|Draft|LivingLegend|Open|Sealed|SilverAge|UltimatePitFight,Fusion,False,False,True,False,False,P2,30,manual_or_keyword_gap
bravo_flattering_showman,bravo_flattering_showman,"Bravo, Flattering Showman",Hero,BravoDemoDeck|BravoSilverAgeDeck|GEM|Promos|SmashPalace,Bravo,Blitz|Clash|Open|SilverAge|UltimatePitFight,Dominate|GoAgain,False,False,True,False,False,P2,30,manual_or_keyword_gap
bravo_star_of_the_show,bravo_star_of_the_show,"Bravo, Star of the Show",Hero,Everfest|Promos,Starvo,LivingLegend|Open,Dominate|Essence|GoAgain,False,False,True,False,False,P2,30,manual_or_keyword_gap
brush_of_heavenly_rites,brush_of_heavenly_rites,Brush of Heavenly Rites,Weapon,Promos,Brutus|Librarian|Taipanis|Theryon,Clash|Open|UltimatePitFight,GoAgain,False,False,True,False,False,P2,30,manual_or_keyword_gap
bubba_lubba_run_aground,bubba_lubba_run_aground_yellow,"Bubba-Lubba, Run Aground",Action,CompendiumOfRathe,GravyBones,Blitz|ClassicConstructed|LivingLegend|Open|UltimatePitFight,GoAgain|WateryGrave,False,False,True,False,False,P2,30,manual_or_keyword_gap
bull_bar,bull_bar_blue|bull_bar_red|bull_bar_yellow,Bull Bar,Action,BrightLights,Dash|DataDoll|Maxx|Puffin|Teklovossen,Blitz|Clash|ClassicConstructed|Draft|LivingLegend|Open|Sealed|SilverAge|UltimatePitFight,Boost|Overpower,False,False,True,False,False,P2,30,manual_or_keyword_gap
buzz_bolt,buzz_bolt_blue|buzz_bolt_red|buzz_bolt_yellow,Buzz Bolt,Action,LexiBlitzDeck|TalesOfAria,Lexi,Blitz|Clash|ClassicConstructed|Draft|LivingLegend|Open|Sealed|SilverAge|UltimatePitFight,Fusion,False,False,True,False,False,P2,30,manual_or_keyword_gap
buzzsaw_trap,buzzsaw_trap_blue,Buzzsaw Trap,DefenseReaction,Outsiders,Riptide|Shiyana,Blitz|Clash|ClassicConstructed|Draft|LivingLegend|Open|Sealed|UltimatePitFight,Legendary|Specialization,False,False,True,False,False,P2,30,manual_or_keyword_gap
call_down_the_lightning,call_down_the_lightning_yellow,Call Down the Lightning,Action,DuskTillDawn,Lexi|Shiyana,Blitz|Clash|ClassicConstructed|LivingLegend|Open|UltimatePitFight,GoAgain|Specialization|Unity,False,False,True,False,False,P2,30,manual_or_keyword_gap
calming_cloak,calming_cloak,Calming Cloak,Equipment,Rosetta,Dromai|Enigma|Prism|Taylor|Zyggy,Blitz|ClassicConstructed|LivingLegend|Open|UltimatePitFight,ArcaneBarrier,False,False,True,False,False,P2,30,manual_or_keyword_gap
captains_coat,captains_coat,Captain's Coat,Equipment,HighSeas,Arakni|Aurora|Aurora2|Azalea|Benji|Betsy|Blaze|Bolfar|Boltyn|Bravo|Brevant|Briar|Broscilio|Brutus|Chane|Cindra|Crackni|Crix|Dash|DataDoll|Dorinthea|Dromai|Emperor|Enigma|Fai|Fang|Florian|Frankie|Genis|GravyBones|Hala|Ira|Iyslander|Jarl|Kano|Kassai|Katsu|Kavdaen|Kayo|Kox|Levia|Lexi|Librarian|Lyath|Marlynn|Maxx|Melody|Nuu|Oldhim|Olympia|Oscilio|Pleiades|Prism|Puffin|RKO|Reya|Rhinar|Riptide|Ruudi|Scurv|Shiyana|Slippy|Squizzy|Starvo|Taipanis|Taylor|Teklovossen|Terra|Theryon|Tuffnut|Uzuri|Valda|Verdance|Victor|Viserai|Vynnset|Yoji|Yorick|Zen|Zyggy,Blitz|Clash|ClassicConstructed|Draft|LivingLegend|Open|Sealed|SilverAge|UltimatePitFight,GoAgain,False,False,True,False,False,P2,30,manual_or_keyword_gap
chains_of_mephetis,chains_of_mephetis_blue,Chains of Mephetis,Action,DuskTillDawn,Chane|Levia|Vynnset,Blitz|ClassicConstructed|LivingLegend|Open|UltimatePitFight,BloodDebt,False,False,True,False,False,P2,30,manual_or_keyword_gap
chane,chane,Chane,Hero,ChaneBlitzDeck|CompendiumOfRathe|Monarch|Promos,Chane,Blitz|Clash|Draft|Open|Sealed|UltimatePitFight,GoAgain,False,False,True,False,False,P2,30,manual_or_keyword_gap
chane_bound_by_shadow,chane_bound_by_shadow,"Chane, Bound by Shadow",Hero,Monarch|Promos,Chane,LivingLegend|Open,GoAgain,False,False,True,False,False,P2,30,manual_or_keyword_gap
channel_galcias_cradle,channel_galcias_cradle_blue,Channel Galcia's Cradle,Action,CompendiumOfRathe,Iyslander|Jarl|Lexi|Oldhim|Starvo,Blitz|Clash|ClassicConstructed|LivingLegend|Open|SilverAge|UltimatePitFight,Channel|Freeze,False,False,True,False,False,P2,30,manual_or_keyword_gap
cheaters_charm,cheaters_charm_yellow,Cheater's Charm,Instant,Promos|SuperSlam,RKO,Blitz|ClassicConstructed|Draft|LivingLegend|Open|Sealed|UltimatePitFight,Steal|TheCrowdBoos,False,False,True,False,False,P2,30,manual_or_keyword_gap
chief_rukutan,chief_rukutan,Chief Ruk'utan,Mentor,ClassicBattlesRhinarDorinthea|Promos,Kayo|Levia|RKO|Rhinar|Tuffnut,Blitz|Clash|Open|UltimatePitFight,Intimidate,False,False,True,False,False,P2,30,manual_or_keyword_gap
chilling_icevein,chilling_icevein_blue|chilling_icevein_red|chilling_icevein_yellow,Chilling Icevein,Action,TalesOfAria,Lexi,Blitz|Clash|ClassicConstructed|Draft|LivingLegend|Open|Sealed|SilverAge|UltimatePitFight,Fusion,False,False,True,False,False,P2,30,manual_or_keyword_gap
chivalry,chivalry_blue,Chivalry,Block,Promos|RoundTheTable,Betsy|Bolfar|Bravo|Brevant|Crix|Jarl|Kox|Lyath|Oldhim|Pleiades|Reya|Starvo|Terra|Valda|Victor|Yoji,Blitz|Clash|ClassicConstructed|LivingLegend|Open|SilverAge|UltimatePitFight,Protect,False,False,True,False,False,P2,30,manual_or_keyword_gap
chum_friendly_first_mate,chum_friendly_first_mate_yellow,"Chum, Friendly First Mate",Action,GEM|HighSeas,GravyBones,Blitz|ClassicConstructed|Draft|LivingLegend|Open|Sealed|UltimatePitFight,WateryGrave,False,False,True,False,False,P2,30,manual_or_keyword_gap
circular_flowtide,circular_flowtide_yellow,Circular Flowtide,Instant,OmensOfTheThirdAge,Zyggy,Blitz|Clash|ClassicConstructed|Draft|LivingLegend|Open|Sealed|SilverAge|UltimatePitFight,Ward,False,False,True,False,False,P2,30,manual_or_keyword_gap
civic_peak,civic_peak,Civic Peak,Equipment,Promos|RoundTheTable,Betsy|Bolfar|Bravo|Brevant|Crix|Jarl|Kox|Lyath|Oldhim|Pleiades|Reya|Starvo|Taylor|Terra|Valda|Victor|Yoji,Blitz|Clash|ClassicConstructed|LivingLegend|Open|SilverAge|UltimatePitFight,Temper,False,False,True,False,False,P2,30,manual_or_keyword_gap
clash_of_agility,clash_of_agility_blue|clash_of_agility_red|clash_of_agility_yellow,Clash of Agility,Action,ArmoryDeckKayo|HeavyHitters|KayoSilverAgeDeck,Boltyn|Brutus|Dorinthea|Emperor|Fang|Hala|Kassai|Kayo|Levia|Olympia|RKO|Rhinar|Tuffnut,Blitz|Clash|ClassicConstructed|Draft|LivingLegend|Open|Sealed|SilverAge|UltimatePitFight,Clash,False,False,True,False,False,P2,30,manual_or_keyword_gap
clash_of_bravado,clash_of_bravado_yellow,Clash of Bravado,Action,MasteryPackGuardian,Betsy|Bolfar|Bravo|Brevant|Brutus|Crix|Jarl|Kox|Lyath|Oldhim|Pleiades|Reya|Starvo|Terra|Valda|Victor|Yoji,Blitz|ClassicConstructed|LivingLegend|Open|UltimatePitFight,Clash,False,False,True,False,False,P2,30,manual_or_keyword_gap
clash_of_might,clash_of_might_blue|clash_of_might_red|clash_of_might_yellow,Clash of Might,Action,HeavyHitters|KayoSilverAgeDeck,Betsy|Bolfar|Bravo|Brevant|Brutus|Crix|Jarl|Kayo|Kox|Levia|Lyath|Oldhim|Pleiades|RKO|Reya|Rhinar|Starvo|Terra|Tuffnut|Valda|Victor|Yoji,Blitz|Clash|ClassicConstructed|Draft|LivingLegend|Open|Sealed|SilverAge|UltimatePitFight,Clash,False,False,True,False,False,P2,30,manual_or_keyword_gap
clash_of_mountains,clash_of_mountains_blue|clash_of_mountains_red|clash_of_mountains_yellow,Clash of Mountains,Action,MasteryPackGuardian,Betsy|Bolfar|Bravo|Brevant|Brutus|Crix|Jarl|Kox|Lyath|Oldhim|Pleiades|Reya|Starvo|Terra|Valda|Victor|Yoji,Blitz|Clash|ClassicConstructed|LivingLegend|Open|SilverAge|UltimatePitFight,Clash,False,False,True,False,False,P2,30,manual_or_keyword_gap
clash_of_vigor,clash_of_vigor_blue|clash_of_vigor_red|clash_of_vigor_yellow,Clash of Vigor,Action,HeavyHitters,Betsy|Bolfar|Boltyn|Bravo|Brevant|Brutus|Crix|Dorinthea|Emperor|Fang|Hala|Jarl|Kassai|Kox|Lyath|Oldhim|Olympia|Pleiades|Reya|Starvo|Terra|Valda|Victor|Yoji,Blitz|Clash|ClassicConstructed|Draft|LivingLegend|Open|Sealed|SilverAge|UltimatePitFight,Clash,False,False,True,False,False,P2,30,manual_or_keyword_gap
claw_of_vynserakai,claw_of_vynserakai,Claw of Vynserakai,Weapon,GEM|HighSeas,Cindra|Dromai|Emperor|Fai|Fang|Taipanis,Blitz|Clash|ClassicConstructed|LivingLegend|Open|UltimatePitFight,Spellvoid,False,False,True,False,False,P2,30,manual_or_keyword_gap
clench_the_upper_hand,clench_the_upper_hand_blue|clench_the_upper_hand_red|clench_the_upper_hand_yellow,Clench the Upper Hand,Action,SuperSlam,Lyath|RKO,Blitz|Clash|ClassicConstructed|Draft|LivingLegend|Open|Sealed|SilverAge|UltimatePitFight,TheCrowdBoos,False,False,True,False,False,P2,30,manual_or_keyword_gap
cloak_of_darkness,cloak_of_darkness,Cloak of Darkness,Equipment,DuskTillDawn,Chane|Levia|Taylor|Vynnset,Blitz|Clash|ClassicConstructed|LivingLegend|Open|SilverAge|UltimatePitFight,BloodDebt,False,False,True,False,False,P2,30,manual_or_keyword_gap
coalescence_mirage,coalescence_mirage_blue|coalescence_mirage_red|coalescence_mirage_yellow,Coalescence Mirage,Action,Everfest,Dromai|Enigma|Prism|Zyggy,Blitz|Clash|ClassicConstructed|LivingLegend|Open|SilverAge|UltimatePitFight,Phantasm,False,False,True,False,False,P2,30,manual_or_keyword_gap
coat_of_allegiance,coat_of_allegiance,Coat of Allegiance,Equipment,FangBlitzDeck|TheHunted,Cindra|Dromai|Emperor|Fai|Fang|Taipanis|Taylor,Blitz|Clash|ClassicConstructed|Draft|LivingLegend|Open|Sealed|SilverAge|UltimatePitFight,GoAgain,False,False,True,False,False,P2,30,manual_or_keyword_gap
coercive_tendency,coercive_tendency_blue,Coercive Tendency,AttackReaction,HeavyHitters,Arakni|Crackni|Shiyana|Slippy,Blitz|Clash|ClassicConstructed|LivingLegend|Open|UltimatePitFight,GoAgain|Specialization,False,False,True,False,False,P2,30,manual_or_keyword_gap
cognition_nodes,cognition_nodes_blue,Cognition Nodes,Action,ArcaneRising|HistoryPack1,Dash|DataDoll|Maxx|Puffin|Teklovossen,Blitz|Clash|ClassicConstructed|Draft|LivingLegend|Open|Sealed|SilverAge|UltimatePitFight,GoAgain,False,False,True,False,False,P2,30,manual_or_keyword_gap
cold_wave,cold_wave_blue|cold_wave_red|cold_wave_yellow,Cold Wave,Action,TalesOfAria,Lexi,Blitz|Clash|ClassicConstructed|Draft|LivingLegend|Open|Sealed|SilverAge|UltimatePitFight,Fusion,False,False,True,False,False,P2,30,manual_or_keyword_gap
collapsing_trap,collapsing_trap_blue,Collapsing Trap,DefenseReaction,Outsiders,Riptide|Shiyana,Blitz|Clash|ClassicConstructed|Draft|LivingLegend|Open|Sealed|UltimatePitFight,Legendary|Specialization,False,False,True,False,False,P2,30,manual_or_keyword_gap
colossal_bearing,colossal_bearing_red,Colossal Bearing,Action,HeavyHitters|RoundTheTable,Betsy|Bolfar|Bravo|Brevant|Crix|Jarl|Kox|Lyath|Oldhim|Pleiades|Reya|Starvo|Terra|Valda|Victor|Yoji,Blitz|Clash|ClassicConstructed|Draft|LivingLegend|Open|Sealed|SilverAge|UltimatePitFight,Tower,False,False,True,False,False,P2,30,manual_or_keyword_gap
combustible_courier,combustible_courier_blue|combustible_courier_red|combustible_courier_yellow,Combustible Courier,Action,CrucibleOfWar|HistoryPack1,Dash|DataDoll|Maxx|Puffin|Teklovossen,Blitz|Clash|ClassicConstructed|LivingLegend|Open|SilverAge|UltimatePitFight,Boost,False,False,True,False,False,P2,30,manual_or_keyword_gap
comeback_kicks,comeback_kicks,Comeback Kicks,Equipment,CompendiumOfRathe,Pleiades|Taylor|Tuffnut,Blitz|Clash|ClassicConstructed|LivingLegend|Open|SilverAge|UltimatePitFight,Battleworn,False,False,True,False,False,P2,30,manual_or_keyword_gap
conduit_of_frostburn,conduit_of_frostburn,Conduit of Frostburn,Equipment,Uprising,Iyslander|Taylor,Blitz|Clash|ClassicConstructed|Draft|LivingLegend|Open|Sealed|SilverAge|UltimatePitFight,Quell,False,False,True,False,False,P2,30,manual_or_keyword_gap
confront_adversity,confront_adversity,Confront Adversity,Equipment,HeavyHitters,Arakni|Aurora|Aurora2|Azalea|Benji|Betsy|Blaze|Bolfar|Boltyn|Bravo|Brevant|Briar|Broscilio|Brutus|Chane|Cindra|Crackni|Crix|Dash|DataDoll|Dorinthea|Dromai|Emperor|Enigma|Fai|Fang|Florian|Frankie|Genis|GravyBones|Hala|Ira|Iyslander|Jarl|Kano|Kassai|Katsu|Kavdaen|Kayo|Kox|Levia|Lexi|Librarian|Lyath|Marlynn|Maxx|Melody|Nuu|Oldhim|Olympia|Oscilio|Pleiades|Prism|Puffin|RKO|Reya|Rhinar|Riptide|Ruudi|Scurv|Shiyana|Slippy|Squizzy|Starvo|Taipanis|Taylor|Teklovossen|Terra|Theryon|Tuffnut|Uzuri|Valda|Verdance|Victor|Viserai|Vynnset|Yoji|Yorick|Zen|Zyggy,Blitz|Clash|ClassicConstructed|Draft|LivingLegend|Open|Sealed|SilverAge|UltimatePitFight,BladeBreak,False,False,True,False,False,P2,30,manual_or_keyword_gap
copper_cog,copper_cog_blue,Copper Cog,Action,HighSeas|Promos,Dash|DataDoll|Maxx|Puffin|Teklovossen,Blitz|Clash|ClassicConstructed|Draft|LivingLegend|Open|Sealed|SilverAge|UltimatePitFight,Crank|Unlimited,False,False,True,False,False,P2,30,manual_or_keyword_gap
coronet_peak,coronet_peak,Coronet Peak,Equipment,Promos|Uprising,Iyslander|Jarl|Lexi|Oldhim|Starvo|Taylor,Blitz|ClassicConstructed|Draft|LivingLegend|Open|Sealed|UltimatePitFight,BladeBreak,False,False,True,False,False,P2,30,manual_or_keyword_gap
courage_of_bladehold,courage_of_bladehold,Courage of Bladehold,Equipment,CrucibleOfWar|HistoryPack1|Promos,Boltyn|Dorinthea|Emperor|Fang|Hala|Kassai|Olympia|Taylor,Blitz|ClassicConstructed|LivingLegend|Open|UltimatePitFight,GoAgain|Temper,False,False,True,False,False,P2,30,manual_or_keyword_gap
crankshaft,crankshaft_blue|crankshaft_red|crankshaft_yellow,Crankshaft,Action,ArmoryDeckMaxx|BrightLights|DashSilverAgeDeck|Dynasty,Dash|DataDoll|Maxx|Puffin|Teklovossen,Blitz|Clash|ClassicConstructed|Draft|LivingLegend|Open|Sealed|SilverAge|UltimatePitFight,Boost,False,False,True,False,False,P2,30,manual_or_keyword_gap
crater_fist,crater_fist,Crater Fist,Equipment,CrucibleOfWar|HistoryPack1|Promos,Betsy|Bolfar|Bravo|Brevant|Crix|Jarl|Kox|Lyath|Oldhim|Pleiades|Reya|Starvo|Taylor|Terra|Valda|Victor|Yoji,Blitz|ClassicConstructed|LivingLegend|Open|UltimatePitFight,GoAgain|Temper,False,False,True,False,False,P2,30,manual_or_keyword_gap
cries_of_encore,cries_of_encore_red,Cries of Encore,Action,SuperSlam,Pleiades,Blitz|ClassicConstructed|Draft|LivingLegend|Open|Sealed|UltimatePitFight,TheCrowdCheers,False,False,True,False,False,P2,30,manual_or_keyword_gap
crown_of_dichotomy,crown_of_dichotomy,Crown of Dichotomy,Equipment,ArcaneRising|HistoryPack1|ViseraiSilverAgeDeck,Aurora|Aurora2|Briar|Chane|Florian|Taylor|Viserai|Vynnset,Blitz|Clash|ClassicConstructed|Draft|LivingLegend|Open|Sealed|SilverAge|UltimatePitFight,ArcaneBarrier,False,False,True,False,False,P2,30,manual_or_keyword_gap
crown_of_frozen_thoughts,crown_of_frozen_thoughts,Crown of Frozen Thoughts,Equipment,CompendiumOfRathe,Iyslander|Jarl|Lexi|Oldhim|Starvo|Taylor,Blitz|ClassicConstructed|LivingLegend|Open|UltimatePitFight,BladeBreak|Freeze,False,False,True,False,False,P2,30,manual_or_keyword_gap
crown_of_reflection,crown_of_reflection,Crown of Reflection,Equipment,Everfest,Dromai|Enigma|Prism|Taylor|Zyggy,Blitz|ClassicConstructed|LivingLegend|Open|UltimatePitFight,ArcaneBarrier,False,False,True,False,False,P2,30,manual_or_keyword_gap
crows_nest,crows_nest,Crow's Nest,Equipment,ArmoryDeckAzalea|AzaleaBlitzDeck|AzaleaSilverAgeDeck|Outsiders|Promos,Azalea|Shiyana|Taylor,Blitz|Clash|ClassicConstructed|Draft|LivingLegend|Open|Sealed|SilverAge|UltimatePitFight,Specialization,False,False,True,False,False,P2,30,manual_or_keyword_gap
cull,cull_red,Cull,Action,TheHunted,Chane|Vynnset,Blitz|ClassicConstructed|LivingLegend|Open|UltimatePitFight,BloodDebt,False,False,True,False,False,P2,30,manual_or_keyword_gap
current_funnel,current_funnel_blue,Current Funnel,Action,Rosetta,Aurora|Aurora2|Briar|Broscilio|Lexi|Oscilio|Starvo|Zyggy,Blitz|ClassicConstructed|Draft|LivingLegend|Open|Sealed|UltimatePitFight,GoAgain,False,False,True,False,False,P2,30,manual_or_keyword_gap
cut_a_long_story_short,cut_a_long_story_short_yellow,Cut a Long Story Short,Action,SuperSlam,Betsy|Bolfar|Bravo|Brevant|Crix|Jarl|Kox|Lyath|Oldhim|Pleiades|Reya|Starvo|Terra|Valda|Victor|Yoji,Blitz|ClassicConstructed|Draft|LivingLegend|Open|Sealed|UltimatePitFight,Tower,False,False,True,False,False,P2,30,manual_or_keyword_gap
cut_off_at_the_knees,cut_off_at_the_knees_yellow,Cut Off at the Knees,Action,SuperSlam,Betsy|Bolfar|Bravo|Brevant|Crix|Jarl|Kox|Lyath|Oldhim|Pleiades|Reya|Starvo|Terra|Valda|Victor|Yoji,Blitz|ClassicConstructed|Draft|LivingLegend|Open|Sealed|UltimatePitFight,Tower,False,False,True,False,False,P2,30,manual_or_keyword_gap
cut_the_small_talk,cut_the_small_talk_yellow,Cut the Small Talk,Action,SuperSlam,Betsy|Bolfar|Bravo|Brevant|Crix|Jarl|Kox|Lyath|Oldhim|Pleiades|Reya|Starvo|Terra|Valda|Victor|Yoji,Blitz|ClassicConstructed|Draft|LivingLegend|Open|Sealed|UltimatePitFight,Tower,False,False,True,False,False,P2,30,manual_or_keyword_gap
cut_through,cut_through_blue|cut_through_red|cut_through_yellow,Cut Through,Action,GEM|TheHunted,Arakni|Benji|Cindra|Crackni|Fai|Ira|Katsu|Nuu|Slippy|Uzuri|Zen,Blitz|Clash|ClassicConstructed|Draft|LivingLegend|Open|Sealed|SilverAge|UltimatePitFight,GoAgain,False,False,True,False,False,P2,30,manual_or_keyword_gap
dabble_in_darkness,dabble_in_darkness_red,Dabble in Darkness,Action,DuskTillDawn,Chane|Levia|Vynnset,Blitz|ClassicConstructed|LivingLegend|Open|UltimatePitFight,BloodDebt,False,False,True,False,False,P2,30,manual_or_keyword_gap
daily_grind,daily_grind_blue,Daily Grind,Action,MasteryPackGuardian,Betsy|Bolfar|Bravo|Brevant|Brutus|Crix|Jarl|Kox|Lyath|Oldhim|Pleiades|Reya|Starvo|Terra|Valda|Victor|Yoji,Blitz|ClassicConstructed|LivingLegend|Open|UltimatePitFight,Clash,False,False,True,False,False,P2,30,manual_or_keyword_gap
dance_of_darkness,dance_of_darkness,Dance of Darkness,Equipment,DuskTillDawn,Chane|Levia|Taylor|Vynnset,Blitz|Clash|ClassicConstructed|LivingLegend|Open|SilverAge|UltimatePitFight,BloodDebt,False,False,True,False,False,P2,30,manual_or_keyword_gap
deadwood_rumbler,deadwood_rumbler_blue|deadwood_rumbler_red|deadwood_rumbler_yellow,Deadwood Rumbler,Action,LeviaBlitzDeck|Monarch,Levia,Blitz|Clash|ClassicConstructed|Draft|LivingLegend|Open|Sealed|SilverAge|UltimatePitFight,BloodDebt,False,False,True,False,False,P2,30,manual_or_keyword_gap
deathly_delight,deathly_delight_blue|deathly_delight_red|deathly_delight_yellow,Deathly Delight,Action,DuskTillDawn,Chane|Vynnset,Blitz|Clash|ClassicConstructed|LivingLegend|Open|SilverAge|UltimatePitFight,BloodDebt|RuneGate,False,False,True,False,False,P2,30,manual_or_keyword_gap
deathly_wail,deathly_wail_blue|deathly_wail_red|deathly_wail_yellow,Deathly Wail,Action,DuskTillDawn,Chane|Vynnset,Blitz|Clash|ClassicConstructed|LivingLegend|Open|SilverAge|UltimatePitFight,BloodDebt|RuneGate,False,False,True,False,False,P2,30,manual_or_keyword_gap
deep_recesses_of_existence,deep_recesses_of_existence_blue,Deep Recesses of Existence,Action,CompendiumOfRathe,Chane|Vynnset,Blitz|Clash|ClassicConstructed|LivingLegend|Open|SilverAge|UltimatePitFight,BloodDebt|RuneGate,False,False,True,False,False,P2,30,manual_or_keyword_gap
deep_rooted_evil,deep_rooted_evil_yellow,Deep Rooted Evil,Action,Monarch,Levia,Blitz|ClassicConstructed|Draft|LivingLegend|Open|Sealed|UltimatePitFight,BloodDebt,False,False,True,False,False,P2,30,manual_or_keyword_gap
defang_the_dragon,defang_the_dragon_red,Defang the Dragon,Action,TheHunted,Arakni|Crackni|Nuu|Slippy|Uzuri,Blitz|Clash|ClassicConstructed|Draft|LivingLegend|Open|Sealed|SilverAge|UltimatePitFight,Contract|Stealth,False,False,True,False,False,P2,30,manual_or_keyword_gap
demolition_protocol,demolition_protocol_red,Demolition Protocol,Action,BrightLights|Promos,Dash|DataDoll|Maxx|Puffin|Teklovossen,Blitz|ClassicConstructed|Draft|LivingLegend|Open|Sealed|UltimatePitFight,EvoUpgrade,False,False,True,False,False,P2,30,manual_or_keyword_gap
den_of_the_spider,den_of_the_spider_red,Den of the Spider,DefenseReaction,ArakniSilverAgeDeck|ArakniWebOfDeceitBlitzDeck|Promos|TheHunted,Arakni|Boltyn|Crackni|Dorinthea|Emperor|Fang|Hala|Kassai|Nuu|Olympia|Slippy|Uzuri,Blitz|Clash|ClassicConstructed|Draft|LivingLegend|Open|Sealed|SilverAge|UltimatePitFight,Mark,False,False,True,False,False,P2,30,manual_or_keyword_gap
depths_of_despair,depths_of_despair_blue|depths_of_despair_red|depths_of_despair_yellow,Depths of Despair,Action,CompendiumOfRathe,Chane|Levia|Vynnset,Blitz|Clash|ClassicConstructed|LivingLegend|Open|SilverAge|UltimatePitFight,BloodDebt,False,False,True,False,False,P2,30,manual_or_keyword_gap
desires_of_flesh,desires_of_flesh_blue|desires_of_flesh_red|desires_of_flesh_yellow,Desires of Flesh,Action,NuuBlitzDeck|PartTheMistveil,Arakni|Crackni|Nuu|Slippy|Uzuri,Blitz|Clash|ClassicConstructed|Draft|LivingLegend|Open|Sealed|SilverAge|UltimatePitFight,Stealth,False,False,True,False,False,P2,30,manual_or_keyword_gap
diabolic_offering,diabolic_offering_blue,Diabolic Offering,Action,DuskTillDawn|Promos,Levia,Blitz|ClassicConstructed|LivingLegend|Open|UltimatePitFight,BloodDebt,False,False,True,False,False,P2,30,manual_or_keyword_gap
diamond_hands,diamond_hands,Diamond Hands,Equipment,Promos,Ruudi|Shiyana|Taylor,Open|UltimatePitFight,BladeBreak|Specialization,False,False,True,False,False,P2,30,manual_or_keyword_gap
dimenxxional_vortex,dimenxxional_vortex,Dimenxxional Vortex,Action,DuskTillDawn,Chane|Levia|Vynnset,Blitz|ClassicConstructed|LivingLegend|Open|UltimatePitFight,BloodDebt,False,False,True,False,False,P2,30,manual_or_keyword_gap
disenchantment_of_the_old_ones,disenchantment_of_the_old_ones_red,Disenchantment of the Old Ones,Action,MasteryPackGuardian,Betsy|Bolfar|Bravo|Brevant|Crix|Jarl|Kox|Lyath|Oldhim|Pleiades|Reya|Starvo|Terra|Valda|Victor|Yoji,Blitz|Clash|ClassicConstructed|LivingLegend|Open|SilverAge|UltimatePitFight,Crush|Heave,False,False,True,False,False,P2,30,manual_or_keyword_gap
doomsday,doomsday_blue,Doomsday,Instant,Monarch,Levia|Shiyana,Blitz|Clash|ClassicConstructed|Draft|LivingLegend|Open|Sealed|UltimatePitFight,Legendary|Specialization,False,False,True,False,False,P2,30,manual_or_keyword_gap
double_cross_strap,double_cross_strap,Double Cross Strap,Equipment,CompendiumOfRathe|FaiSilverAgeDeck,Benji|Cindra|Fai|Ira|Katsu|Taylor|Zen,Blitz|Clash|ClassicConstructed|LivingLegend|Open|SilverAge|UltimatePitFight,ArcaneBarrier,False,False,True,False,False,P2,30,manual_or_keyword_gap
douse_in_runeblood,douse_in_runeblood_red,Douse in Runeblood,Action,TheHunted,Aurora|Aurora2|Briar|Chane|Florian|Viserai|Vynnset,Blitz|ClassicConstructed|LivingLegend|Open|UltimatePitFight,GoAgain,False,False,True,False,False,P2,30,manual_or_keyword_gap
dread_screamer,dread_screamer_blue|dread_screamer_red|dread_screamer_yellow,Dread Screamer,Action,LeviaBlitzDeck|Monarch,Levia,Blitz|Clash|ClassicConstructed|Draft|LivingLegend|Open|Sealed|SilverAge|UltimatePitFight,BloodDebt|GoAgain,False,False,True,False,False,P2,30,manual_or_keyword_gap
dream_weavers,dream_weavers,Dream Weavers,Equipment,Monarch|PrismBlitzDeck,Dromai|Enigma|Prism|Taylor|Zyggy,Blitz|Clash|ClassicConstructed|Draft|LivingLegend|Open|Sealed|SilverAge|UltimatePitFight,GoAgain|Spellvoid,False,False,True,False,False,P2,30,manual_or_keyword_gap
driftwood_quiver,driftwood_quiver,Driftwood Quiver,Equipment,Outsiders|Promos|RiptideBlitzDeck,Riptide|Shiyana|Taylor,Blitz|Clash|ClassicConstructed|Draft|LivingLegend|Open|Sealed|SilverAge|UltimatePitFight,Specialization,False,False,True,False,False,P2,30,manual_or_keyword_gap
drill_shot,drill_shot_blue|drill_shot_red|drill_shot_yellow,Drill Shot,Action,ArmoryDeckAzalea|AzaleaSilverAgeDeck|Dynasty,Azalea|Lexi|Marlynn|Riptide,Blitz|Clash|ClassicConstructed|LivingLegend|Open|SilverAge|UltimatePitFight,Piercing,False,False,True,False,False,P2,30,manual_or_keyword_gap
drive_brake,drive_brake,Drive Brake,Equipment,ArmoryDeckMaxx,Dash|DataDoll|Maxx|Puffin|Taylor|Teklovossen,Blitz|ClassicConstructed|LivingLegend|Open|UltimatePitFight,Battleworn,False,False,True,False,False,P2,30,manual_or_keyword_gap
dromai,dromai,Dromai,Hero,CompendiumOfRathe|DromaiBlitzDeck|Promos|Uprising,Dromai,Blitz|Clash|Draft|Open|Sealed|SilverAge|UltimatePitFight,GoAgain,False,False,True,False,False,P2,30,manual_or_keyword_gap
dromai_ash_artist,dromai_ash_artist,"Dromai, Ash Artist",Hero,Promos|Uprising,Dromai,LivingLegend|Open,GoAgain,False,False,True,False,False,P2,30,manual_or_keyword_gap
drop_of_dragon_blood,drop_of_dragon_blood_red,Drop of Dragon Blood,Instant,TheHunted,Cindra|Dromai|Emperor|Fai|Fang|Taipanis,Blitz|Clash|ClassicConstructed|Draft|LivingLegend|Open|Sealed|SilverAge|UltimatePitFight,Legendary,False,False,True,False,False,P2,30,manual_or_keyword_gap
drowning_dire,drowning_dire_blue|drowning_dire_red|drowning_dire_yellow,Drowning Dire,Action,Everfest,Aurora|Aurora2|Briar|Chane|Florian|Viserai|Vynnset,Blitz|Clash|ClassicConstructed|LivingLegend|Open|SilverAge|UltimatePitFight,Dominate,False,False,True,False,False,P2,30,manual_or_keyword_gap
dust_from_stillwater_shrine,dust_from_stillwater_shrine_red,Dust from Stillwater Shrine,Action,PartTheMistveil,Dromai,Blitz|ClassicConstructed|LivingLegend|Open|UltimatePitFight,Material|Phantasm,False,False,True,False,False,P2,30,manual_or_keyword_gap
dust_from_the_chrome_caverns,dust_from_the_chrome_caverns_red,Dust from the Chrome Caverns,Action,BrightLights,Dromai,Blitz|ClassicConstructed|LivingLegend|Open|UltimatePitFight,Material|Phantasm,False,False,True,False,False,P2,30,manual_or_keyword_gap
dust_from_the_fertile_fields,dust_from_the_fertile_fields_red,Dust from the Fertile Fields,Action,Rosetta,Dromai,Blitz|ClassicConstructed|LivingLegend|Open|UltimatePitFight,Material|Phantasm,False,False,True,False,False,P2,30,manual_or_keyword_gap
dust_from_the_golden_plains,dust_from_the_golden_plains_red,Dust from the Golden Plains,Action,Dynasty,Dromai,Blitz|ClassicConstructed|LivingLegend|Open|UltimatePitFight,Material|Phantasm,False,False,True,False,False,P2,30,manual_or_keyword_gap
dust_from_the_red_desert,dust_from_the_red_desert_red,Dust from the Red Desert,Action,Dynasty,Dromai,Blitz|ClassicConstructed|LivingLegend|Open|UltimatePitFight,Material|Phantasm,False,False,True,False,False,P2,30,manual_or_keyword_gap
dust_from_the_shadow_crypts,dust_from_the_shadow_crypts_red,Dust from the Shadow Crypts,Action,Dynasty,Dromai,Blitz|ClassicConstructed|LivingLegend|Open|UltimatePitFight,Material|Phantasm,False,False,True,False,False,P2,30,manual_or_keyword_gap
dustup,dustup_blue|dustup_red|dustup_yellow,Dustup,Action,DromaiBlitzDeck|Uprising,Dromai,Blitz|Clash|ClassicConstructed|Draft|LivingLegend|Open|Sealed|SilverAge|UltimatePitFight,Transform,False,False,True,False,False,P2,30,manual_or_keyword_gap
dyed_silk_sleeves,dyed_silk_sleeves,Dyed Silk Sleeves,Equipment,CompendiumOfRathe,Benji|Cindra|Fai|Ira|Katsu|Taylor|Zen,Blitz|Clash|ClassicConstructed|LivingLegend|Open|SilverAge|UltimatePitFight,BladeBreak,False,False,True,False,False,P2,30,manual_or_keyword_gap
dynastic_diadem,dynastic_diadem,Dynastic Diadem,Equipment,CompendiumOfRathe,Cindra|Dromai|Emperor|Fai|Fang|Taipanis|Taylor,Blitz|ClassicConstructed|LivingLegend|Open|UltimatePitFight,Temper,False,False,True,False,False,P2,30,manual_or_keyword_gap
earthlore_bounty,earthlore_bounty,Earthlore Bounty,Equipment,Everfest|Promos,Betsy|Bolfar|Bravo|Brevant|Crix|Jarl|Kox|Lyath|Oldhim|Pleiades|Reya|Starvo|Taylor|Terra|Valda|Victor|Yoji,Blitz|ClassicConstructed|LivingLegend|Open|UltimatePitFight,Temper,False,False,True,False,False,P2,30,manual_or_keyword_gap
ebon_fold,ebon_fold,Ebon Fold,Equipment,ChaneBlitzDeck|LeviaBlitzDeck|Monarch|Promos,Chane|Levia|Taylor|Vynnset,Blitz|Clash|ClassicConstructed|Draft|LivingLegend|Open|Sealed|SilverAge|UltimatePitFight,Spellvoid,False,False,True,False,False,P2,30,manual_or_keyword_gap
echo_casque,echo_casque,Echo Casque,Equipment,ArmoryDeckRhinar,Kayo|Levia|RKO|Rhinar|Taylor|Tuffnut,Blitz|Clash|ClassicConstructed|LivingLegend|Open|SilverAge|UltimatePitFight,Battleworn,False,False,True,False,False,P2,30,manual_or_keyword_gap
eclipse,eclipse_blue,Eclipse,Instant,Monarch,Chane|Shiyana,Blitz|Clash|ClassicConstructed|Draft|LivingLegend|Open|Sealed|UltimatePitFight,Legendary|Specialization,False,False,True,False,False,P2,30,manual_or_keyword_gap
edge_of_autumn,edge_of_autumn,Edge of Autumn,Weapon,ArmoryDeckIra|CrucibleOfWar|HistoryPack1|IraWelcomeDeck|RoundTheTable,Benji|Cindra|Fai|Ira|Katsu|Zen,Blitz|Clash|ClassicConstructed|LivingLegend|Open|SilverAge|UltimatePitFight,GoAgain,False,False,True,False,False,P2,30,manual_or_keyword_gap
eloquent_eulogy,eloquent_eulogy_red,Eloquent Eulogy,Action,PartTheMistveil,Chane|Vynnset,Blitz|ClassicConstructed|LivingLegend|Open|UltimatePitFight,BloodDebt|RuneGate,False,False,True,False,False,P2,30,manual_or_keyword_gap
embermaw_cenipai,embermaw_cenipai_blue|embermaw_cenipai_red|embermaw_cenipai_yellow,Embermaw Cenipai,Action,DromaiBlitzDeck|Uprising,Dromai,Blitz|Clash|ClassicConstructed|Draft|LivingLegend|Open|Sealed|SilverAge|UltimatePitFight,Phantasm,False,False,True,False,False,P2,30,manual_or_keyword_gap
embody_greatness,embody_greatness_yellow,Embody Greatness,Instant,CompendiumOfRathe,Shiyana,Blitz|Clash|ClassicConstructed|LivingLegend|Open|SilverAge|UltimatePitFight,Specialization,False,False,True,False,False,P2,30,manual_or_keyword_gap
embrace_adversity,embrace_adversity,Embrace Adversity,Equipment,HeavyHitters,Arakni|Aurora|Aurora2|Azalea|Benji|Betsy|Blaze|Bolfar|Boltyn|Bravo|Brevant|Briar|Broscilio|Brutus|Chane|Cindra|Crackni|Crix|Dash|DataDoll|Dorinthea|Dromai|Emperor|Enigma|Fai|Fang|Florian|Frankie|Genis|GravyBones|Hala|Ira|Iyslander|Jarl|Kano|Kassai|Katsu|Kavdaen|Kayo|Kox|Levia|Lexi|Librarian|Lyath|Marlynn|Maxx|Melody|Nuu|Oldhim|Olympia|Oscilio|Pleiades|Prism|Puffin|RKO|Reya|Rhinar|Riptide|Ruudi|Scurv|Shiyana|Slippy|Squizzy|Starvo|Taipanis|Taylor|Teklovossen|Terra|Theryon|Tuffnut|Uzuri|Valda|Verdance|Victor|Viserai|Vynnset|Yoji|Yorick|Zen|Zyggy,Blitz|Clash|ClassicConstructed|Draft|LivingLegend|Open|Sealed|SilverAge|UltimatePitFight,BladeBreak,False,False,True,False,False,P2,30,manual_or_keyword_gap
embraforged_gauntlet,embraforged_gauntlet,Embraforged Gauntlet,Equipment,CompendiumOfRathe,Chane|Levia|Taylor|Vynnset,Blitz|Clash|ClassicConstructed|LivingLegend|Open|SilverAge|UltimatePitFight,BloodDebt|Temper,False,False,True,False,False,P2,30,manual_or_keyword_gap
encase,encase_red,Encase,Action,Uprising,Iyslander|Oscilio|Verdance,Blitz|ClassicConstructed|Draft|LivingLegend|Open|Sealed|UltimatePitFight,Freeze|Fusion,False,False,True,False,False,P2,30,manual_or_keyword_gap
endless_maw,endless_maw_blue|endless_maw_red|endless_maw_yellow,Endless Maw,Action,LeviaBlitzDeck|Monarch,Levia,Blitz|Clash|ClassicConstructed|Draft|LivingLegend|Open|Sealed|SilverAge|UltimatePitFight,BloodDebt,False,False,True,False,False,P2,30,manual_or_keyword_gap
engulfing_light,engulfing_light_blue|engulfing_light_red|engulfing_light_yellow,Engulfing Light,Action,ArmoryDeckBoltyn|BoltynBlitzDeck|Monarch,Boltyn,Blitz|Clash|ClassicConstructed|Draft|LivingLegend|Open|Sealed|SilverAge|UltimatePitFight,Charge,False,False,True,False,False,P2,30,manual_or_keyword_gap
engulfing_shadows,engulfing_shadows_yellow,Engulfing Shadows,DefenseReaction,CompendiumOfRathe|GEM,Chane|Levia|Vynnset,Blitz|Clash|ClassicConstructed|LivingLegend|Open|SilverAge|UltimatePitFight,BloodDebt,False,False,True,False,False,P2,30,manual_or_keyword_gap
enigma_new_moon,enigma_new_moon,"Enigma, New Moon",Hero,PartTheMistveil,Enigma,Blitz|Clash|Open|UltimatePitFight,Cloaked,False,False,True,False,False,P2,30,manual_or_keyword_gap
entangle,entangle_blue|entangle_red|entangle_yellow,Entangle,Action,TalesOfAria,Jarl|Oldhim|Starvo|Terra,Blitz|Clash|ClassicConstructed|Draft|LivingLegend|Open|Sealed|SilverAge|UltimatePitFight,Fusion,False,False,True,False,False,P2,30,manual_or_keyword_gap
entwine_earth,entwine_earth_blue|entwine_earth_red|entwine_earth_yellow,Entwine Earth,Action,BriarBlitzDeck|TalesOfAria,Aurora|Briar|Florian|Iyslander|Jarl|Lexi|Oldhim|Oscilio|Starvo|Terra|Verdance,Blitz|Clash|ClassicConstructed|Draft|LivingLegend|Open|Sealed|SilverAge|UltimatePitFight,Fusion,False,False,True,False,False,P2,30,manual_or_keyword_gap
eradicate,eradicate_yellow,Eradicate,Action,Dynasty,Arakni|Crackni|Nuu|Slippy|Uzuri,Blitz|ClassicConstructed|LivingLegend|Open|UltimatePitFight,Contract,False,False,True,False,False,P2,30,manual_or_keyword_gap
essence_of_ancestry_body,essence_of_ancestry_body_red,Essence of Ancestry: Body,Action,PartTheMistveil,Dromai|Enigma|Prism|Zyggy,Blitz|Clash|ClassicConstructed|Draft|LivingLegend|Open|Sealed|SilverAge|UltimatePitFight,Ward,False,False,True,False,False,P2,30,manual_or_keyword_gap
essence_of_ancestry_mind,essence_of_ancestry_mind_blue,Essence of Ancestry: Mind,Action,EnigmaBlitzDeck|PartTheMistveil,Dromai|Enigma|Prism|Zyggy,Blitz|Clash|ClassicConstructed|Draft|LivingLegend|Open|Sealed|SilverAge|UltimatePitFight,Ward,False,False,True,False,False,P2,30,manual_or_keyword_gap
essence_of_ancestry_soul,essence_of_ancestry_soul_yellow,Essence of Ancestry: Soul,Action,PartTheMistveil,Dromai|Enigma|Prism|Zyggy,Blitz|Clash|ClassicConstructed|Draft|LivingLegend|Open|Sealed|SilverAge|UltimatePitFight,Ward,False,False,True,False,False,P2,30,manual_or_keyword_gap
even_bigger_than_that,even_bigger_than_that_blue|even_bigger_than_that_red|even_bigger_than_that_yellow,Even Bigger Than That!,Instant,Everfest|Promos,Arakni|Aurora|Aurora2|Azalea|Benji|Betsy|Blaze|Bolfar|Boltyn|Bravo|Brevant|Briar|Broscilio|Brutus|Chane|Cindra|Crackni|Crix|Dash|DataDoll|Dorinthea|Dromai|Emperor|Enigma|Fai|Fang|Florian|Frankie|Genis|GravyBones|Hala|Ira|Iyslander|Jarl|Kano|Kassai|Katsu|Kavdaen|Kayo|Kox|Levia|Lexi|Librarian|Lyath|Marlynn|Maxx|Melody|Nuu|Oldhim|Olympia|Oscilio|Pleiades|Prism|Puffin|RKO|Reya|Rhinar|Riptide|Ruudi|Scurv|Shiyana|Slippy|Squizzy|Starvo|Taipanis|Taylor|Teklovossen|Terra|Theryon|Tuffnut|Uzuri|Valda|Verdance|Victor|Viserai|Vynnset|Yoji|Yorick|Zen|Zyggy,Blitz|Clash|ClassicConstructed|LivingLegend|Open|SilverAge|UltimatePitFight,Opt,False,False,True,False,False,P2,30,manual_or_keyword_gap
evo_atom_breaker,evo_atom_breaker_red,Evo Atom Breaker,Equipment|Instant,BrightLights,Dash|DataDoll|Maxx|Puffin|Taylor|Teklovossen,Blitz|ClassicConstructed|Draft|LivingLegend|Open|Sealed|UltimatePitFight,Transform,False,False,True,False,False,P2,30,manual_or_keyword_gap
evo_battery_pack,evo_battery_pack_yellow,Evo Battery Pack,Action|Equipment,BrightLights,Dash|DataDoll|Maxx|Puffin|Taylor|Teklovossen,Blitz|Clash|ClassicConstructed|Draft|LivingLegend|Open|Sealed|SilverAge|UltimatePitFight,BladeBreak|Transform,False,False,True,False,False,P2,30,manual_or_keyword_gap
evo_beta_base_arms,evo_beta_base_arms_blue,Evo Beta Base Arms,Action|Equipment,CompendiumOfRathe,Dash|DataDoll|Maxx|Puffin|Taylor|Teklovossen,Blitz|Clash|ClassicConstructed|LivingLegend|Open|SilverAge|UltimatePitFight,Battleworn|Transform,False,False,True,False,False,P2,30,manual_or_keyword_gap
evo_beta_base_chest,evo_beta_base_chest_blue,Evo Beta Base Chest,Action|Equipment,CompendiumOfRathe,Dash|DataDoll|Maxx|Puffin|Taylor|Teklovossen,Blitz|Clash|ClassicConstructed|LivingLegend|Open|SilverAge|UltimatePitFight,Battleworn|Transform,False,False,True,False,False,P2,30,manual_or_keyword_gap
evo_beta_base_head,evo_beta_base_head_blue,Evo Beta Base Head,Action|Equipment,CompendiumOfRathe,Dash|DataDoll|Maxx|Puffin|Taylor|Teklovossen,Blitz|Clash|ClassicConstructed|LivingLegend|Open|SilverAge|UltimatePitFight,Battleworn|Transform,False,False,True,False,False,P2,30,manual_or_keyword_gap
evo_beta_base_legs,evo_beta_base_legs_blue,Evo Beta Base Legs,Action|Equipment,CompendiumOfRathe,Dash|DataDoll|Maxx|Puffin|Taylor|Teklovossen,Blitz|Clash|ClassicConstructed|LivingLegend|Open|SilverAge|UltimatePitFight,Battleworn|Transform,False,False,True,False,False,P2,30,manual_or_keyword_gap
evo_buzz_hive,evo_buzz_hive_yellow,Evo Buzz Hive,Equipment|Instant,BrightLights,Dash|DataDoll|Maxx|Puffin|Taylor|Teklovossen,Blitz|Clash|ClassicConstructed|Draft|LivingLegend|Open|Sealed|SilverAge|UltimatePitFight,Transform,False,False,True,False,False,P2,30,manual_or_keyword_gap
evo_circuit_breaker,evo_circuit_breaker_red,Evo Circuit Breaker,Equipment|Instant,BrightLights,Dash|DataDoll|Maxx|Puffin|Taylor|Teklovossen,Blitz|ClassicConstructed|Draft|LivingLegend|Open|Sealed|UltimatePitFight,Transform,False,False,True,False,False,P2,30,manual_or_keyword_gap
evo_cogspitter,evo_cogspitter_yellow,Evo Cogspitter,Action|Equipment,BrightLights,Dash|DataDoll|Maxx|Puffin|Taylor|Teklovossen,Blitz|Clash|ClassicConstructed|Draft|LivingLegend|Open|Sealed|SilverAge|UltimatePitFight,BladeBreak|Transform,False,False,True,False,False,P2,30,manual_or_keyword_gap
evo_energy_matrix,evo_energy_matrix_blue,Evo Energy Matrix,Action|Equipment,BrightLights|RoundTheTable,Dash|DataDoll|Maxx|Puffin|Taylor|Teklovossen,Blitz|Clash|ClassicConstructed|Draft|LivingLegend|Open|Sealed|SilverAge|UltimatePitFight,Battleworn|Transform,False,False,True,False,False,P2,30,manual_or_keyword_gap
evo_engine_room,evo_engine_room_yellow,Evo Engine Room,Action|Equipment,BrightLights,Dash|DataDoll|Maxx|Puffin|Taylor|Teklovossen,Blitz|Clash|ClassicConstructed|Draft|LivingLegend|Open|Sealed|SilverAge|UltimatePitFight,BladeBreak|Transform,False,False,True,False,False,P2,30,manual_or_keyword_gap
evo_face_breaker,evo_face_breaker_red,Evo Face Breaker,Equipment|Instant,BrightLights,Dash|DataDoll|Maxx|Puffin|Taylor|Teklovossen,Blitz|ClassicConstructed|Draft|LivingLegend|Open|Sealed|UltimatePitFight,Transform,False,False,True,False,False,P2,30,manual_or_keyword_gap
evo_heartdrive,evo_heartdrive_blue,Evo Heartdrive,Equipment|Instant,PartTheMistveil,Dash|DataDoll|Maxx|Puffin|Taylor|Teklovossen,Blitz|ClassicConstructed|LivingLegend|Open|UltimatePitFight,ArcaneBarrier,False,False,True,False,False,P2,30,manual_or_keyword_gap
evo_mach_breaker,evo_mach_breaker_red,Evo Mach Breaker,Equipment|Instant,BrightLights,Dash|DataDoll|Maxx|Puffin|Taylor|Teklovossen,Blitz|ClassicConstructed|Draft|LivingLegend|Open|Sealed|UltimatePitFight,Transform,False,False,True,False,False,P2,30,manual_or_keyword_gap
evo_magneto,evo_magneto_blue,Evo Magneto,Action|Equipment,HeavyHitters,Dash|DataDoll|Maxx|Puffin|Taylor|Teklovossen,Blitz|ClassicConstructed|LivingLegend|Open|UltimatePitFight,Temper,False,False,True,False,False,P2,30,manual_or_keyword_gap
evo_recall,evo_recall_blue,Evo Recall,Equipment|Instant,PartTheMistveil,Dash|DataDoll|Maxx|Puffin|Taylor|Teklovossen,Blitz|ClassicConstructed|LivingLegend|Open|UltimatePitFight,ArcaneBarrier,False,False,True,False,False,P2,30,manual_or_keyword_gap
evo_scatter_shot,evo_scatter_shot_blue,Evo Scatter Shot,Action|Equipment,BrightLights|RoundTheTable,Dash|DataDoll|Maxx|Puffin|Taylor|Teklovossen,Blitz|Clash|ClassicConstructed|Draft|LivingLegend|Open|Sealed|SilverAge|UltimatePitFight,Battleworn|Transform,False,False,True,False,False,P2,30,manual_or_keyword_gap
evo_sentry_base_arms,evo_sentry_base_arms_red,Evo Sentry Base Arms,Action|Equipment,BrightLights,Dash|DataDoll|Maxx|Puffin|Taylor|Teklovossen,Blitz|Clash|ClassicConstructed|Draft|LivingLegend|Open|Sealed|SilverAge|UltimatePitFight,Battleworn|Transform,False,False,True,False,False,P2,30,manual_or_keyword_gap
evo_sentry_base_chest,evo_sentry_base_chest_red,Evo Sentry Base Chest,Action|Equipment,BrightLights,Dash|DataDoll|Maxx|Puffin|Taylor|Teklovossen,Blitz|Clash|ClassicConstructed|Draft|LivingLegend|Open|Sealed|SilverAge|UltimatePitFight,Battleworn|Transform,False,False,True,False,False,P2,30,manual_or_keyword_gap
evo_sentry_base_head,evo_sentry_base_head_red,Evo Sentry Base Head,Action|Equipment,BrightLights,Dash|DataDoll|Maxx|Puffin|Taylor|Teklovossen,Blitz|Clash|ClassicConstructed|Draft|LivingLegend|Open|Sealed|SilverAge|UltimatePitFight,Battleworn|Transform,False,False,True,False,False,P2,30,manual_or_keyword_gap
evo_sentry_base_legs,evo_sentry_base_legs_red,Evo Sentry Base Legs,Action|Equipment,BrightLights,Dash|DataDoll|Maxx|Puffin|Taylor|Teklovossen,Blitz|Clash|ClassicConstructed|Draft|LivingLegend|Open|Sealed|SilverAge|UltimatePitFight,Battleworn|Transform,False,False,True,False,False,P2,30,manual_or_keyword_gap
evo_shortcircuit,evo_shortcircuit_blue,Evo Shortcircuit,Equipment|Instant,PartTheMistveil,Dash|DataDoll|Maxx|Puffin|Taylor|Teklovossen,Blitz|ClassicConstructed|LivingLegend|Open|UltimatePitFight,ArcaneBarrier,False,False,True,False,False,P2,30,manual_or_keyword_gap
evo_speedslip,evo_speedslip_blue,Evo Speedslip,Equipment|Instant,PartTheMistveil,Dash|DataDoll|Maxx|Puffin|Taylor|Teklovossen,Blitz|ClassicConstructed|LivingLegend|Open|UltimatePitFight,ArcaneBarrier|Boost,False,False,True,False,False,P2,30,manual_or_keyword_gap
evo_steel_soul_controller,evo_steel_soul_controller_blue,Evo Steel Soul Controller,Action|Equipment,BrightLights,Dash|DataDoll|Maxx|Puffin|Taylor|Teklovossen,Blitz|ClassicConstructed|Draft|LivingLegend|Open|Sealed|UltimatePitFight,Temper|Transform,False,False,True,False,False,P2,30,manual_or_keyword_gap
evo_steel_soul_memory,evo_steel_soul_memory_blue,Evo Steel Soul Memory,Action|Equipment,BrightLights,Dash|DataDoll|Maxx|Puffin|Taylor|Teklovossen,Blitz|ClassicConstructed|Draft|LivingLegend|Open|Sealed|UltimatePitFight,Temper|Transform,False,False,True,False,False,P2,30,manual_or_keyword_gap
evo_steel_soul_processor,evo_steel_soul_processor_blue,Evo Steel Soul Processor,Action|Equipment,BrightLights,Dash|DataDoll|Maxx|Puffin|Taylor|Teklovossen,Blitz|ClassicConstructed|Draft|LivingLegend|Open|Sealed|UltimatePitFight,Temper|Transform,False,False,True,False,False,P2,30,manual_or_keyword_gap
evo_steel_soul_tower,evo_steel_soul_tower_blue,Evo Steel Soul Tower,Action|Equipment,BrightLights,Dash|DataDoll|Maxx|Puffin|Taylor|Teklovossen,Blitz|ClassicConstructed|Draft|LivingLegend|Open|Sealed|UltimatePitFight,Temper|Transform,False,False,True,False,False,P2,30,manual_or_keyword_gap
evo_tekloscope,evo_tekloscope_blue,Evo Tekloscope,Action|Equipment,BrightLights|RoundTheTable,Dash|DataDoll|Maxx|Puffin|Taylor|Teklovossen,Blitz|Clash|ClassicConstructed|Draft|LivingLegend|Open|Sealed|SilverAge|UltimatePitFight,Battleworn|Transform,False,False,True,False,False,P2,30,manual_or_keyword_gap
evo_thruster,evo_thruster_yellow,Evo Thruster,Action|Equipment,BrightLights,Dash|DataDoll|Maxx|Puffin|Taylor|Teklovossen,Blitz|Clash|ClassicConstructed|Draft|LivingLegend|Open|Sealed|SilverAge|UltimatePitFight,BladeBreak|Transform,False,False,True,False,False,P2,30,manual_or_keyword_gap
evo_whizz_bang,evo_whizz_bang_yellow,Evo Whizz Bang,Equipment|Instant,BrightLights,Dash|DataDoll|Maxx|Puffin|Taylor|Teklovossen,Blitz|Clash|ClassicConstructed|Draft|LivingLegend|Open|Sealed|SilverAge|UltimatePitFight,Transform,False,False,True,False,False,P2,30,manual_or_keyword_gap
evo_zip_line,evo_zip_line_yellow,Evo Zip Line,Equipment|Instant,BrightLights,Dash|DataDoll|Maxx|Puffin|Taylor|Teklovossen,Blitz|Clash|ClassicConstructed|Draft|LivingLegend|Open|Sealed|SilverAge|UltimatePitFight,GoAgain|Transform,False,False,True,False,False,P2,30,manual_or_keyword_gap
evo_zoom_call,evo_zoom_call_yellow,Evo Zoom Call,Equipment|Instant,BrightLights,Dash|DataDoll|Maxx|Puffin|Taylor|Teklovossen,Blitz|Clash|ClassicConstructed|Draft|LivingLegend|Open|Sealed|SilverAge|UltimatePitFight,Transform,False,False,True,False,False,P2,30,manual_or_keyword_gap
excessive_bloodloss,excessive_bloodloss_blue|excessive_bloodloss_red|excessive_bloodloss_yellow,Excessive Bloodloss,Action,CompendiumOfRathe,Arakni|Crackni|Nuu|Slippy|Uzuri,Blitz|Clash|ClassicConstructed|LivingLegend|Open|SilverAge|UltimatePitFight,Contract,False,False,True,False,False,P2,30,manual_or_keyword_gap
expedite,expedite_blue|expedite_red|expedite_yellow,Expedite,Action,ArmoryDeckMaxx|BrightLights,Dash|DataDoll|Maxx|Puffin|Teklovossen,Blitz|Clash|ClassicConstructed|Draft|LivingLegend|Open|Sealed|SilverAge|UltimatePitFight,Boost,False,False,True,False,False,P2,30,manual_or_keyword_gap
exposed_to_the_elements,exposed_to_the_elements_blue,Exposed to the Elements,Instant,ArmoryDeckOriginsJarl|TalesOfAria,Aurora|Briar|Florian|Iyslander|Jarl|Lexi|Oldhim|Oscilio|Starvo|Terra|Verdance,Blitz|ClassicConstructed|Draft|LivingLegend|Open|Sealed|UltimatePitFight,Fusion,False,False,True,False,False,P2,30,manual_or_keyword_gap
extinguish_the_flames,extinguish_the_flames_red,Extinguish the Flames,Action,TheHunted,Arakni|Crackni|Nuu|Slippy|Uzuri,Blitz|Clash|ClassicConstructed|Draft|LivingLegend|Open|Sealed|SilverAge|UltimatePitFight,Contract|Stealth,False,False,True,False,False,P2,30,manual_or_keyword_gap
eye_of_ophidia,eye_of_ophidia_blue,Eye of Ophidia,Resource,ArcaneRising|Promos,Arakni|Aurora|Aurora2|Azalea|Benji|Betsy|Blaze|Bolfar|Boltyn|Bravo|Brevant|Briar|Broscilio|Brutus|Chane|Cindra|Crackni|Crix|Dash|DataDoll|Dorinthea|Dromai|Enigma|Fai|Fang|Florian|Frankie|Genis|GravyBones|Hala|Ira|Iyslander|Jarl|Kano|Kassai|Katsu|Kavdaen|Kayo|Kox|Levia|Lexi|Librarian|Lyath|Marlynn|Maxx|Melody|Nuu|Oldhim|Olympia|Oscilio|Pleiades|Prism|Puffin|RKO|Reya|Rhinar|Riptide|Ruudi|Scurv|Shiyana|Slippy|Squizzy|Starvo|Taipanis|Taylor|Teklovossen|Terra|Theryon|Tuffnut|Uzuri|Valda|Verdance|Victor|Viserai|Vynnset|Yoji|Yorick|Zen|Zyggy,Blitz|ClassicConstructed|Draft|LivingLegend|Open|Sealed|UltimatePitFight,Legendary|Opt,False,False,True,False,False,P2,30,manual_or_keyword_gap
fabric_of_blossoms,fabric_of_blossoms_blue,Fabric of Blossoms,Action,Promos,Arakni|Aurora|Aurora2|Azalea|Benji|Betsy|Blaze|Bolfar|Boltyn|Bravo|Brevant|Briar|Broscilio|Brutus|Chane|Cindra|Crackni|Crix|Dash|DataDoll|Dorinthea|Dromai|Enigma|Fai|Fang|Florian|Frankie|Genis|GravyBones|Hala|Ira|Iyslander|Jarl|Kano|Kassai|Katsu|Kavdaen|Kayo|Kox|Levia|Lexi|Librarian|Lyath|Marlynn|Maxx|Melody|Nuu|Oldhim|Olympia|Oscilio|Pleiades|Prism|Puffin|RKO|Reya|Rhinar|Riptide|Ruudi|Scurv|Shiyana|Slippy|Squizzy|Starvo|Taipanis|Taylor|Teklovossen|Terra|Theryon|Tuffnut|Uzuri|Valda|Verdance|Victor|Viserai|Vynnset|Yoji|Yorick|Zen|Zyggy,Open|UltimatePitFight,Negate,False,False,True,False,False,P2,30,manual_or_keyword_gap
fabric_of_hope,fabric_of_hope_red,Fabric of Hope,Action,Promos,Arakni|Aurora|Aurora2|Azalea|Benji|Betsy|Blaze|Bolfar|Boltyn|Bravo|Brevant|Briar|Broscilio|Brutus|Chane|Cindra|Crackni|Crix|Dash|DataDoll|Dorinthea|Dromai|Emperor|Enigma|Fai|Fang|Florian|Frankie|Genis|GravyBones|Hala|Ira|Iyslander|Jarl|Kano|Kassai|Katsu|Kavdaen|Kayo|Kox|Levia|Lexi|Librarian|Lyath|Marlynn|Maxx|Melody|Nuu|Oldhim|Olympia|Oscilio|Pleiades|Prism|Puffin|RKO|Reya|Rhinar|Riptide|Ruudi|Scurv|Shiyana|Slippy|Squizzy|Starvo|Taipanis|Taylor|Teklovossen|Terra|Theryon|Tuffnut|Uzuri|Valda|Verdance|Victor|Viserai|Vynnset|Yoji|Yorick|Zen|Zyggy,Open|UltimatePitFight,Negate,False,False,True,False,False,P2,30,manual_or_keyword_gap
fabric_of_providence,fabric_of_providence_red,Fabric of Providence,Action,Promos,Arakni|Aurora|Aurora2|Azalea|Benji|Betsy|Blaze|Bolfar|Boltyn|Bravo|Brevant|Briar|Broscilio|Brutus|Chane|Cindra|Crackni|Crix|Dash|DataDoll|Dorinthea|Dromai|Emperor|Enigma|Fai|Fang|Florian|Frankie|Genis|GravyBones|Hala|Ira|Iyslander|Jarl|Kano|Kassai|Katsu|Kavdaen|Kayo|Kox|Levia|Lexi|Librarian|Lyath|Marlynn|Maxx|Melody|Nuu|Oldhim|Olympia|Oscilio|Pleiades|Prism|Puffin|RKO|Reya|Rhinar|Riptide|Ruudi|Scurv|Shiyana|Slippy|Squizzy|Starvo|Taipanis|Taylor|Teklovossen|Terra|Theryon|Tuffnut|Uzuri|Valda|Verdance|Victor|Viserai|Vynnset|Yoji|Yorick|Zen|Zyggy,Open|UltimatePitFight,Legendary|Negate,False,False,True,False,False,P2,30,manual_or_keyword_gap
fabric_of_scales,fabric_of_scales_blue,Fabric of Scales,Action,Promos,Arakni|Aurora|Aurora2|Azalea|Benji|Betsy|Blaze|Bolfar|Boltyn|Bravo|Brevant|Briar|Broscilio|Brutus|Chane|Cindra|Crackni|Crix|Dash|DataDoll|Dorinthea|Dromai|Enigma|Fai|Fang|Florian|Frankie|Genis|GravyBones|Hala|Ira|Iyslander|Jarl|Kano|Kassai|Katsu|Kavdaen|Kayo|Kox|Levia|Lexi|Librarian|Lyath|Marlynn|Maxx|Melody|Nuu|Oldhim|Olympia|Oscilio|Pleiades|Prism|Puffin|RKO|Reya|Rhinar|Riptide|Ruudi|Scurv|Shiyana|Slippy|Squizzy|Starvo|Taipanis|Taylor|Teklovossen|Terra|Theryon|Tuffnut|Uzuri|Valda|Verdance|Victor|Viserai|Vynnset|Yoji|Yorick|Zen|Zyggy,Open|UltimatePitFight,Negate,False,False,True,False,False,P2,30,manual_or_keyword_gap
fabric_of_spring,fabric_of_spring_yellow,Fabric of Spring,Action,Promos,Arakni|Aurora|Aurora2|Azalea|Benji|Betsy|Blaze|Bolfar|Boltyn|Bravo|Brevant|Briar|Broscilio|Brutus|Chane|Cindra|Crackni|Crix|Dash|DataDoll|Dorinthea|Dromai|Enigma|Fai|Fang|Florian|Frankie|Genis|GravyBones|Hala|Ira|Iyslander|Jarl|Kano|Kassai|Katsu|Kavdaen|Kayo|Kox|Levia|Lexi|Librarian|Lyath|Marlynn|Maxx|Melody|Nuu|Oldhim|Olympia|Oscilio|Pleiades|Prism|Puffin|RKO|Reya|Rhinar|Riptide|Ruudi|Scurv|Shiyana|Slippy|Squizzy|Starvo|Taipanis|Taylor|Teklovossen|Terra|Theryon|Tuffnut|Uzuri|Valda|Verdance|Victor|Viserai|Vynnset|Yoji|Yorick|Zen|Zyggy,Open|UltimatePitFight,Legendary|Negate,False,False,True,False,False,P2,30,manual_or_keyword_gap
fast_and_furious,fast_and_furious_red,Fast and Furious,Action,ArmoryDeckDash|GEM,Dash|DataDoll|Maxx|Puffin|Teklovossen,Blitz|ClassicConstructed|LivingLegend|Open|UltimatePitFight,Boost,False,False,True,False,False,P2,30,manual_or_keyword_gap
fender_bender,fender_bender_blue|fender_bender_red|fender_bender_yellow,Fender Bender,Action,BrightLights|DashSilverAgeDeck,Dash|DataDoll|Maxx|Puffin|Teklovossen,Blitz|Clash|ClassicConstructed|Draft|LivingLegend|Open|Sealed|SilverAge|UltimatePitFight,Boost,False,False,True,False,False,P2,30,manual_or_keyword_gap
fiddle_dee,fiddle_dee,Fiddle-dee,Equipment,Promos|RoundTheTable,Melody|Taylor|Yorick,Blitz|Clash|ClassicConstructed|LivingLegend|Open|SilverAge|UltimatePitFight,GoAgain,False,False,True,False,False,P2,30,manual_or_keyword_gap
fight_from_behind,fight_from_behind_blue|fight_from_behind_red|fight_from_behind_yellow,Fight from Behind,Action,SuperSlam,Pleiades|Tuffnut,Blitz|Clash|ClassicConstructed|Draft|LivingLegend|Open|Sealed|SilverAge|UltimatePitFight,TheCrowdCheers,False,False,True,False,False,P2,30,manual_or_keyword_gap
figment_of_judgment,figment_of_judgment_yellow,Figment of Judgment,Instant,DuskTillDawn,Prism,Blitz|Clash|ClassicConstructed|LivingLegend|Open|UltimatePitFight,Legendary,False,False,True,False,False,P2,30,manual_or_keyword_gap
figment_of_rebirth,figment_of_rebirth_yellow,Figment of Rebirth,Instant,DuskTillDawn,Prism,Blitz|Clash|ClassicConstructed|LivingLegend|Open|UltimatePitFight,Legendary,False,False,True,False,False,P2,30,manual_or_keyword_gap
figment_of_triumph,figment_of_triumph_yellow,Figment of Triumph,Instant,DuskTillDawn,Prism,Blitz|Clash|ClassicConstructed|LivingLegend|Open|UltimatePitFight,Legendary,False,False,True,False,False,P2,30,manual_or_keyword_gap
fist_pump,fist_pump,Fist Pump,Equipment,ArmoryDeckMaxx,Dash|DataDoll|Maxx|Puffin|Taylor|Teklovossen,Blitz|ClassicConstructed|LivingLegend|Open|UltimatePitFight,Battleworn,False,False,True,False,False,P2,30,manual_or_keyword_gap
fix_the_match,fix_the_match_yellow,Fix the Match,Action,SuperSlam,Brutus|Lyath|RKO,Blitz|ClassicConstructed|Draft|LivingLegend|Open|Sealed|UltimatePitFight,Clash,False,False,True,False,False,P2,30,manual_or_keyword_gap
flamescale_furnace,flamescale_furnace,Flamescale Furnace,Equipment,Promos|Uprising,Cindra|Dromai|Emperor|Fai|Fang|Taipanis|Taylor,Blitz|ClassicConstructed|Draft|LivingLegend|Open|Sealed|UltimatePitFight,Temper,False,False,True,False,False,P2,30,manual_or_keyword_gap
fleece_the_frail,fleece_the_frail_blue|fleece_the_frail_red|fleece_the_frail_yellow,Fleece the Frail,Action,ArakniBlitzDeckARK|Dynasty,Arakni|Crackni|Nuu|Slippy|Uzuri,Blitz|Clash|ClassicConstructed|LivingLegend|Open|SilverAge|UltimatePitFight,Contract,False,False,True,False,False,P2,30,manual_or_keyword_gap
flicker_trick,flicker_trick_red,Flicker Trick,DefenseReaction,DuskTillDawn,Dromai|Enigma|Prism|Zyggy,Blitz|ClassicConstructed|LivingLegend|Open|UltimatePitFight,Mirage,False,False,True,False,False,P2,30,manual_or_keyword_gap
flittering_charge,flittering_charge_blue|flittering_charge_red|flittering_charge_yellow,Flittering Charge,Action,ArmoryDeckAurora|AuroraBlitzDeck|OscilioBlitzDeck|Promos|Rosetta,Aurora|Aurora2|Briar|Broscilio|Lexi|Oscilio|Starvo|Zyggy,Blitz|Clash|ClassicConstructed|Draft|LivingLegend|Open|Sealed|SilverAge|UltimatePitFight,GoAgain,False,False,True,False,False,P2,30,manual_or_keyword_gap
frankie_make_ends_meat,frankie_make_ends_meat,"Frankie, Make Ends Meat",Hero,Promos,Frankie,Clash|Open|UltimatePitFight,GoAgain,False,False,True,False,False,P2,30,manual_or_keyword_gap
frazzle,frazzle_blue|frazzle_red|frazzle_yellow,Frazzle,Action,LexiBlitzDeck|TalesOfAria,Lexi,Blitz|Clash|ClassicConstructed|Draft|LivingLegend|Open|Sealed|SilverAge|UltimatePitFight,Fusion,False,False,True,False,False,P2,30,manual_or_keyword_gap
freezing_point,freezing_point_red,Freezing Point,Action,Uprising,Iyslander|Oscilio|Verdance,Blitz|ClassicConstructed|Draft|LivingLegend|Open|Sealed|UltimatePitFight,Fusion,False,False,True,False,False,P2,30,manual_or_keyword_gap
frightmare,frightmare_red,Frightmare,Action,Uprising,Dromai|Enigma|Prism|Zyggy,Blitz|ClassicConstructed|Draft|LivingLegend|Open|Sealed|UltimatePitFight,Phantasm,False,False,True,False,False,P2,30,manual_or_keyword_gap
frontline_gauntlets,frontline_gauntlets,Frontline Gauntlets,Equipment,DuskTillDawn,Arakni|Aurora|Aurora2|Azalea|Benji|Betsy|Blaze|Bolfar|Boltyn|Bravo|Brevant|Briar|Broscilio|Brutus|Chane|Cindra|Crackni|Crix|Dash|DataDoll|Dorinthea|Dromai|Emperor|Enigma|Fai|Fang|Florian|Frankie|Genis|GravyBones|Hala|Ira|Iyslander|Jarl|Kano|Kassai|Katsu|Kavdaen|Kayo|Kox|Levia|Lexi|Librarian|Lyath|Marlynn|Maxx|Melody|Nuu|Oldhim|Olympia|Oscilio|Pleiades|Prism|Puffin|RKO|Reya|Rhinar|Riptide|Ruudi|Scurv|Shiyana|Slippy|Squizzy|Starvo|Taipanis|Taylor|Teklovossen|Terra|Theryon|Tuffnut|Uzuri|Valda|Verdance|Victor|Viserai|Vynnset|Yoji|Yorick|Zen|Zyggy,Blitz|Clash|ClassicConstructed|LivingLegend|Open|SilverAge|UltimatePitFight,BladeBreak,False,False,True,False,False,P2,30,manual_or_keyword_gap
frontline_helm,frontline_helm,Frontline Helm,Equipment,DuskTillDawn,Arakni|Aurora|Aurora2|Azalea|Benji|Betsy|Blaze|Bolfar|Boltyn|Bravo|Brevant|Briar|Broscilio|Brutus|Chane|Cindra|Crackni|Crix|Dash|DataDoll|Dorinthea|Dromai|Emperor|Enigma|Fai|Fang|Florian|Frankie|Genis|GravyBones|Hala|Ira|Iyslander|Jarl|Kano|Kassai|Katsu|Kavdaen|Kayo|Kox|Levia|Lexi|Librarian|Lyath|Marlynn|Maxx|Melody|Nuu|Oldhim|Olympia|Oscilio|Pleiades|Prism|Puffin|RKO|Reya|Rhinar|Riptide|Ruudi|Scurv|Shiyana|Slippy|Squizzy|Starvo|Taipanis|Taylor|Teklovossen|Terra|Theryon|Tuffnut|Uzuri|Valda|Verdance|Victor|Viserai|Vynnset|Yoji|Yorick|Zen|Zyggy,Blitz|Clash|ClassicConstructed|LivingLegend|Open|SilverAge|UltimatePitFight,BladeBreak,False,False,True,False,False,P2,30,manual_or_keyword_gap
frontline_legs,frontline_legs,Frontline Legs,Equipment,DuskTillDawn,Arakni|Aurora|Aurora2|Azalea|Benji|Betsy|Blaze|Bolfar|Boltyn|Bravo|Brevant|Briar|Broscilio|Brutus|Chane|Cindra|Crackni|Crix|Dash|DataDoll|Dorinthea|Dromai|Emperor|Enigma|Fai|Fang|Florian|Frankie|Genis|GravyBones|Hala|Ira|Iyslander|Jarl|Kano|Kassai|Katsu|Kavdaen|Kayo|Kox|Levia|Lexi|Librarian|Lyath|Marlynn|Maxx|Melody|Nuu|Oldhim|Olympia|Oscilio|Pleiades|Prism|Puffin|RKO|Reya|Rhinar|Riptide|Ruudi|Scurv|Shiyana|Slippy|Squizzy|Starvo|Taipanis|Taylor|Teklovossen|Terra|Theryon|Tuffnut|Uzuri|Valda|Verdance|Victor|Viserai|Vynnset|Yoji|Yorick|Zen|Zyggy,Blitz|Clash|ClassicConstructed|LivingLegend|Open|SilverAge|UltimatePitFight,BladeBreak,False,False,True,False,False,P2,30,manual_or_keyword_gap
frontline_plating,frontline_plating,Frontline Plating,Equipment,DuskTillDawn,Arakni|Aurora|Aurora2|Azalea|Benji|Betsy|Blaze|Bolfar|Boltyn|Bravo|Brevant|Briar|Broscilio|Brutus|Chane|Cindra|Crackni|Crix|Dash|DataDoll|Dorinthea|Dromai|Emperor|Enigma|Fai|Fang|Florian|Frankie|Genis|GravyBones|Hala|Ira|Iyslander|Jarl|Kano|Kassai|Katsu|Kavdaen|Kayo|Kox|Levia|Lexi|Librarian|Lyath|Marlynn|Maxx|Melody|Nuu|Oldhim|Olympia|Oscilio|Pleiades|Prism|Puffin|RKO|Reya|Rhinar|Riptide|Ruudi|Scurv|Shiyana|Slippy|Squizzy|Starvo|Taipanis|Taylor|Teklovossen|Terra|Theryon|Tuffnut|Uzuri|Valda|Verdance|Victor|Viserai|Vynnset|Yoji|Yorick|Zen|Zyggy,Blitz|Clash|ClassicConstructed|LivingLegend|Open|SilverAge|UltimatePitFight,BladeBreak,False,False,True,False,False,P2,30,manual_or_keyword_gap
frost_hex,frost_hex_blue,Frost Hex,Action,Uprising,Iyslander|Shiyana,Blitz|Clash|ClassicConstructed|Draft|LivingLegend|Open|Sealed|UltimatePitFight,Specialization,False,False,True,False,False,P2,30,manual_or_keyword_gap
frost_lock,frost_lock_blue,Frost Lock,Action,TalesOfAria,Lexi,Blitz|ClassicConstructed|Draft|LivingLegend|Open|Sealed|UltimatePitFight,Fusion,False,False,True,False,False,P2,30,manual_or_keyword_gap
gallantry_gold,gallantry_gold,Gallantry Gold,Equipment,BoltynBlitzDeck|ClassicBattlesRhinarDorinthea|Monarch,Boltyn|Dorinthea|Emperor|Fang|Hala|Kassai|Olympia|Taylor,Blitz|Clash|ClassicConstructed|Draft|LivingLegend|Open|Sealed|SilverAge|UltimatePitFight,Battleworn|GoAgain,False,False,True,False,False,P2,30,manual_or_keyword_gap
gang_robbery,gang_robbery_yellow,Gang Robbery,Action,SuperSlam,Lyath|RKO,Blitz|ClassicConstructed|Draft|LivingLegend|Open|Sealed|UltimatePitFight,Steal,False,False,True,False,False,P2,30,manual_or_keyword_gap
gauntlets_of_the_boreal_domain,gauntlets_of_the_boreal_domain,Gauntlets of the Boreal Domain,Equipment,ArmoryDeckOriginsJarl,Jarl|Oldhim|Starvo|Taylor,Blitz|ClassicConstructed|LivingLegend|Open|UltimatePitFight,Dominate|GoAgain|Temper,False,False,True,False,False,P2,30,manual_or_keyword_gap
gavel_of_natural_order,gavel_of_natural_order,Gavel of Natural Order,Weapon,Promos,Brutus|Librarian|Taipanis|Theryon,Clash|Open|UltimatePitFight,Pairs,False,False,True,False,False,P2,30,manual_or_keyword_gap
genesis,genesis_yellow,Genesis,Instant,ArmoryDeckLegendsPrism|Monarch|Promos,Prism,Blitz|ClassicConstructed|Draft|LivingLegend|Open|Sealed|UltimatePitFight,Spectra,False,False,True,False,False,P2,30,manual_or_keyword_gap
genis_wotchuneed,genis_wotchuneed,Genis Wotchuneed,Hero,Everfest|Promos,Genis,Blitz|Clash|Open|UltimatePitFight,GoAgain,False,False,True,False,False,P2,30,manual_or_keyword_gap
germinate,germinate_blue,Germinate,Action,Promos|Rosetta,Florian|Shiyana,Blitz|Clash|ClassicConstructed|Draft|LivingLegend|Open|Sealed|UltimatePitFight,Specialization,False,False,True,False,False,P2,30,manual_or_keyword_gap
gesture_of_goodwill,gesture_of_goodwill_blue,Gesture of Goodwill,Block,Promos,Arakni|Aurora|Aurora2|Azalea|Benji|Betsy|Blaze|Bolfar|Boltyn|Bravo|Brevant|Briar|Broscilio|Brutus|Chane|Cindra|Crackni|Crix|Dash|DataDoll|Dorinthea|Dromai|Enigma|Fai|Fang|Florian|Frankie|Genis|GravyBones|Hala|Ira|Iyslander|Jarl|Kano|Kassai|Katsu|Kavdaen|Kayo|Kox|Levia|Lexi|Librarian|Lyath|Marlynn|Maxx|Melody|Nuu|Oldhim|Olympia|Oscilio|Pleiades|Prism|Puffin|RKO|Reya|Rhinar|Riptide|Ruudi|Scurv|Shiyana|Slippy|Squizzy|Starvo|Taipanis|Taylor|Teklovossen|Terra|Theryon|Tuffnut|Uzuri|Valda|Verdance|Victor|Viserai|Vynnset|Yoji|Yorick|Zen|Zyggy,Blitz|Clash|ClassicConstructed|LivingLegend|Open|UltimatePitFight,Protect,False,False,True,False,False,P2,30,manual_or_keyword_gap
ghost_protocol_architect,ghost_protocol_architect_red,Ghost Protocol: Architect,Action,CompendiumOfRathe|Promos,Dash|DataDoll|Maxx|Puffin|Teklovossen,Blitz|ClassicConstructed|LivingLegend|Open|UltimatePitFight,EvoUpgrade,False,False,True,False,False,P2,30,manual_or_keyword_gap
ghost_protocol_mainframe,ghost_protocol_mainframe_blue,Ghost Protocol: Mainframe,Action,CompendiumOfRathe|Promos,Dash|DataDoll|Maxx|Puffin|Teklovossen,Blitz|ClassicConstructed|LivingLegend|Open|UltimatePitFight,EvoUpgrade,False,False,True,False,False,P2,30,manual_or_keyword_gap
ghostly_touch,ghostly_touch,Ghostly Touch,Equipment,Promos|Uprising,Dromai|Enigma|Prism|Taylor|Zyggy,Blitz|ClassicConstructed|Draft|LivingLegend|Open|Sealed|UltimatePitFight,GoAgain,False,False,True,False,False,P2,30,manual_or_keyword_gap
ghostly_visit,ghostly_visit_blue|ghostly_visit_red|ghostly_visit_yellow,Ghostly Visit,Action,ChaneBlitzDeck|Monarch|Promos,Chane|Levia|Vynnset,Blitz|Clash|ClassicConstructed|Draft|LivingLegend|Open|Sealed|SilverAge|UltimatePitFight,BloodDebt,False,False,True,False,False,P2,30,manual_or_keyword_gap
glacial_horns,glacial_horns,Glacial Horns,Equipment,Uprising,Iyslander|Jarl|Lexi|Oldhim|Starvo|Taylor,Blitz|Clash|ClassicConstructed|Draft|LivingLegend|Open|Sealed|SilverAge|UltimatePitFight,Freeze|GoAgain,False,False,True,False,False,P2,30,manual_or_keyword_gap
glaring_impact,glaring_impact_blue|glaring_impact_red|glaring_impact_yellow,Glaring Impact,Action,DuskTillDawn,Boltyn,Blitz|Clash|ClassicConstructed|LivingLegend|Open|SilverAge|UltimatePitFight,Charge|Overpower,False,False,True,False,False,P2,30,manual_or_keyword_gap
glidewell_fins,glidewell_fins,Glidewell Fins,Equipment,HighSeas,Azalea|Lexi|Marlynn|Riptide|Taylor,Blitz|Clash|ClassicConstructed|Draft|LivingLegend|Open|Sealed|SilverAge|UltimatePitFight,Battleworn,False,False,True,False,False,P2,30,manual_or_keyword_gap
glory_plate,glory_plate,Glory Plate,Equipment,CompendiumOfRathe,Pleiades|Taylor|Tuffnut,Blitz|ClassicConstructed|LivingLegend|Open|UltimatePitFight,Guardwell,False,False,True,False,False,P2,30,manual_or_keyword_gap
gloves_of_erasure,gloves_of_erasure,Gloves of Erasure,Equipment,CompendiumOfRathe,Blaze|Broscilio|Emperor|Iyslander|Kano|Oscilio|Taylor|Verdance,Blitz|Clash|ClassicConstructed|LivingLegend|Open|SilverAge|UltimatePitFight,BladeBreak,False,False,True,False,False,P2,30,manual_or_keyword_gap
gold_hunter_marauder,gold_hunter_marauder_yellow,Gold Hunter Marauder,Action,HighSeas,GravyBones|Marlynn|Puffin|Scurv,Blitz|Clash|ClassicConstructed|Draft|LivingLegend|Open|Sealed|SilverAge|UltimatePitFight,Overpower,False,False,True,False,False,P2,30,manual_or_keyword_gap
goon_beatdown,goon_beatdown_blue,Goon Beatdown,Action,SuperSlam,Lyath|RKO,Blitz|Clash|ClassicConstructed|Draft|LivingLegend|Open|Sealed|SilverAge|UltimatePitFight,TheCrowdBoos,False,False,True,False,False,P2,30,manual_or_keyword_gap
grandeur_of_valahai,grandeur_of_valahai_blue,Grandeur of Valahai,Resource,Everfest,Betsy|Bolfar|Bravo|Brevant|Crix|Jarl|Kox|Lyath|Oldhim|Pleiades|Reya|Starvo|Terra|Valda|Victor|Yoji,Blitz|ClassicConstructed|LivingLegend|Open|UltimatePitFight,Legendary,False,False,True,False,False,P2,30,manual_or_keyword_gap
grasp_of_darkness,grasp_of_darkness,Grasp of Darkness,Equipment,DuskTillDawn,Chane|Levia|Taylor|Vynnset,Blitz|Clash|ClassicConstructed|LivingLegend|Open|SilverAge|UltimatePitFight,BloodDebt,False,False,True,False,False,P2,30,manual_or_keyword_gap
grasp_of_the_arknight,grasp_of_the_arknight,Grasp of the Arknight,Equipment,ArcaneRising|HistoryPack1|Promos,Aurora|Aurora2|Briar|Chane|Florian|Taylor|Viserai|Vynnset,Blitz|ClassicConstructed|Draft|LivingLegend|Open|Sealed|UltimatePitFight,Battleworn|GoAgain,False,False,True,False,False,P2,30,manual_or_keyword_gap
graveling_growl,graveling_growl_blue|graveling_growl_red|graveling_growl_yellow,Graveling Growl,Action,LeviaBlitzDeck|Monarch,Levia,Blitz|Clash|ClassicConstructed|Draft|LivingLegend|Open|Sealed|SilverAge|UltimatePitFight,BloodDebt,False,False,True,False,False,P2,30,manual_or_keyword_gap
graven_call,graven_call,Graven Call,Weapon,HeavyHitters,Arakni|Crackni|Nuu|Slippy|Uzuri,Blitz|Clash|ClassicConstructed|LivingLegend|Open|UltimatePitFight,GoAgain|Piercing,False,False,True,False,False,P2,30,manual_or_keyword_gap
graven_cowl,graven_cowl,Graven Cowl,Equipment,CompendiumOfRathe,Arakni|Crackni|Nuu|Slippy|Taylor|Uzuri,Blitz|Clash|ClassicConstructed|LivingLegend|Open|SilverAge|UltimatePitFight,BladeBreak,False,False,True,False,False,P2,30,manual_or_keyword_gap
graven_gaslight,graven_gaslight,Graven Gaslight,Equipment,CompendiumOfRathe|GEM,Arakni|Crackni|Nuu|Slippy|Taylor|Uzuri,Blitz|ClassicConstructed|LivingLegend|Open|UltimatePitFight,Spellvoid,False,False,True,False,False,P2,30,manual_or_keyword_gap
graven_justaucorpse,graven_justaucorpse,Graven Justaucorpse,Equipment,ArmoryDeckGravyBones,Frankie|GravyBones|Taylor,Blitz|ClassicConstructed|LivingLegend|Open|UltimatePitFight,Battleworn,False,False,True,False,False,P2,30,manual_or_keyword_gap
graven_vestment,graven_vestment,Graven Vestment,Equipment,CompendiumOfRathe,Arakni|Crackni|Nuu|Slippy|Taylor|Uzuri,Blitz|Clash|ClassicConstructed|LivingLegend|Open|SilverAge|UltimatePitFight,BladeBreak,False,False,True,False,False,P2,30,manual_or_keyword_gap
graven_walkers,graven_walkers,Graven Walkers,Equipment,CompendiumOfRathe,Arakni|Crackni|Nuu|Slippy|Taylor|Uzuri,Blitz|Clash|ClassicConstructed|LivingLegend|Open|SilverAge|UltimatePitFight,BladeBreak,False,False,True,False,False,P2,30,manual_or_keyword_gap
great_library_of_solana,great_library_of_solana,Great Library of Solana,Action,Monarch,Boltyn|Librarian|Prism|Theryon,Blitz|ClassicConstructed|Draft|LivingLegend|Open|Sealed|UltimatePitFight,GoAgain|Legendary,False,False,True,False,False,P2,30,manual_or_keyword_gap
grinding_gears,grinding_gears_blue,Grinding Gears,Action,BrightLights,Dash|DataDoll|Maxx|Puffin|Teklovossen,Blitz|ClassicConstructed|Draft|LivingLegend|Open|Sealed|UltimatePitFight,Crank,False,False,True,False,False,P2,30,manual_or_keyword_gap
grow_wings,grow_wings_blue|grow_wings_red|grow_wings_yellow,Grow Wings,Action,TheHunted,Benji|Cindra|Fai|Ira|Katsu|Zen,Blitz|Clash|ClassicConstructed|Draft|LivingLegend|Open|Sealed|SilverAge|UltimatePitFight,GoAgain,False,False,True,False,False,P2,30,manual_or_keyword_gap
guardian_of_the_shadowrealm,guardian_of_the_shadowrealm_red,Guardian of the Shadowrealm,DefenseReaction,Monarch,Chane|Levia|Vynnset,Blitz|ClassicConstructed|Draft|LivingLegend|Open|Sealed|UltimatePitFight,BloodDebt,False,False,True,False,False,P2,30,manual_or_keyword_gap
hadron_collider,hadron_collider_blue|hadron_collider_red|hadron_collider_yellow,Hadron Collider,Action,BrightLights,Dash|DataDoll|Maxx|Puffin|Teklovossen,Blitz|Clash|ClassicConstructed|Draft|LivingLegend|Open|Sealed|SilverAge|UltimatePitFight,Crank,False,False,True,False,False,P2,30,manual_or_keyword_gap
hala_goldenhelm,hala_goldenhelm,Hala Goldenhelm,Mentor,ClassicBattlesRhinarDorinthea|Promos,Boltyn|Dorinthea|Fang|Hala|Kassai|Olympia,Blitz|Clash|Open|UltimatePitFight,GoAgain,False,False,True,False,False,P2,30,manual_or_keyword_gap
halo_of_lumina_light,halo_of_lumina_light,Halo of Lumina Light,Equipment,ArmoryDeckLegendsPrism|GEM,Prism|Taylor,Blitz|ClassicConstructed|LivingLegend|Open|UltimatePitFight,Spellvoid,False,False,True,False,False,P2,30,manual_or_keyword_gap
hanabi_blaster,hanabi_blaster,Hanabi Blaster,Weapon,Dynasty,Dash|DataDoll|Maxx|Puffin|Teklovossen,Blitz|Clash|ClassicConstructed|LivingLegend|Open|UltimatePitFight,Overpower,False,False,True,False,False,P2,30,manual_or_keyword_gap
havoc_wrap,havoc_wrap,Havoc Wrap,Equipment,CompendiumOfRathe,Crackni|Slippy|Taylor,Blitz|ClassicConstructed|LivingLegend|Open|UltimatePitFight,Battleworn|GoAgain,False,False,True,False,False,P2,30,manual_or_keyword_gap
haze_shelter,haze_shelter_blue|haze_shelter_red|haze_shelter_yellow,Haze Shelter,Instant,EnigmaBlitzDeck|PartTheMistveil,Enigma,Blitz|Clash|ClassicConstructed|Draft|LivingLegend|Open|Sealed|SilverAge|UltimatePitFight,Ward,False,False,True,False,False,P2,30,manual_or_keyword_gap
head_stone,head_stone,Head Stone,Equipment,HighSeas,Frankie|GravyBones|Taylor,Blitz|Clash|ClassicConstructed|Draft|LivingLegend|Open|Sealed|SilverAge|UltimatePitFight,Battleworn,False,False,True,False,False,P2,30,manual_or_keyword_gap
headbutt,headbutt_blue,Headbutt,Action,MasteryPackGuardian,Betsy|Bolfar|Bravo|Brevant|Crix|Jarl|Kox|Lyath|Oldhim|Pleiades|Reya|Starvo|Terra|Valda|Victor|Yoji,Blitz|ClassicConstructed|LivingLegend|Open|UltimatePitFight,Crush,False,False,True,False,False,P2,30,manual_or_keyword_gap
headliner_helm,headliner_helm,Headliner Helm,Equipment,HeavyHitters,Arakni|Aurora|Aurora2|Azalea|Benji|Betsy|Blaze|Bolfar|Boltyn|Bravo|Brevant|Briar|Broscilio|Brutus|Chane|Cindra|Crackni|Crix|Dash|DataDoll|Dorinthea|Dromai|Emperor|Enigma|Fai|Fang|Florian|Frankie|Genis|GravyBones|Hala|Ira|Iyslander|Jarl|Kano|Kassai|Katsu|Kavdaen|Kayo|Kox|Levia|Lexi|Librarian|Lyath|Marlynn|Maxx|Melody|Nuu|Oldhim|Olympia|Oscilio|Pleiades|Prism|Puffin|RKO|Reya|Rhinar|Riptide|Ruudi|Scurv|Shiyana|Slippy|Squizzy|Starvo|Taipanis|Taylor|Teklovossen|Terra|Theryon|Tuffnut|Uzuri|Valda|Verdance|Victor|Viserai|Vynnset|Yoji|Yorick|Zen|Zyggy,Blitz|Clash|ClassicConstructed|Draft|LivingLegend|Open|Sealed|SilverAge|UltimatePitFight,BladeBreak,False,False,True,False,False,P2,30,manual_or_keyword_gap
heart_of_fyendal,heart_of_fyendal_blue,Heart of Fyendal,Resource,Promos|WelcomeToRathe,Arakni|Aurora|Aurora2|Azalea|Benji|Betsy|Blaze|Bolfar|Boltyn|Bravo|Brevant|Briar|Broscilio|Brutus|Chane|Cindra|Crackni|Crix|Dash|DataDoll|Dorinthea|Dromai|Enigma|Fai|Fang|Florian|Frankie|Genis|GravyBones|Hala|Ira|Iyslander|Jarl|Kano|Kassai|Katsu|Kavdaen|Kayo|Kox|Levia|Lexi|Librarian|Lyath|Marlynn|Maxx|Melody|Nuu|Oldhim|Olympia|Oscilio|Pleiades|Prism|Puffin|RKO|Reya|Rhinar|Riptide|Ruudi|Scurv|Shiyana|Slippy|Squizzy|Starvo|Taipanis|Taylor|Teklovossen|Terra|Theryon|Tuffnut|Uzuri|Valda|Verdance|Victor|Viserai|Vynnset|Yoji|Yorick|Zen|Zyggy,Blitz|ClassicConstructed|Draft|LivingLegend|Open|Sealed|UltimatePitFight,Legendary,False,False,True,False,False,P2,30,manual_or_keyword_gap
heart_of_ice,heart_of_ice,Heart of Ice,Equipment,Promos|TalesOfAria,Iyslander|Jarl|Lexi|Oldhim|Starvo|Taylor,Blitz|ClassicConstructed|Draft|LivingLegend|Open|Sealed|UltimatePitFight,ArcaneBarrier|BladeBreak|GoAgain,False,False,True,False,False,P2,30,manual_or_keyword_gap
heart_of_vengeance,heart_of_vengeance,Heart of Vengeance,Equipment,TheHunted,Cindra|Dromai|Emperor|Fai|Fang|Taipanis|Taylor,Blitz|Clash|ClassicConstructed|Draft|LivingLegend|Open|Sealed|SilverAge|UltimatePitFight,BladeBreak,False,False,True,False,False,P2,30,manual_or_keyword_gap
heart_throb,heart_throb,Heart-throb,Equipment,Promos|RoundTheTable,Melody|Taylor|Yorick,Blitz|Clash|ClassicConstructed|LivingLegend|Open|SilverAge|UltimatePitFight,GoAgain,False,False,True,False,False,P2,30,manual_or_keyword_gap
heat_wave,heat_wave,Heat Wave,Equipment,FaiBlitzDeck|Uprising,Cindra|Fai|Taylor,Blitz|Clash|ClassicConstructed|Draft|LivingLegend|Open|Sealed|SilverAge|UltimatePitFight,Quell,False,False,True,False,False,P2,30,manual_or_keyword_gap
heavy_artillery,heavy_artillery_blue|heavy_artillery_red|heavy_artillery_yellow,Heavy Artillery,Action,BrightLights|Promos,Dash|DataDoll|Maxx|Puffin|Teklovossen,Blitz|Clash|ClassicConstructed|Draft|LivingLegend|Open|Sealed|SilverAge|UltimatePitFight,EvoUpgrade,False,False,True,False,False,P2,30,manual_or_keyword_gap
heavy_industry_gear_shift,heavy_industry_gear_shift,Heavy Industry Gear Shift,Equipment,ArmoryDeckDash,Dash|DataDoll|Maxx|Puffin|Taylor|Teklovossen,Blitz|ClassicConstructed|LivingLegend|Open|UltimatePitFight,Battleworn,False,False,True,False,False,P2,30,manual_or_keyword_gap
heavy_metal_hardcore,heavy_metal_hardcore_blue|heavy_metal_hardcore_red|heavy_metal_hardcore_yellow,Heavy Metal Hardcore,Action,CompendiumOfRathe,Dash|DataDoll|Maxx|Puffin|Teklovossen,Blitz|Clash|ClassicConstructed|LivingLegend|Open|SilverAge|UltimatePitFight,Boost,False,False,True,False,False,P2,30,manual_or_keyword_gap
heirloom_of_rabbit_hide,heirloom_of_rabbit_hide,Heirloom of Rabbit Hide,Equipment,EnigmaBlitzDeck|PartTheMistveil,Enigma|Taylor,Blitz|Clash|ClassicConstructed|Draft|LivingLegend|Open|Sealed|SilverAge|UltimatePitFight,Cloaked|Ward,False,False,True,False,False,P2,30,manual_or_keyword_gap
heirloom_of_snake_hide,heirloom_of_snake_hide,Heirloom of Snake Hide,Equipment,PartTheMistveil,Nuu|Taylor,Blitz|Clash|ClassicConstructed|Draft|LivingLegend|Open|Sealed|SilverAge|UltimatePitFight,Battleworn|Cloaked,False,False,True,False,False,P2,30,manual_or_keyword_gap
heirloom_of_tiger_hide,heirloom_of_tiger_hide,Heirloom of Tiger Hide,Equipment,PartTheMistveil|ZenBlitzDeck,Taylor|Zen,Blitz|Clash|ClassicConstructed|Draft|LivingLegend|Open|Sealed|SilverAge|UltimatePitFight,BladeBreak|Cloaked,False,False,True,False,False,P2,30,manual_or_keyword_gap
heist,heist_red,Heist,Action,ArmoryDeckMaxx|BrightLights,Dash|DataDoll|Maxx|Puffin|Teklovossen,Blitz|ClassicConstructed|Draft|LivingLegend|Open|Sealed|UltimatePitFight,Boost,False,False,True,False,False,P2,30,manual_or_keyword_gap
hell_hammer,hell_hammer,Hell Hammer,Weapon,DuskTillDawn|Promos,Levia,Blitz|Clash|ClassicConstructed|LivingLegend|Open|SilverAge|UltimatePitFight,BloodDebt,False,False,True,False,False,P2,30,manual_or_keyword_gap
helm_of_isens_peak,helm_of_isens_peak,Helm of Isen's Peak,Equipment,BravoHeroDeck|HistoryPack1|MasteryPackGuardian|OldhimBlitzDeck|WelcomeToRathe,Betsy|Bolfar|Bravo|Brevant|Crix|Jarl|Kox|Lyath|Oldhim|Pleiades|Reya|Starvo|Taylor|Terra|Valda|Victor|Yoji,Blitz|Clash|ClassicConstructed|Draft|LivingLegend|Open|Sealed|SilverAge|UltimatePitFight,Battleworn,False,False,True,False,False,P2,30,manual_or_keyword_gap
helm_of_safe_haven,helm_of_safe_haven,Helm of Safe Haven,Equipment,CompendiumOfRathe,Arakni|Aurora|Aurora2|Azalea|Benji|Betsy|Blaze|Bolfar|Boltyn|Bravo|Brevant|Briar|Broscilio|Brutus|Chane|Cindra|Crackni|Crix|Dash|DataDoll|Dorinthea|Dromai|Emperor|Enigma|Fai|Fang|Florian|Frankie|Genis|GravyBones|Hala|Ira|Iyslander|Jarl|Kano|Kassai|Katsu|Kavdaen|Kayo|Kox|Levia|Lexi|Librarian|Lyath|Marlynn|Maxx|Melody|Nuu|Oldhim|Olympia|Oscilio|Pleiades|Prism|Puffin|RKO|Reya|Rhinar|Riptide|Ruudi|Scurv|Shiyana|Slippy|Squizzy|Starvo|Taipanis|Taylor|Teklovossen|Terra|Theryon|Tuffnut|Uzuri|Valda|Verdance|Victor|Viserai|Vynnset|Yoji|Yorick|Zen|Zyggy,Blitz|ClassicConstructed|LivingLegend|Open|UltimatePitFight,BladeBreak,False,False,True,False,False,P2,30,manual_or_keyword_gap
helm_of_sharp_eye,helm_of_sharp_eye,Helm of Sharp Eye,Equipment,Everfest,Boltyn|Dorinthea|Emperor|Fang|Hala|Kassai|Olympia|Taylor,Blitz|ClassicConstructed|LivingLegend|Open|UltimatePitFight,Battleworn,False,False,True,False,False,P2,30,manual_or_keyword_gap
helm_of_the_adored,helm_of_the_adored,Helm of the Adored,Equipment,SuperSlam,Pleiades|Taylor|Tuffnut,Blitz|Clash|ClassicConstructed|Draft|LivingLegend|Open|Sealed|SilverAge|UltimatePitFight,BladeBreak|TheCrowdCheers,False,False,True,False,False,P2,30,manual_or_keyword_gap
helmsmans_peak,helmsmans_peak,Helmsman's Peak,Equipment,HighSeas,Arakni|Aurora|Aurora2|Azalea|Benji|Betsy|Blaze|Bolfar|Boltyn|Bravo|Brevant|Briar|Broscilio|Brutus|Chane|Cindra|Crackni|Crix|Dash|DataDoll|Dorinthea|Dromai|Emperor|Enigma|Fai|Fang|Florian|Frankie|Genis|GravyBones|Hala|Ira|Iyslander|Jarl|Kano|Kassai|Katsu|Kavdaen|Kayo|Kox|Levia|Lexi|Librarian|Lyath|Marlynn|Maxx|Melody|Nuu|Oldhim|Olympia|Oscilio|Pleiades|Prism|Puffin|RKO|Reya|Rhinar|Riptide|Ruudi|Scurv|Shiyana|Slippy|Squizzy|Starvo|Taipanis|Taylor|Teklovossen|Terra|Theryon|Tuffnut|Uzuri|Valda|Verdance|Victor|Viserai|Vynnset|Yoji|Yorick|Zen|Zyggy,Blitz|Clash|ClassicConstructed|Draft|LivingLegend|Open|Sealed|SilverAge|UltimatePitFight,BladeBreak,False,False,True,False,False,P2,30,manual_or_keyword_gap
herald_of_judgment,herald_of_judgment_yellow,Herald of Judgment,Action,DuskTillDawn|Monarch|PrismBlitzDeck|Promos,Prism|Shiyana,Blitz|Clash|ClassicConstructed|Draft|LivingLegend|Open|Sealed|SilverAge|UltimatePitFight,Phantasm|Specialization,False,False,True,False,False,P2,30,manual_or_keyword_gap
herald_of_rebirth,herald_of_rebirth_blue|herald_of_rebirth_red|herald_of_rebirth_yellow,Herald of Rebirth,Action,DuskTillDawn|Monarch|PrismBlitzDeck|Promos,Prism,Blitz|Clash|ClassicConstructed|Draft|LivingLegend|Open|Sealed|SilverAge|UltimatePitFight,Phantasm,False,False,True,False,False,P2,30,manual_or_keyword_gap
herald_of_tenacity,herald_of_tenacity_blue|herald_of_tenacity_red|herald_of_tenacity_yellow,Herald of Tenacity,Action,DuskTillDawn|Monarch|PrismBlitzDeck|Promos,Prism,Blitz|Clash|ClassicConstructed|Draft|LivingLegend|Open|Sealed|SilverAge|UltimatePitFight,Dominate|Phantasm,False,False,True,False,False,P2,30,manual_or_keyword_gap
herald_of_triumph,herald_of_triumph_blue|herald_of_triumph_red|herald_of_triumph_yellow,Herald of Triumph,Action,DuskTillDawn|Monarch|Promos,Prism,Blitz|Clash|ClassicConstructed|Draft|LivingLegend|Open|Sealed|SilverAge|UltimatePitFight,Phantasm,False,False,True,False,False,P2,30,manual_or_keyword_gap
herald_of_victoria,herald_of_victoria_yellow,Herald of Victoria,Action,CompendiumOfRathe,Prism,Blitz|Clash|ClassicConstructed|LivingLegend|Open|SilverAge|UltimatePitFight,Phantasm,False,False,True,False,False,P2,30,manual_or_keyword_gap
herons_flight,herons_flight_red,Heron's Flight,Action,CrucibleOfWar|HistoryPack1,Benji|Cindra|Fai|Ira|Katsu|Zen,Blitz|ClassicConstructed|LivingLegend|Open|UltimatePitFight,Combo,False,False,True,False,False,P2,30,manual_or_keyword_gap
hidden_agenda,hidden_agenda,Hidden Agenda,Equipment,ArmoryDeckAzalea,Azalea|Lexi|Marlynn|Riptide|Taylor,Blitz|ClassicConstructed|LivingLegend|Open|UltimatePitFight,ArcaneBarrier,False,False,True,False,False,P2,30,manual_or_keyword_gap
hide_tanner,hide_tanner,Hide Tanner,Equipment,ArmoryDeckKayo,Kayo|Levia|RKO|Rhinar|Taylor|Tuffnut,Blitz|ClassicConstructed|LivingLegend|Open|UltimatePitFight,Battleworn,False,False,True,False,False,P2,30,manual_or_keyword_gap
hit_the_gas,hit_the_gas_blue,Hit the Gas,Action,SuperSlam,Maxx|Shiyana,Blitz|Clash|ClassicConstructed|LivingLegend|Open|UltimatePitFight,Specialization,False,False,True,False,False,P2,30,manual_or_keyword_gap
hoarding_of_denial,hoarding_of_denial,Hoarding of Denial,Equipment,MasteryPackGuardian,Betsy|Bolfar|Bravo|Brevant|Crix|Jarl|Kox|Lyath|Oldhim|Pleiades|Reya|Starvo|Taylor|Terra|Valda|Victor|Yoji,Blitz|Clash|ClassicConstructed|LivingLegend|Open|SilverAge|UltimatePitFight,BladeBreak,False,False,True,False,False,P2,30,manual_or_keyword_gap
hold_firm,hold_firm,Hold Firm,Equipment,SuperSlam,Pleiades|Taylor|Tuffnut,Blitz|Clash|ClassicConstructed|Draft|LivingLegend|Open|Sealed|SilverAge|UltimatePitFight,BladeBreak|GoAgain,False,False,True,False,False,P2,30,manual_or_keyword_gap
hooves_of_the_shadowbeast,hooves_of_the_shadowbeast,Hooves of the Shadowbeast,Equipment,LeviaBlitzDeck|Monarch,Levia|Taylor,Blitz|Clash|ClassicConstructed|Draft|LivingLegend|Open|Sealed|SilverAge|UltimatePitFight,Battleworn,False,False,True,False,False,P2,30,manual_or_keyword_gap
hornets_sting,hornets_sting,Hornet's Sting,Equipment,Dynasty,Azalea|Lexi|Marlynn|Riptide|Taylor,Blitz|Clash|ClassicConstructed|LivingLegend|Open|SilverAge|UltimatePitFight,BladeBreak,False,False,True,False,False,P2,30,manual_or_keyword_gap
horns_of_the_despised,horns_of_the_despised,Horns of the Despised,Equipment,SuperSlam,Lyath|RKO|Taylor,Blitz|Clash|ClassicConstructed|Draft|LivingLegend|Open|Sealed|SilverAge|UltimatePitFight,BladeBreak|TheCrowdBoos,False,False,True,False,False,P2,30,manual_or_keyword_gap
horrors_of_the_past,horrors_of_the_past_yellow,Horrors of the Past,Action,ArmoryDeckArakni,Arakni|Crackni|Nuu|Slippy|Uzuri,Blitz|ClassicConstructed|LivingLegend|Open|UltimatePitFight,Stealth,False,False,True,False,False,P2,30,manual_or_keyword_gap
hungering_demigon,hungering_demigon_blue|hungering_demigon_red|hungering_demigon_yellow,Hungering Demigon,Action,DuskTillDawn|Promos,Chane|Levia|Vynnset,Blitz|Clash|ClassicConstructed|LivingLegend|Open|SilverAge|UltimatePitFight,BloodDebt,False,False,True,False,False,P2,30,manual_or_keyword_gap
hunt_the_hunter,hunt_the_hunter_red,Hunt the Hunter,Action,GEM|TheHunted,Cindra|Dromai|Emperor|Fai|Fang|Taipanis,Blitz|Clash|ClassicConstructed|Draft|LivingLegend|Open|Sealed|SilverAge|UltimatePitFight,Mark,False,False,True,False,False,P2,30,manual_or_keyword_gap
hunter_or_hunted,hunter_or_hunted_blue,Hunter or Hunted?,DefenseReaction,SuperSlam,Arakni|Crackni|Nuu|Slippy|Uzuri,Blitz|ClassicConstructed|LivingLegend|Open|UltimatePitFight,Contract,False,False,True,False,False,P2,30,manual_or_keyword_gap
ice_eternal,ice_eternal_blue,Ice Eternal,Action,IyslanderSilverAgeDeck|Promos|Uprising,Iyslander|Shiyana,Blitz|Clash|ClassicConstructed|Draft|LivingLegend|Open|Sealed|SilverAge|UltimatePitFight,Fusion|Specialization,False,False,True,False,False,P2,30,manual_or_keyword_gap
icebind,icebind_blue|icebind_red|icebind_yellow,Icebind,Action,Uprising,Iyslander|Oscilio|Verdance,Blitz|Clash|ClassicConstructed|Draft|LivingLegend|Open|Sealed|SilverAge|UltimatePitFight,Freeze|Fusion,False,False,True,False,False,P2,30,manual_or_keyword_gap
imperial_ledger,imperial_ledger_red,Imperial Ledger,Action,Dynasty,Arakni|Aurora|Aurora2|Azalea|Benji|Betsy|Blaze|Bolfar|Boltyn|Bravo|Brevant|Briar|Broscilio|Brutus|Chane|Cindra|Crackni|Crix|Dash|DataDoll|Dorinthea|Dromai|Emperor|Enigma|Fai|Fang|Florian|Frankie|Genis|GravyBones|Hala|Ira|Iyslander|Jarl|Kano|Kassai|Katsu|Kavdaen|Kayo|Kox|Levia|Lexi|Librarian|Lyath|Marlynn|Maxx|Melody|Nuu|Oldhim|Olympia|Oscilio|Pleiades|Prism|Puffin|RKO|Reya|Rhinar|Riptide|Ruudi|Scurv|Shiyana|Slippy|Squizzy|Starvo|Taipanis|Taylor|Teklovossen|Terra|Theryon|Tuffnut|Uzuri|Valda|Verdance|Victor|Viserai|Vynnset|Yoji|Yorick|Zen|Zyggy,Blitz|ClassicConstructed|LivingLegend|Open|UltimatePitFight,Legendary,False,False,True,False,False,P2,30,manual_or_keyword_gap
impulsive_desire,impulsive_desire_blue|impulsive_desire_red|impulsive_desire_yellow,Impulsive Desire,Action,NuuBlitzDeck|PartTheMistveil,Arakni|Crackni|Nuu|Slippy|Uzuri,Blitz|Clash|ClassicConstructed|Draft|LivingLegend|Open|Sealed|SilverAge|UltimatePitFight,Stealth,False,False,True,False,False,P2,30,manual_or_keyword_gap
indefensibly_honed,indefensibly_honed_blue,Indefensibly Honed,Action,ArmoryDeckOriginsHala,Boltyn|Dorinthea|Fang|Hala|Kassai|Olympia,Blitz|ClassicConstructed|LivingLegend|Open|UltimatePitFight,GoAgain|Sharpen,False,False,True,False,False,P2,30,manual_or_keyword_gap
infiltrate,infiltrate_red,Infiltrate,Action,ArmoryDeckArakni|Outsiders,Arakni|Crackni|Nuu|Slippy|Uzuri,Blitz|ClassicConstructed|Draft|LivingLegend|Open|Sealed|UltimatePitFight,Stealth,False,False,True,False,False,P2,30,manual_or_keyword_gap
intoxicating_shot,intoxicating_shot_blue,Intoxicating Shot,Action,BrightLights,Riptide|Shiyana,Blitz|Clash|ClassicConstructed|LivingLegend|Open|UltimatePitFight,Specialization,False,False,True,False,False,P2,30,manual_or_keyword_gap
invert_existence,invert_existence_blue,Invert Existence,Instant,Monarch,Chane|Vynnset,Blitz|ClassicConstructed|Draft|LivingLegend|Open|Sealed|UltimatePitFight,BloodDebt,False,False,True,False,False,P2,30,manual_or_keyword_gap
invoke_azvolai,invoke_azvolai_red,Invoke Azvolai,Action,Uprising,Dromai,Blitz|Clash|ClassicConstructed|Draft|LivingLegend|Open|Sealed|SilverAge|UltimatePitFight,GoAgain|Transform,False,False,True,False,False,P2,30,manual_or_keyword_gap
invoke_cromai,invoke_cromai_red,Invoke Cromai,Action,Uprising,Dromai,Blitz|Clash|ClassicConstructed|Draft|LivingLegend|Open|Sealed|SilverAge|UltimatePitFight,GoAgain|Transform,False,False,True,False,False,P2,30,manual_or_keyword_gap
invoke_dominia,invoke_dominia_red,Invoke Dominia,Action,Uprising,Dromai,Blitz|ClassicConstructed|Draft|LivingLegend|Open|Sealed|UltimatePitFight,GoAgain|Legendary|Transform,False,False,True,False,False,P2,30,manual_or_keyword_gap
invoke_dracona_optimai,invoke_dracona_optimai_red,Invoke Dracona Optimai,Action,Uprising,Dromai,Blitz|ClassicConstructed|Draft|LivingLegend|Open|Sealed|UltimatePitFight,GoAgain|Legendary|Transform,False,False,True,False,False,P2,30,manual_or_keyword_gap
invoke_kyloria,invoke_kyloria_red,Invoke Kyloria,Action,Uprising,Dromai,Blitz|Clash|ClassicConstructed|Draft|LivingLegend|Open|Sealed|SilverAge|UltimatePitFight,GoAgain|Transform,False,False,True,False,False,P2,30,manual_or_keyword_gap
invoke_miragai,invoke_miragai_red,Invoke Miragai,Action,Uprising,Dromai,Blitz|Clash|ClassicConstructed|Draft|LivingLegend|Open|Sealed|SilverAge|UltimatePitFight,GoAgain|Transform,False,False,True,False,False,P2,30,manual_or_keyword_gap
invoke_nekria,invoke_nekria_red,Invoke Nekria,Action,Uprising,Dromai,Blitz|Clash|ClassicConstructed|Draft|LivingLegend|Open|Sealed|SilverAge|UltimatePitFight,GoAgain|Transform,False,False,True,False,False,P2,30,manual_or_keyword_gap
invoke_ouvia,invoke_ouvia_red,Invoke Ouvia,Action,Uprising,Dromai,Blitz|Clash|ClassicConstructed|Draft|LivingLegend|Open|Sealed|SilverAge|UltimatePitFight,GoAgain|Transform,False,False,True,False,False,P2,30,manual_or_keyword_gap
invoke_themai,invoke_themai_red,Invoke Themai,Action,Uprising,Dromai,Blitz|Clash|ClassicConstructed|Draft|LivingLegend|Open|Sealed|SilverAge|UltimatePitFight,GoAgain|Transform,False,False,True,False,False,P2,30,manual_or_keyword_gap
invoke_tomeltai,invoke_tomeltai_red,Invoke Tomeltai,Action,Uprising,Dromai,Blitz|ClassicConstructed|Draft|LivingLegend|Open|Sealed|UltimatePitFight,GoAgain|Legendary|Transform,False,False,True,False,False,P2,30,manual_or_keyword_gap
invoke_vynserakai,invoke_vynserakai_red,Invoke Vynserakai,Action,Uprising,Dromai,Blitz|Clash|ClassicConstructed|Draft|LivingLegend|Open|Sealed|SilverAge|UltimatePitFight,GoAgain|Transform,False,False,True,False,False,P2,30,manual_or_keyword_gap
invoke_yendurai,invoke_yendurai_red,Invoke Yendurai,Action,Uprising,Dromai,Blitz|Clash|ClassicConstructed|Draft|LivingLegend|Open|Sealed|SilverAge|UltimatePitFight,GoAgain|Transform,False,False,True,False,False,P2,30,manual_or_keyword_gap
iris_of_reality,iris_of_reality,Iris of Reality,Weapon,Monarch|PrismBlitzDeck|Promos,Dromai|Enigma|Prism|Zyggy,Blitz|Clash|ClassicConstructed|Draft|LivingLegend|Open|Sealed|SilverAge|UltimatePitFight,GoAgain,False,False,True,False,False,P2,30,manual_or_keyword_gap
iyslander,iyslander,Iyslander,Hero,Everfest|IyslanderSilverAgeDeck|Promos|Uprising,Iyslander,Blitz|Clash|Draft|Open|Sealed|SilverAge|UltimatePitFight,Essence,False,False,True,False,False,P2,30,manual_or_keyword_gap
iyslander_stormbind,iyslander_stormbind,"Iyslander, Stormbind",Hero,Promos|Uprising,Iyslander,LivingLegend|Open,Essence,False,False,True,False,False,P2,30,manual_or_keyword_gap
jack_o_lantern,jack_o_lantern_blue|jack_o_lantern_red|jack_o_lantern_yellow,Jack-o'-lantern,Action,Promos,Chane|Vynnset,Blitz|Clash|ClassicConstructed|LivingLegend|Open|UltimatePitFight,GoAgain,False,False,True,False,False,P2,30,manual_or_keyword_gap
jarl_vetreidi,jarl_vetreidi,Jarl Vetreiði,Hero,ArmoryDeckOriginsJarl|GEM|MasteryPackGuardian|Promos,Jarl,ClassicConstructed|LivingLegend|Open,Essence,False,False,True,False,False,P2,30,manual_or_keyword_gap
jinglewood_smash_hit,jinglewood_smash_hit,"Jinglewood, Smash Hit",Weapon,Promos|RoundTheTable,Melody|Yorick,Blitz|Clash|ClassicConstructed|LivingLegend|Open|SilverAge|UltimatePitFight,GoAgain,False,False,True,False,False,P2,30,manual_or_keyword_gap
judge_jury_executioner,judge_jury_executioner_red,"Judge, Jury, Executioner",Action,HeavyHitters,Azalea|Shiyana,Blitz|Clash|ClassicConstructed|LivingLegend|Open|UltimatePitFight,Legendary|Specialization,False,False,True,False,False,P2,30,manual_or_keyword_gap
jump_start,jump_start_blue|jump_start_red|jump_start_yellow,Jump Start,Action,ArmoryDeckMaxx|BrightLights|DashSilverAgeDeck|Dynasty,Dash|DataDoll|Maxx|Puffin|Teklovossen,Blitz|Clash|ClassicConstructed|Draft|LivingLegend|Open|Sealed|SilverAge|UltimatePitFight,Boost,False,False,True,False,False,P2,30,manual_or_keyword_gap
kabuto_of_imperial_authority,kabuto_of_imperial_authority,Kabuto of Imperial Authority,Equipment,Promos|TheHunted,Boltyn|Dorinthea|Emperor|Fang|Hala|Kassai|Olympia|Taylor,Blitz|ClassicConstructed|LivingLegend|Open|UltimatePitFight,BladeBreak,False,False,True,False,False,P2,30,manual_or_keyword_gap
kavdaen_trader_of_skins,kavdaen_trader_of_skins,"Kavdaen, Trader of Skins",Hero,CrucibleOfWar|HistoryPack1|Promos,Kavdaen,Blitz|Clash|Open|SilverAge|UltimatePitFight,GoAgain,False,False,True,False,False,P2,30,manual_or_keyword_gap
kelpie_tangled_mess,kelpie_tangled_mess_yellow,"Kelpie, Tangled Mess",Action,HighSeas|Promos,GravyBones,Blitz|Clash|ClassicConstructed|Draft|LivingLegend|Open|Sealed|SilverAge|UltimatePitFight,GoAgain|WateryGrave,False,False,True,False,False,P2,30,manual_or_keyword_gap
kimono_of_layered_lessons,kimono_of_layered_lessons,Kimono of Layered Lessons,Equipment,CompendiumOfRathe,Enigma|Nuu|Taylor|Zen,Blitz|Clash|ClassicConstructed|LivingLegend|Open|SilverAge|UltimatePitFight,Cloaked,False,False,True,False,False,P2,30,manual_or_keyword_gap
king_kraken_harpoon,king_kraken_harpoon_red,King Kraken Harpoon,Action,HighSeas,Marlynn,Blitz|ClassicConstructed|Draft|LivingLegend|Open|Sealed|UltimatePitFight,GoFish,False,False,True,False,False,P2,30,manual_or_keyword_gap
king_shark_harpoon,king_shark_harpoon_red,King Shark Harpoon,Action,HighSeas,Marlynn,Blitz|ClassicConstructed|Draft|LivingLegend|Open|Sealed|UltimatePitFight,GoFish,False,False,True,False,False,P2,30,manual_or_keyword_gap
knife_through,knife_through_blue|knife_through_red|knife_through_yellow,Knife Through,Action,CompendiumOfRathe|GEM,Arakni|Crackni|Nuu|Slippy|Uzuri,Blitz|Clash|ClassicConstructed|LivingLegend|Open|SilverAge|UltimatePitFight,GoAgain|Stealth,False,False,True,False,False,P2,30,manual_or_keyword_gap
knucklehead,knucklehead,Knucklehead,Equipment,ArmoryDeckKayo|HeavyHitters|KayoBlitzDeck|KayoSilverAgeDeck|Promos,Kayo|RKO|Shiyana|Taylor,Blitz|Clash|ClassicConstructed|Draft|LivingLegend|Open|Sealed|SilverAge|UltimatePitFight,Specialization|Temper,False,False,True,False,False,P2,30,manual_or_keyword_gap
koi_blessed_kimono,koi_blessed_kimono,Koi Blessed Kimono,Equipment,NuuBlitzDeck|PartTheMistveil|Promos,Enigma|Nuu|Taylor|Zen,Blitz|Clash|ClassicConstructed|Draft|LivingLegend|Open|Sealed|SilverAge|UltimatePitFight,Cloaked,False,False,True,False,False,P2,30,manual_or_keyword_gap
lady_barthimont,lady_barthimont,Lady Barthimont,Mentor,LeviaBlitzDeck|Promos,Kayo|Levia|RKO|Rhinar|Tuffnut,Blitz|Clash|Open|UltimatePitFight,Dominate,False,False,True,False,False,P2,30,manual_or_keyword_gap
lair_of_the_spider,lair_of_the_spider_red,Lair of the Spider,DefenseReaction,ArakniSilverAgeDeck|ArakniWebOfDeceitBlitzDeck|Promos|TheHunted,Arakni|Benji|Cindra|Crackni|Fai|Ira|Katsu|Nuu|Slippy|Uzuri|Zen,Blitz|Clash|ClassicConstructed|Draft|LivingLegend|Open|Sealed|SilverAge|UltimatePitFight,Mark,False,False,True,False,False,P2,30,manual_or_keyword_gap
last_ditch_effort,last_ditch_effort_blue,Last Ditch Effort,Action,HistoryPack1|Promos|WelcomeToRathe,Arakni|Aurora|Aurora2|Azalea|Benji|Betsy|Blaze|Bolfar|Boltyn|Bravo|Brevant|Briar|Broscilio|Brutus|Chane|Cindra|Crackni|Crix|Dash|DataDoll|Dorinthea|Dromai|Enigma|Fai|Fang|Florian|Frankie|Genis|GravyBones|Hala|Ira|Iyslander|Jarl|Kano|Kassai|Katsu|Kavdaen|Kayo|Kox|Levia|Lexi|Librarian|Lyath|Marlynn|Maxx|Melody|Nuu|Oldhim|Olympia|Oscilio|Pleiades|Prism|Puffin|RKO|Reya|Rhinar|Riptide|Ruudi|Scurv|Shiyana|Slippy|Squizzy|Starvo|Taipanis|Taylor|Teklovossen|Terra|Theryon|Tuffnut|Uzuri|Valda|Verdance|Victor|Viserai|Vynnset|Yoji|Yorick|Zen|Zyggy,Blitz|ClassicConstructed|Draft|LivingLegend|Open|Sealed|UltimatePitFight,GoAgain,False,False,True,False,False,P2,30,manual_or_keyword_gap
laughing_knee_slappers,laughing_knee_slappers,Laughing Knee-Slappers,Equipment,SuperSlam,RKO|Taylor,Blitz|Clash|ClassicConstructed|Draft|LivingLegend|Open|Sealed|SilverAge|UltimatePitFight,BladeBreak,False,False,True,False,False,P2,30,manual_or_keyword_gap
lay_down_the_law,lay_down_the_law_red,Lay Down the Law,Action,HeavyHitters|RoundTheTable,Betsy|Bolfar|Bravo|Brevant|Crix|Jarl|Kox|Lyath|Oldhim|Pleiades|Reya|Starvo|Terra|Valda|Victor|Yoji,Blitz|Clash|ClassicConstructed|Draft|LivingLegend|Open|Sealed|SilverAge|UltimatePitFight,Tower,False,False,True,False,False,P2,30,manual_or_keyword_gap
lay_waste,lay_waste_blue|lay_waste_red|lay_waste_yellow,Lay Waste,Action,BrightLights,Dash|DataDoll|Maxx|Puffin|Teklovossen,Blitz|Clash|ClassicConstructed|Draft|LivingLegend|Open|Sealed|SilverAge|UltimatePitFight,Boost,False,False,True,False,False,P2,30,manual_or_keyword_gap
leap_frog_gloves,leap_frog_gloves,Leap Frog Gloves,Equipment,TheHunted,Arakni|Benji|Cindra|Crackni|Fai|Ira|Katsu|Nuu|Slippy|Taylor|Uzuri|Zen,Blitz|Clash|ClassicConstructed|Draft|LivingLegend|Open|Sealed|SilverAge|UltimatePitFight,BladeBreak,False,False,True,False,False,P2,30,manual_or_keyword_gap
leap_frog_leggings,leap_frog_leggings,Leap Frog Leggings,Equipment,CindraBlitzDeck|TheHunted,Arakni|Benji|Cindra|Crackni|Fai|Ira|Katsu|Nuu|Slippy|Taylor|Uzuri|Zen,Blitz|Clash|ClassicConstructed|Draft|LivingLegend|Open|Sealed|SilverAge|UltimatePitFight,BladeBreak,False,False,True,False,False,P2,30,manual_or_keyword_gap
leap_frog_slime_skin,leap_frog_slime_skin,Leap Frog Slime Skin,Equipment,ArakniBlitzDeckARK|TheHunted,Arakni|Benji|Cindra|Crackni|Fai|Ira|Katsu|Nuu|Slippy|Taylor|Uzuri|Zen,Blitz|Clash|ClassicConstructed|Draft|LivingLegend|Open|Sealed|SilverAge|UltimatePitFight,BladeBreak,False,False,True,False,False,P2,30,manual_or_keyword_gap
leap_frog_vocal_sac,leap_frog_vocal_sac,Leap Frog Vocal Sac,Equipment,ArakniWebOfDeceitBlitzDeck|TheHunted,Arakni|Benji|Cindra|Crackni|Fai|Ira|Katsu|Nuu|Slippy|Taylor|Uzuri|Zen,Blitz|Clash|ClassicConstructed|Draft|LivingLegend|Open|Sealed|SilverAge|UltimatePitFight,BladeBreak,False,False,True,False,False,P2,30,manual_or_keyword_gap
leave_no_witnesses,leave_no_witnesses_red,Leave No Witnesses,Action,Dynasty,Arakni|Crackni|Nuu|Slippy|Uzuri,Blitz|ClassicConstructed|LivingLegend|Open|UltimatePitFight,Contract,False,False,True,False,False,P2,30,manual_or_keyword_gap
levels_of_enlightenment,levels_of_enlightenment_blue,Levels of Enlightenment,Action,PartTheMistveil,Enigma|Nuu|Zen,Blitz|ClassicConstructed|Draft|LivingLegend|Open|Sealed|UltimatePitFight,GoAgain,False,False,True,False,False,P2,30,manual_or_keyword_gap
levia_redeemed,levia_redeemed,"Levia, Redeemed",DemiHero,DuskTillDawn,Levia|Shiyana,Blitz|Clash|ClassicConstructed|LivingLegend|Open|UltimatePitFight,Legendary|Specialization|Transform,False,False,True,False,False,P2,30,manual_or_keyword_gap
lexi,lexi,Lexi,Hero,CompendiumOfRathe|LexiBlitzDeck|Promos|TalesOfAria,Lexi,Blitz|Clash|Draft|Open|Sealed|SilverAge|UltimatePitFight,Essence|GoAgain,False,False,True,False,False,P2,30,manual_or_keyword_gap
lexi_livewire,lexi_livewire,"Lexi, Livewire",Hero,Promos|TalesOfAria,Lexi,LivingLegend|Open,Essence|GoAgain,False,False,True,False,False,P2,30,manual_or_keyword_gap
liars_charm,liars_charm_yellow,Liar's Charm,Instant,Promos|SuperSlam,Lyath,Blitz|ClassicConstructed|Draft|LivingLegend|Open|Sealed|UltimatePitFight,Steal|TheCrowdBoos,False,False,True,False,False,P2,30,manual_or_keyword_gap
light_fingers,light_fingers,Light Fingers,Equipment,HighSeas,Arakni|Aurora|Aurora2|Azalea|Benji|Betsy|Blaze|Bolfar|Boltyn|Bravo|Brevant|Briar|Broscilio|Brutus|Chane|Cindra|Crackni|Crix|Dash|DataDoll|Dorinthea|Dromai|Emperor|Enigma|Fai|Fang|Florian|Frankie|Genis|GravyBones|Hala|Ira|Iyslander|Jarl|Kano|Kassai|Katsu|Kavdaen|Kayo|Kox|Levia|Lexi|Librarian|Lyath|Marlynn|Maxx|Melody|Nuu|Oldhim|Olympia|Oscilio|Pleiades|Prism|Puffin|RKO|Reya|Rhinar|Riptide|Ruudi|Scurv|Shiyana|Slippy|Squizzy|Starvo|Taipanis|Taylor|Teklovossen|Terra|Theryon|Tuffnut|Uzuri|Valda|Verdance|Victor|Viserai|Vynnset|Yoji|Yorick|Zen|Zyggy,Blitz|Clash|ClassicConstructed|Draft|LivingLegend|Open|Sealed|SilverAge|UltimatePitFight,BladeBreak,False,False,True,False,False,P2,30,manual_or_keyword_gap
light_it_up,light_it_up_yellow,Light it Up,Action,TalesOfAria,Lexi|Shiyana,Blitz|Clash|ClassicConstructed|Draft|LivingLegend|Open|Sealed|UltimatePitFight,Fusion|Specialization,False,False,True,False,False,P2,30,manual_or_keyword_gap
light_of_sol,light_of_sol_yellow,Light of Sol,Resource,DuskTillDawn,Boltyn|Librarian|Prism|Theryon,Blitz|ClassicConstructed|LivingLegend|Open|UltimatePitFight,Legendary,False,False,True,False,False,P2,30,manual_or_keyword_gap
limpit_hop_a_long,limpit_hop_a_long_yellow,"Limpit, Hop-a-long",Action,ArmoryDeckGravyBones|HighSeas|Promos,GravyBones,Blitz|Clash|ClassicConstructed|Draft|LivingLegend|Open|Sealed|SilverAge|UltimatePitFight,GoAgain|WateryGrave,False,False,True,False,False,P2,30,manual_or_keyword_gap
line_crossers,line_crossers,Line Crossers,Equipment,CompendiumOfRathe,Lyath|RKO|Taylor,Blitz|Clash|ClassicConstructed|LivingLegend|Open|SilverAge|UltimatePitFight,BladeBreak,False,False,True,False,False,P2,30,manual_or_keyword_gap
liquid_cooled_mayhem,liquid_cooled_mayhem_blue|liquid_cooled_mayhem_red|liquid_cooled_mayhem_yellow,Liquid-Cooled Mayhem,Action,BrightLights|Promos|RoundTheTable,Dash|DataDoll|Maxx|Puffin|Teklovossen,Blitz|Clash|ClassicConstructed|Draft|LivingLegend|Open|Sealed|SilverAge|UltimatePitFight,EvoUpgrade,False,False,True,False,False,P2,30,manual_or_keyword_gap
lobotomy,lobotomy_red,Lobotomy,Action,CompendiumOfRathe,Arakni|Crackni|Nuu|Slippy|Uzuri,Blitz|ClassicConstructed|LivingLegend|Open|UltimatePitFight,Stealth,False,False,True,False,False,P2,30,manual_or_keyword_gap
luminaris,luminaris,Luminaris,Weapon,ArmoryDeckLegendsPrism|Monarch|Promos,Prism,Blitz|Clash|Draft|LivingLegend|Open|Sealed|UltimatePitFight,GoAgain,False,False,True,False,False,P2,30,manual_or_keyword_gap
magmatic_carapace,magmatic_carapace,Magmatic Carapace,Equipment,BravoSilverAgeDeck|CompendiumOfRathe,Betsy|Bolfar|Bravo|Brevant|Crix|Jarl|Kox|Lyath|Oldhim|Pleiades|Reya|Starvo|Taylor|Terra|Valda|Victor|Yoji,Blitz|Clash|ClassicConstructed|LivingLegend|Open|SilverAge|UltimatePitFight,Guardwell,False,False,True,False,False,P2,30,manual_or_keyword_gap
magrar,magrar,Magrar,Equipment,Promos,Genis|Shiyana|Taylor,Clash|Open|UltimatePitFight,Specialization,False,False,True,False,False,P2,30,manual_or_keyword_gap
mandible_claw,mandible_claw,Mandible Claw,Weapon,ArmoryDeckKayo|CrucibleOfWar|HeavyHitters|HistoryPack1|KayoSilverAgeDeck|RhinarBlitzDeck,Kayo|Levia|RKO|Rhinar|Tuffnut,Blitz|Clash|Draft|LivingLegend|Open|Sealed|SilverAge|UltimatePitFight,GoAgain,False,False,True,False,False,P2,30,manual_or_keyword_gap
manifestation_of_miragai,manifestation_of_miragai_blue,Manifestation of Miragai,Instant,PartTheMistveil,Enigma,Blitz|ClassicConstructed|Draft|LivingLegend|Open|Sealed|UltimatePitFight,Ward,False,False,True,False,False,P2,30,manual_or_keyword_gap
mark_of_the_beast,mark_of_the_beast_yellow,Mark of the Beast,Action,Monarch,Levia,Blitz|ClassicConstructed|Draft|LivingLegend|Open|Sealed|UltimatePitFight,BloodDebt,False,False,True,False,False,P2,30,manual_or_keyword_gap
mark_of_the_black_widow,mark_of_the_black_widow_blue|mark_of_the_black_widow_red|mark_of_the_black_widow_yellow,Mark of the Black Widow,Action,ArakniSilverAgeDeck|ArakniWebOfDeceitBlitzDeck|ArmoryDeckArakni|GEM|TheHunted,Arakni|Crackni|Nuu|Slippy|Uzuri,Blitz|Clash|ClassicConstructed|Draft|LivingLegend|Open|Sealed|SilverAge|UltimatePitFight,Stealth,False,False,True,False,False,P2,30,manual_or_keyword_gap
mark_of_the_funnel_web,mark_of_the_funnel_web_blue|mark_of_the_funnel_web_red|mark_of_the_funnel_web_yellow,Mark of the Funnel Web,Action,ArakniSilverAgeDeck|ArakniWebOfDeceitBlitzDeck|ArmoryDeckArakni|GEM|TheHunted,Arakni|Crackni|Nuu|Slippy|Uzuri,Blitz|Clash|ClassicConstructed|Draft|LivingLegend|Open|Sealed|SilverAge|UltimatePitFight,Stealth,False,False,True,False,False,P2,30,manual_or_keyword_gap
mark_the_prey,mark_the_prey_blue|mark_the_prey_red|mark_the_prey_yellow,Mark the Prey,Action,ArakniSilverAgeDeck|GEM|TheHunted,Arakni|Crackni|Nuu|Slippy|Uzuri,Blitz|Clash|ClassicConstructed|Draft|LivingLegend|Open|Sealed|SilverAge|UltimatePitFight,Mark|Stealth,False,False,True,False,False,P2,30,manual_or_keyword_gap
mask_of_malicious_manifestations,mask_of_malicious_manifestations,Mask of Malicious Manifestations,Equipment,ArakniBlitzDeck|Outsiders|RiptideBlitzDeck,Arakni|Azalea|Crackni|Lexi|Marlynn|Nuu|Riptide|Slippy|Taylor|Uzuri,Blitz|Clash|ClassicConstructed|Draft|LivingLegend|Open|Sealed|SilverAge|UltimatePitFight,GoAgain,False,False,True,False,False,P2,30,manual_or_keyword_gap
mask_of_many_faces,mask_of_many_faces,Mask of Many Faces,Equipment,KatsuBlitzDeck|Outsiders,Benji|Cindra|Fai|Ira|Katsu|Taylor|Zen,Blitz|Clash|ClassicConstructed|Draft|LivingLegend|Open|Sealed|SilverAge|UltimatePitFight,BladeBreak,False,False,True,False,False,P2,30,manual_or_keyword_gap
mask_of_recurring_nightmares,mask_of_recurring_nightmares,Mask of Recurring Nightmares,Equipment,PartTheMistveil,Nuu|Taylor,Blitz|ClassicConstructed|LivingLegend|Open|UltimatePitFight,BladeBreak,False,False,True,False,False,P2,30,manual_or_keyword_gap
mask_of_the_swarming_claw,mask_of_the_swarming_claw,Mask of the Swarming Claw,Equipment,CompendiumOfRathe|FaiSilverAgeDeck,Benji|Cindra|Fai|Ira|Katsu|Taylor|Zen,Blitz|Clash|ClassicConstructed|LivingLegend|Open|SilverAge|UltimatePitFight,ArcaneBarrier|Spellvoid,False,False,True,False,False,P2,30,manual_or_keyword_gap
mask_of_wizened_whiskers,mask_of_wizened_whiskers,Mask of Wizened Whiskers,Equipment,PartTheMistveil|Promos|ZenBlitzDeck,Benji|Cindra|Fai|Ira|Katsu|Taylor|Zen,Blitz|Clash|ClassicConstructed|Draft|LivingLegend|Open|Sealed|SilverAge|UltimatePitFight,BladeBreak,False,False,True,False,False,P2,30,manual_or_keyword_gap
master_cog,master_cog_yellow,Master Cog,Resource,BrightLights,Dash|DataDoll|Maxx|Puffin|Teklovossen,Blitz|ClassicConstructed|LivingLegend|Open|UltimatePitFight,Legendary,False,False,True,False,False,P2,30,manual_or_keyword_gap
mbrio_base_cortex,mbrio_base_cortex,mBrio Base Cortex,Equipment,CompendiumOfRathe,Dash|DataDoll|Maxx|Puffin|Taylor|Teklovossen,Blitz|Clash|ClassicConstructed|LivingLegend|Open|SilverAge|UltimatePitFight,Guardwell,False,False,True,False,False,P2,30,manual_or_keyword_gap
mbrio_base_vizier,mbrio_base_vizier,mBrio Base Vizier,Equipment,CompendiumOfRathe,Dash|DataDoll|Maxx|Puffin|Taylor|Teklovossen,Blitz|Clash|ClassicConstructed|LivingLegend|Open|SilverAge|UltimatePitFight,ArcaneBarrier,False,False,True,False,False,P2,30,manual_or_keyword_gap
mbrio_base_walkers,mbrio_base_walkers,mBrio Base Walkers,Equipment,CompendiumOfRathe,Dash|DataDoll|Maxx|Puffin|Taylor|Teklovossen,Blitz|Clash|ClassicConstructed|LivingLegend|Open|SilverAge|UltimatePitFight,Quell,False,False,True,False,False,P2,30,manual_or_keyword_gap
mechanical_strength,mechanical_strength_blue|mechanical_strength_red|mechanical_strength_yellow,Mechanical Strength,Action,BrightLights|Promos|RoundTheTable,Dash|DataDoll|Maxx|Puffin|Teklovossen,Blitz|Clash|ClassicConstructed|Draft|LivingLegend|Open|Sealed|SilverAge|UltimatePitFight,EvoUpgrade,False,False,True,False,False,P2,30,manual_or_keyword_gap
meet_madness,meet_madness_red,Meet Madness,Action,ArmoryDeckArakni,Crackni|Slippy,Blitz|ClassicConstructed|LivingLegend|Open|UltimatePitFight,Stealth,False,False,True,False,False,P2,30,manual_or_keyword_gap
meganetic_protocol,meganetic_protocol_blue,Meganetic Protocol,Action,BrightLights|Promos,Dash|DataDoll|Maxx|Puffin|Teklovossen,Blitz|ClassicConstructed|Draft|LivingLegend|Open|Sealed|UltimatePitFight,EvoUpgrade,False,False,True,False,False,P2,30,manual_or_keyword_gap
melody_sing_along,melody_sing_along,"Melody, Sing-along",Hero,Promos|RoundTheTable,Melody,Blitz|Clash|Open|UltimatePitFight,GoAgain,False,False,True,False,False,P2,30,manual_or_keyword_gap
merciful_retribution,merciful_retribution_yellow,Merciful Retribution,Instant,ArmoryDeckLegendsPrism|Monarch|PrismBlitzDeck|Promos,Prism,Blitz|Clash|ClassicConstructed|Draft|LivingLegend|Open|Sealed|SilverAge|UltimatePitFight,Spectra,False,False,True,False,False,P2,30,manual_or_keyword_gap
metacarpus_node,metacarpus_node,Metacarpus Node,Equipment,CrucibleOfWar|HistoryPack1|Promos,Blaze|Broscilio|Emperor|Iyslander|Kano|Oscilio|Taylor|Verdance,Blitz|ClassicConstructed|LivingLegend|Open|UltimatePitFight,ArcaneBarrier,False,False,True,False,False,P2,30,manual_or_keyword_gap
metex,metex_blue|metex_red|metex_yellow,MetEx,Action,BrightLights,Dash|DataDoll|Maxx|Puffin|Teklovossen,Blitz|Clash|ClassicConstructed|Draft|LivingLegend|Open|Sealed|SilverAge|UltimatePitFight,Boost,False,False,True,False,False,P2,30,manual_or_keyword_gap
mightybone_knuckles,mightybone_knuckles,Mightybone Knuckles,Equipment,SuperSlam,Lyath|RKO|Taylor,Blitz|Clash|ClassicConstructed|Draft|LivingLegend|Open|Sealed|SilverAge|UltimatePitFight,BladeBreak|GoAgain,False,False,True,False,False,P2,30,manual_or_keyword_gap
mind_meets_might,mind_meets_might_red,Mind Meets Might,Action,CompendiumOfRathe,Dromai|Enigma|Prism|Zyggy,Blitz|ClassicConstructed|LivingLegend|Open|UltimatePitFight,Mirage,False,False,True,False,False,P2,30,manual_or_keyword_gap
minds_desire,minds_desire_blue|minds_desire_red|minds_desire_yellow,Mind's Desire,Action,NuuBlitzDeck|PartTheMistveil,Arakni|Crackni|Nuu|Slippy|Uzuri,Blitz|Clash|ClassicConstructed|Draft|LivingLegend|Open|Sealed|SilverAge|UltimatePitFight,Stealth,False,False,True,False,False,P2,30,manual_or_keyword_gap
mini_forcefield,mini_forcefield_blue|mini_forcefield_red|mini_forcefield_yellow,Mini Forcefield,Action,BrightLights,Dash|DataDoll|Maxx|Puffin|Teklovossen,Blitz|Clash|ClassicConstructed|Draft|LivingLegend|Open|Sealed|SilverAge|UltimatePitFight,Crank|Ward,False,False,True,False,False,P2,30,manual_or_keyword_gap
miraging_metamorph,miraging_metamorph_red,Miraging Metamorph,Action,Everfest,Dromai|Enigma|Prism|Zyggy,Blitz|ClassicConstructed|LivingLegend|Open|UltimatePitFight,Phantasm,False,False,True,False,False,P2,30,manual_or_keyword_gap
misfire_dampener,misfire_dampener,Misfire Dampener,Equipment,TheHunted,Dash|DataDoll|Maxx|Puffin|Taylor|Teklovossen,Blitz|ClassicConstructed|LivingLegend|Open|UltimatePitFight,BladeBreak,False,False,True,False,False,P2,30,manual_or_keyword_gap
mist_hunter,mist_hunter_red,Mist Hunter,Action,CompendiumOfRathe,Arakni|Crackni|Nuu|Slippy|Uzuri,Blitz|Clash|ClassicConstructed|LivingLegend|Open|SilverAge|UltimatePitFight,Contract,False,False,True,False,False,P2,30,manual_or_keyword_gap
mistcloak_gully,mistcloak_gully,Mistcloak Gully,Instant,PartTheMistveil,Enigma|Nuu|Zen,Blitz|ClassicConstructed|LivingLegend|Open|UltimatePitFight,Legendary|Transcend,False,False,True,False,False,P2,30,manual_or_keyword_gap
moment_maker,moment_maker,Moment Maker,Weapon,ArmoryDeckPleiades|GEM,Pleiades,Blitz|Clash|ClassicConstructed|LivingLegend|Open|UltimatePitFight,TheCrowdCheers,False,False,True,False,False,P2,30,manual_or_keyword_gap
moray_le_fay,moray_le_fay_yellow,Moray le Fay,Action,GEM|HighSeas,GravyBones,Blitz|ClassicConstructed|Draft|LivingLegend|Open|Sealed|UltimatePitFight,WateryGrave,False,False,True,False,False,P2,30,manual_or_keyword_gap
mournful_casket,mournful_casket,Mournful Casket,Equipment,CompendiumOfRathe,Frankie|GravyBones|Taylor,Blitz|Clash|ClassicConstructed|LivingLegend|Open|SilverAge|UltimatePitFight,Temper,False,False,True,False,False,P2,30,manual_or_keyword_gap
mulch,mulch_blue|mulch_red|mulch_yellow,Mulch,Action,TalesOfAria,Jarl|Oldhim|Starvo|Terra,Blitz|Clash|ClassicConstructed|Draft|LivingLegend|Open|Sealed|SilverAge|UltimatePitFight,Fusion,False,False,True,False,False,P2,30,manual_or_keyword_gap
murky_water,murky_water_red,Murky Water,Action,PartTheMistveil,Riptide|Shiyana,Blitz|Clash|ClassicConstructed|LivingLegend|Open|UltimatePitFight,Dominate|Specialization,False,False,True,False,False,P2,30,manual_or_keyword_gap
mutated_mass,mutated_mass_blue,Mutated Mass,Action,Monarch,Chane|Levia|Vynnset,Blitz|ClassicConstructed|Draft|LivingLegend|Open|Sealed|UltimatePitFight,BloodDebt,False,False,True,False,False,P2,30,manual_or_keyword_gap
mutiny_on_the_battalion_barque,mutiny_on_the_battalion_barque_blue,Mutiny on the Battalion Barque,Action,HighSeas,GravyBones|Marlynn|Puffin|Scurv,Blitz|Clash|ClassicConstructed|Draft|LivingLegend|Open|Sealed|SilverAge|UltimatePitFight,GoAgain|Steal,False,False,True,False,False,P2,30,manual_or_keyword_gap
myrkhellir_helm,myrkhellir_helm,Myrkhellir Helm,Equipment,CompendiumOfRathe,Arakni|Aurora|Aurora2|Azalea|Benji|Betsy|Blaze|Bolfar|Boltyn|Bravo|Brevant|Briar|Broscilio|Brutus|Chane|Cindra|Crackni|Crix|Dash|DataDoll|Dorinthea|Dromai|Emperor|Enigma|Fai|Fang|Florian|Frankie|Genis|GravyBones|Hala|Ira|Iyslander|Jarl|Kano|Kassai|Katsu|Kavdaen|Kayo|Kox|Levia|Lexi|Librarian|Lyath|Marlynn|Maxx|Melody|Nuu|Oldhim|Olympia|Oscilio|Pleiades|Prism|Puffin|RKO|Reya|Rhinar|Riptide|Ruudi|Scurv|Shiyana|Slippy|Squizzy|Starvo|Taipanis|Taylor|Teklovossen|Terra|Theryon|Tuffnut|Uzuri|Valda|Verdance|Victor|Viserai|Vynnset|Yoji|Yorick|Zen|Zyggy,Blitz|Clash|ClassicConstructed|LivingLegend|Open|SilverAge|UltimatePitFight,GoAgain|Temper,False,False,True,False,False,P2,30,manual_or_keyword_gap
nerve_scalpel,nerve_scalpel,Nerve Scalpel,Weapon,Outsiders,Arakni|Crackni|Nuu|Slippy|Uzuri,Blitz|Clash|ClassicConstructed|Draft|LivingLegend|Open|Sealed|UltimatePitFight,GoAgain|Piercing,False,False,True,False,False,P2,30,manual_or_keyword_gap
nix_the_nimble,nix_the_nimble_blue|nix_the_nimble_red|nix_the_nimble_yellow,Nix the Nimble,Action,ArakniBlitzDeckARK|Dynasty,Arakni|Crackni|Nuu|Slippy|Uzuri,Blitz|Clash|ClassicConstructed|LivingLegend|Open|SilverAge|UltimatePitFight,Contract,False,False,True,False,False,P2,30,manual_or_keyword_gap
no_tall_tales,no_tall_tales_yellow,No Tall Tales,Action,SuperSlam,Betsy|Bolfar|Bravo|Brevant|Crix|Jarl|Kox|Lyath|Oldhim|Pleiades|Reya|Starvo|Terra|Valda|Victor|Yoji,Blitz|ClassicConstructed|Draft|LivingLegend|Open|Sealed|UltimatePitFight,Tower,False,False,True,False,False,P2,30,manual_or_keyword_gap
nom_de_plume,nom_de_plume,Nom de Plume,Equipment,Promos|RoundTheTable,Melody|Taylor|Yorick,Blitz|Clash|ClassicConstructed|LivingLegend|Open|SilverAge|UltimatePitFight,GoAgain,False,False,True,False,False,P2,30,manual_or_keyword_gap
northern_winds,northern_winds_blue,Northern Winds,Action,DuskTillDawn,Oldhim|Shiyana,Blitz|Clash|ClassicConstructed|LivingLegend|Open|UltimatePitFight,Freeze|Specialization|Unity,False,False,True,False,False,P2,30,manual_or_keyword_gap
not_so_fast,not_so_fast_yellow,Not So Fast,Instant,HighSeas,Scurv|Shiyana,Blitz|Clash|ClassicConstructed|Draft|LivingLegend|Open|Sealed|SilverAge|UltimatePitFight,Specialization,False,False,True,False,False,P2,30,manual_or_keyword_gap
null_time_zone,null_time_zone_blue,Null Time Zone,Action,TheHunted,Dash|DataDoll|Maxx|Puffin|Teklovossen,Blitz|ClassicConstructed|LivingLegend|Open|UltimatePitFight,Crank,False,False,True,False,False,P2,30,manual_or_keyword_gap
oaken_old,oaken_old_red,Oaken Old,Action,TalesOfAria,Jarl|Oldhim|Starvo|Terra,Blitz|ClassicConstructed|Draft|LivingLegend|Open|Sealed|UltimatePitFight,Dominate|Fusion,False,False,True,False,False,P2,30,manual_or_keyword_gap
oblivion,oblivion_blue,Oblivion,Instant,DuskTillDawn,Shiyana|Vynnset,Blitz|Clash|ClassicConstructed|LivingLegend|Open|UltimatePitFight,Legendary|Specialization,False,False,True,False,False,P2,30,manual_or_keyword_gap
oldhim,oldhim,Oldhim,Hero,CompendiumOfRathe|OldhimBlitzDeck|Promos|TalesOfAria,Oldhim,Blitz|Clash|Draft|Open|Sealed|SilverAge|UltimatePitFight,Essence,False,False,True,False,False,P2,30,manual_or_keyword_gap
oldhim_grandfather_of_eternity,oldhim_grandfather_of_eternity,"Oldhim, Grandfather of Eternity",Hero,Promos|TalesOfAria,Oldhim,LivingLegend|Open,Essence,False,False,True,False,False,P2,30,manual_or_keyword_gap
omens_of_arcana,omens_of_arcana,Omens of Arcana,Macro,OmensOfTheThirdAge|Promos,Aurora|Oscilio|Zyggy,Open,Spellvoid,False,False,True,False,False,P2,30,manual_or_keyword_gap
orbitoclast,orbitoclast,Orbitoclast,Weapon,Outsiders,Arakni|Crackni|Nuu|Slippy|Uzuri,Blitz|Clash|ClassicConstructed|Draft|LivingLegend|Open|Sealed|UltimatePitFight,GoAgain|Piercing,False,False,True,False,False,P2,30,manual_or_keyword_gap
orihon_of_mystic_tenets,orihon_of_mystic_tenets_blue,Orihon of Mystic Tenets,Instant,PartTheMistveil,Enigma|Nuu|Zen,Blitz|Draft|LivingLegend|Open|Sealed|UltimatePitFight,Legendary,False,False,True,False,False,P2,30,manual_or_keyword_gap
out_pace,out_pace_blue|out_pace_red|out_pace_yellow,Out Pace,Action,BrightLights|DashSilverAgeDeck,Dash|DataDoll|Maxx|Puffin|Teklovossen,Blitz|Clash|ClassicConstructed|Draft|LivingLegend|Open|Sealed|SilverAge|UltimatePitFight,Boost,False,False,True,False,False,P2,30,manual_or_keyword_gap
ouvia,ouvia,Ouvia,,Uprising,Dromai,Blitz|Clash|ClassicConstructed|Draft|LivingLegend|Open|Sealed|SilverAge|UltimatePitFight,Transform,False,False,True,False,False,P2,30,manual_or_keyword_gap
over_loop,over_loop_blue|over_loop_red|over_loop_yellow,Over Loop,Action,ArcaneRising|BrightLights|HistoryPack1|Promos|RoundTheTable,Dash|DataDoll|Maxx|Puffin|Teklovossen,Blitz|Clash|ClassicConstructed|Draft|LivingLegend|Open|Sealed|SilverAge|UltimatePitFight,Boost,False,False,True,False,False,P2,30,manual_or_keyword_gap
over_the_top,over_the_top_blue|over_the_top_red|over_the_top_yellow,Over the Top,Action,BetsyBlitzDeck|HeavyHitters,Betsy|Bolfar|Bravo|Brevant|Crix|Jarl|Kox|Lyath|Oldhim|Pleiades|Reya|Starvo|Terra|Valda|Victor|Yoji,Blitz|Clash|ClassicConstructed|Draft|LivingLegend|Open|Sealed|SilverAge|UltimatePitFight,Overpower,False,False,True,False,False,P2,30,manual_or_keyword_gap
overbearing_presence,overbearing_presence,Overbearing Presence,Equipment,SuperSlam,Kayo|Levia|RKO|Rhinar|Taylor|Tuffnut,Blitz|Clash|ClassicConstructed|Draft|LivingLegend|Open|Sealed|SilverAge|UltimatePitFight,BladeBreak|GoAgain,False,False,True,False,False,P2,30,manual_or_keyword_gap
overcome_adversity,overcome_adversity,Overcome Adversity,Equipment,HeavyHitters,Arakni|Aurora|Aurora2|Azalea|Benji|Betsy|Blaze|Bolfar|Boltyn|Bravo|Brevant|Briar|Broscilio|Brutus|Chane|Cindra|Crackni|Crix|Dash|DataDoll|Dorinthea|Dromai|Emperor|Enigma|Fai|Fang|Florian|Frankie|Genis|GravyBones|Hala|Ira|Iyslander|Jarl|Kano|Kassai|Katsu|Kavdaen|Kayo|Kox|Levia|Lexi|Librarian|Lyath|Marlynn|Maxx|Melody|Nuu|Oldhim|Olympia|Oscilio|Pleiades|Prism|Puffin|RKO|Reya|Rhinar|Riptide|Ruudi|Scurv|Shiyana|Slippy|Squizzy|Starvo|Taipanis|Taylor|Teklovossen|Terra|Theryon|Tuffnut|Uzuri|Valda|Verdance|Victor|Viserai|Vynnset|Yoji|Yorick|Zen|Zyggy,Blitz|Clash|ClassicConstructed|Draft|LivingLegend|Open|Sealed|SilverAge|UltimatePitFight,BladeBreak,False,False,True,False,False,P2,30,manual_or_keyword_gap
overcrowded,overcrowded_blue,Overcrowded,Action,Promos|SuperSlam,Arakni|Aurora|Aurora2|Azalea|Benji|Betsy|Blaze|Bolfar|Boltyn|Bravo|Brevant|Briar|Broscilio|Brutus|Chane|Cindra|Crackni|Crix|Dash|DataDoll|Dorinthea|Dromai|Enigma|Fai|Fang|Florian|Frankie|Genis|GravyBones|Hala|Ira|Iyslander|Jarl|Kano|Kassai|Katsu|Kavdaen|Kayo|Kox|Levia|Lexi|Librarian|Lyath|Marlynn|Maxx|Melody|Nuu|Oldhim|Olympia|Oscilio|Pleiades|Prism|Puffin|RKO|Reya|Rhinar|Riptide|Ruudi|Scurv|Shiyana|Slippy|Squizzy|Starvo|Taipanis|Taylor|Teklovossen|Terra|Theryon|Tuffnut|Uzuri|Valda|Verdance|Victor|Viserai|Vynnset|Yoji|Yorick|Zen|Zyggy,Blitz|ClassicConstructed|Draft|LivingLegend|Open|Sealed|UltimatePitFight,Ambush,False,False,True,False,False,P2,30,manual_or_keyword_gap
overturn_the_results,overturn_the_results_blue,Overturn the Results,Action,GEM|SuperSlam,Lyath|RKO,Blitz|Clash|ClassicConstructed|Draft|LivingLegend|Open|Sealed|SilverAge|UltimatePitFight,TheCrowdBoos,False,False,True,False,False,P2,30,manual_or_keyword_gap
oysten_heart_of_gold,oysten_heart_of_gold_yellow,"Oysten, Heart of Gold",Action,ArmoryDeckGravyBones|HighSeas,GravyBones,Blitz|Clash|ClassicConstructed|LivingLegend|Open|SilverAge|UltimatePitFight,WateryGrave,False,False,True,False,False,P2,30,manual_or_keyword_gap
panel_beater,panel_beater_blue|panel_beater_red|panel_beater_yellow,Panel Beater,Action,BrightLights,Dash|DataDoll|Maxx|Puffin|Teklovossen,Blitz|Clash|ClassicConstructed|Draft|LivingLegend|Open|Sealed|SilverAge|UltimatePitFight,Boost,False,False,True,False,False,P2,30,manual_or_keyword_gap
parable_of_humility,parable_of_humility_yellow,Parable of Humility,Instant,ArmoryDeckLegendsPrism|Monarch|Promos,Prism,Blitz|Clash|ClassicConstructed|Draft|LivingLegend|Open|Sealed|SilverAge|UltimatePitFight,Spectra,False,False,True,False,False,P2,30,manual_or_keyword_gap
pass_over,pass_over_blue,Pass Over,Instant,EnigmaSilverAgeDeck|NuuBlitzDeck|PartTheMistveil|Promos,Enigma|Nuu|Zen,Blitz|Clash|ClassicConstructed|Draft|LivingLegend|Open|Sealed|SilverAge|UltimatePitFight,Legendary|Transcend,False,False,True,False,False,P2,30,manual_or_keyword_gap
passing_mirage,passing_mirage_blue,Passing Mirage,Action,ArmoryDeckLegendsPrism|Everfest|Promos,Dromai|Enigma|Prism|Zyggy,Blitz|Clash|ClassicConstructed|LivingLegend|Open|SilverAge|UltimatePitFight,Spectra,False,False,True,False,False,P2,30,manual_or_keyword_gap
payload,payload_blue|payload_red|payload_yellow,Payload,Action,Everfest,Dash|DataDoll|Maxx|Puffin|Teklovossen,Blitz|Clash|ClassicConstructed|LivingLegend|Open|SilverAge|UltimatePitFight,Dominate,False,False,True,False,False,P2,30,manual_or_keyword_gap
pec_perfect,pec_perfect_red,Pec Perfect,Action,MasteryPackGuardian,Betsy|Bolfar|Bravo|Brevant|Brutus|Crix|Jarl|Kox|Lyath|Oldhim|Pleiades|Reya|Starvo|Terra|Valda|Victor|Yoji,Blitz|ClassicConstructed|LivingLegend|Open|UltimatePitFight,Clash,False,False,True,False,False,P2,30,manual_or_keyword_gap
persuasive_prognosis,persuasive_prognosis_blue,Persuasive Prognosis,Action,PartTheMistveil,Arakni|Crackni|Nuu|Slippy|Uzuri,Blitz|ClassicConstructed|Draft|LivingLegend|Open|Sealed|UltimatePitFight,Stealth,False,False,True,False,False,P2,30,manual_or_keyword_gap
phantasmaclasm,phantasmaclasm_red,Phantasmaclasm,Action,Monarch,Dromai|Enigma|Prism|Zyggy,Blitz|ClassicConstructed|Draft|LivingLegend|Open|Sealed|UltimatePitFight,Phantasm,False,False,True,False,False,P2,30,manual_or_keyword_gap
phantasmal_haze,phantasmal_haze_blue|phantasmal_haze_red|phantasmal_haze_yellow,Phantasmal Haze,Action,Everfest,Dromai|Enigma|Prism|Zyggy,Blitz|Clash|ClassicConstructed|LivingLegend|Open|SilverAge|UltimatePitFight,Phantasm,False,False,True,False,False,P2,30,manual_or_keyword_gap
phantasmal_symbiosis,phantasmal_symbiosis_yellow,Phantasmal Symbiosis,Action,Dynasty,Dromai|Enigma|Prism|Zyggy,Blitz|ClassicConstructed|LivingLegend|Open|UltimatePitFight,Phantasm,False,False,True,False,False,P2,30,manual_or_keyword_gap
phantom_tidemaw,phantom_tidemaw_blue,Phantom Tidemaw,Instant,BrightLights,Dromai|Enigma|Prism|Zyggy,Blitz|ClassicConstructed|LivingLegend|Open|UltimatePitFight,Phantasm|Ward,False,False,True,False,False,P2,30,manual_or_keyword_gap
pick_to_pieces,pick_to_pieces_blue|pick_to_pieces_red|pick_to_pieces_yellow,Pick to Pieces,Action,ArmoryDeckArakni|PartTheMistveil,Arakni|Crackni|Nuu|Slippy|Uzuri,Blitz|Clash|ClassicConstructed|Draft|LivingLegend|Open|Sealed|SilverAge|UltimatePitFight,Stealth,False,False,True,False,False,P2,30,manual_or_keyword_gap
piercing_shadow_vise,piercing_shadow_vise_blue|piercing_shadow_vise_red|piercing_shadow_vise_yellow,Piercing Shadow Vise,Action,ChaneBlitzDeck|Monarch,Chane|Vynnset,Blitz|Clash|ClassicConstructed|Draft|LivingLegend|Open|Sealed|SilverAge|UltimatePitFight,BloodDebt,False,False,True,False,False,P2,30,manual_or_keyword_gap
pink_visor,pink_visor,Pink Visor,Equipment,Promos,Ruudi|Shiyana|Taylor,Open|UltimatePitFight,Specialization,False,False,True,False,False,P2,30,manual_or_keyword_gap
plague_hive,plague_hive_yellow,Plague Hive,Resource,Outsiders,Arakni|Azalea|Crackni|Lexi|Marlynn|Nuu|Riptide|Slippy|Uzuri,Blitz|ClassicConstructed|Draft|LivingLegend|Open|Sealed|UltimatePitFight,Legendary,False,False,True,False,False,P2,30,manual_or_keyword_gap
plasma_barrel_shot,plasma_barrel_shot,Plasma Barrel Shot,Weapon,CrucibleOfWar|DashSilverAgeDeck|HistoryPack1,Dash|DataDoll|Maxx|Puffin|Teklovossen,Blitz|Clash|ClassicConstructed|LivingLegend|Open|SilverAge|UltimatePitFight,GoAgain,False,False,True,False,False,P2,30,manual_or_keyword_gap
plasma_purifier,plasma_purifier_red,Plasma Purifier,Action,CrucibleOfWar|HistoryPack1,Dash|DataDoll|Maxx|Puffin|Teklovossen,Blitz|ClassicConstructed|LivingLegend|Open|UltimatePitFight,GoAgain,False,False,True,False,False,P2,30,manual_or_keyword_gap
plate_of_tough_love,plate_of_tough_love,Plate of Tough Love,Equipment,SuperSlam,Pleiades|Taylor,Blitz|Clash|ClassicConstructed|Draft|LivingLegend|Open|Sealed|SilverAge|UltimatePitFight,BladeBreak,False,False,True,False,False,P2,30,manual_or_keyword_gap
plunder_the_poor,plunder_the_poor_blue|plunder_the_poor_red|plunder_the_poor_yellow,Plunder the Poor,Action,ArakniBlitzDeckARK|Dynasty,Arakni|Crackni|Nuu|Slippy|Uzuri,Blitz|Clash|ClassicConstructed|LivingLegend|Open|SilverAge|UltimatePitFight,Contract,False,False,True,False,False,P2,30,manual_or_keyword_gap
polarity_reversal_script,polarity_reversal_script_red,Polarity Reversal Script,Action,BrightLights,Dash|DataDoll|Maxx|Puffin|Teklovossen,Blitz|Clash|ClassicConstructed|Draft|LivingLegend|Open|Sealed|SilverAge|UltimatePitFight,Crank,False,False,True,False,False,P2,30,manual_or_keyword_gap
polly_cranka,polly_cranka,Polly Cranka,Companion,HighSeas,Puffin,Blitz|ClassicConstructed|LivingLegend|Open|UltimatePitFight,Crank,False,False,True,False,False,P2,30,manual_or_keyword_gap
pound_for_pound,pound_for_pound_blue|pound_for_pound_red|pound_for_pound_yellow,Pound for Pound,Action,Monarch,Arakni|Aurora|Aurora2|Azalea|Benji|Betsy|Blaze|Bolfar|Boltyn|Bravo|Brevant|Briar|Broscilio|Brutus|Chane|Cindra|Crackni|Crix|Dash|DataDoll|Dorinthea|Dromai|Emperor|Enigma|Fai|Fang|Florian|Frankie|Genis|GravyBones|Hala|Ira|Iyslander|Jarl|Kano|Kassai|Katsu|Kavdaen|Kayo|Kox|Levia|Lexi|Librarian|Lyath|Marlynn|Maxx|Melody|Nuu|Oldhim|Olympia|Oscilio|Pleiades|Prism|Puffin|RKO|Reya|Rhinar|Riptide|Ruudi|Scurv|Shiyana|Slippy|Squizzy|Starvo|Taipanis|Taylor|Teklovossen|Terra|Theryon|Tuffnut|Uzuri|Valda|Verdance|Victor|Viserai|Vynnset|Yoji|Yorick|Zen|Zyggy,Blitz|Clash|ClassicConstructed|Draft|LivingLegend|Open|Sealed|SilverAge|UltimatePitFight,Dominate,False,False,True,False,False,P2,30,manual_or_keyword_gap
power_of_make_believe,power_of_make_believe_blue|power_of_make_believe_red|power_of_make_believe_yellow,Power of Make Believe,Action,CompendiumOfRathe,Dromai|Enigma|Prism|Zyggy,Blitz|Clash|ClassicConstructed|LivingLegend|Open|SilverAge|UltimatePitFight,Mirage,False,False,True,False,False,P2,30,manual_or_keyword_gap
predatory_plating,predatory_plating,Predatory Plating,Equipment,CompendiumOfRathe|KayoSilverAgeDeck,Kayo|Levia|RKO|Rhinar|Taylor|Tuffnut,Blitz|Clash|ClassicConstructed|LivingLegend|Open|SilverAge|UltimatePitFight,Guardwell,False,False,True,False,False,P2,30,manual_or_keyword_gap
preserve_tradition,preserve_tradition_blue,Preserve Tradition,Instant,EnigmaBlitzDeck|EnigmaSilverAgeDeck|PartTheMistveil|Promos|ZenBlitzDeck,Enigma|Nuu|Zen,Blitz|Clash|ClassicConstructed|Draft|LivingLegend|Open|Sealed|SilverAge|UltimatePitFight,Legendary|Transcend,False,False,True,False,False,P2,30,manual_or_keyword_gap
prey_spotters,prey_spotters,Prey Spotters,Equipment,ArakniSilverAgeDeck|ArmoryDeckArakni,Arakni|Crackni|Nuu|Slippy|Taylor|Uzuri,Blitz|Clash|ClassicConstructed|LivingLegend|Open|SilverAge|UltimatePitFight,Battleworn|Mark,False,False,True,False,False,P2,30,manual_or_keyword_gap
prism_advent_of_thrones,prism_advent_of_thrones,"Prism, Advent of Thrones",Hero,DuskTillDawn|Promos,Prism,Blitz|Clash|Open|UltimatePitFight,Awaken,False,False,True,False,False,P2,30,manual_or_keyword_gap
prismatic_lens,prismatic_lens_yellow,Prismatic Lens,Action,BrightLights,Dash|DataDoll|Maxx|Puffin|Teklovossen,Blitz|ClassicConstructed|Draft|LivingLegend|Open|Sealed|UltimatePitFight,Crank,False,False,True,False,False,P2,30,manual_or_keyword_gap
prized_galea,prized_galea,Prized Galea,Equipment,HeavyHitters|OlympiaBlitzDeck|Promos,Olympia|Shiyana|Taylor,Blitz|Clash|ClassicConstructed|Draft|LivingLegend|Open|Sealed|SilverAge|UltimatePitFight,Specialization|Temper,False,False,True,False,False,P2,30,manual_or_keyword_gap
proclaim_vengeance,proclaim_vengeance_red,Proclaim Vengeance,Instant,GEM|TheHunted,Cindra|Dromai|Emperor|Fai|Fang|Taipanis,Blitz|Clash|ClassicConstructed|Draft|LivingLegend|Open|Sealed|SilverAge|UltimatePitFight,Mark,False,False,True,False,False,P2,30,manual_or_keyword_gap
prowl,prowl_blue|prowl_red|prowl_yellow,Prowl,Action,ArakniBlitzDeck|ArmoryDeckArakni|Outsiders,Arakni|Crackni|Nuu|Slippy|Uzuri,Blitz|Clash|ClassicConstructed|Draft|LivingLegend|Open|Sealed|SilverAge|UltimatePitFight,Stealth,False,False,True,False,False,P2,30,manual_or_keyword_gap
puffer_jacket,puffer_jacket,Puffer Jacket,Equipment,ArmoryDeckMaxx,Dash|DataDoll|Maxx|Puffin|Taylor|Teklovossen,Blitz|ClassicConstructed|LivingLegend|Open|UltimatePitFight,Temper,False,False,True,False,False,P2,30,manual_or_keyword_gap
pulse_of_isenloft,pulse_of_isenloft_blue,Pulse of Isenloft,DefenseReaction,TalesOfAria,Jarl|Oldhim|Starvo,Blitz|ClassicConstructed|Draft|LivingLegend|Open|Sealed|UltimatePitFight,Legendary,False,False,True,False,False,P2,30,manual_or_keyword_gap
pulse_of_volthaven,pulse_of_volthaven_red,Pulse of Volthaven,Instant,TalesOfAria,Lexi|Starvo,Blitz|ClassicConstructed|Draft|LivingLegend|Open|Sealed|UltimatePitFight,Legendary,False,False,True,False,False,P2,30,manual_or_keyword_gap
pulsewave_harpoon,pulsewave_harpoon_red,Pulsewave Harpoon,Action,Dynasty,Dash|DataDoll|Maxx|Puffin|Teklovossen,Blitz|ClassicConstructed|LivingLegend|Open|UltimatePitFight,Boost,False,False,True,False,False,P2,30,manual_or_keyword_gap
pulsewave_protocol,pulsewave_protocol_yellow,Pulsewave Protocol,Action,BrightLights|Promos,Dash|DataDoll|Maxx|Puffin|Teklovossen,Blitz|ClassicConstructed|Draft|LivingLegend|Open|Sealed|UltimatePitFight,EvoUpgrade,False,False,True,False,False,P2,30,manual_or_keyword_gap
pulverize,pulverize_red,Pulverize,Action,Everfest,Betsy|Bolfar|Bravo|Brevant|Crix|Jarl|Kox|Lyath|Oldhim|Pleiades|Reya|Starvo|Terra|Valda|Victor|Yoji,Blitz|ClassicConstructed|LivingLegend|Open|UltimatePitFight,Heave,False,False,True,False,False,P2,30,manual_or_keyword_gap
puncture,puncture_blue|puncture_red|puncture_yellow,Puncture,AttackReaction,DorintheaSilverAgeDeck|Dynasty,Boltyn|Dorinthea|Emperor|Fang|Hala|Kassai|Olympia,Blitz|Clash|ClassicConstructed|LivingLegend|Open|SilverAge|UltimatePitFight,Piercing,False,False,True,False,False,P2,30,manual_or_keyword_gap
pursue_to_the_edge_of_oblivion,pursue_to_the_edge_of_oblivion_red,Pursue to the Edge of Oblivion,Action,TheHunted,Arakni|Aurora|Aurora2|Azalea|Benji|Betsy|Blaze|Bolfar|Boltyn|Bravo|Brevant|Briar|Broscilio|Brutus|Chane|Cindra|Crackni|Crix|Dash|DataDoll|Dorinthea|Dromai|Emperor|Enigma|Fai|Fang|Florian|Frankie|Genis|GravyBones|Hala|Ira|Iyslander|Jarl|Kano|Kassai|Katsu|Kavdaen|Kayo|Kox|Levia|Lexi|Librarian|Lyath|Marlynn|Maxx|Melody|Nuu|Oldhim|Olympia|Oscilio|Pleiades|Prism|Puffin|RKO|Reya|Rhinar|Riptide|Ruudi|Scurv|Shiyana|Slippy|Squizzy|Starvo|Taipanis|Taylor|Teklovossen|Terra|Theryon|Tuffnut|Uzuri|Valda|Verdance|Victor|Viserai|Vynnset|Yoji|Yorick|Zen|Zyggy,Blitz|Clash|ClassicConstructed|Draft|LivingLegend|Open|Sealed|SilverAge|UltimatePitFight,Mark,False,False,True,False,False,P2,30,manual_or_keyword_gap
pursue_to_the_pits_of_despair,pursue_to_the_pits_of_despair_red,Pursue to the Pits of Despair,Action,TheHunted,Arakni|Aurora|Aurora2|Azalea|Benji|Betsy|Blaze|Bolfar|Boltyn|Bravo|Brevant|Briar|Broscilio|Brutus|Chane|Cindra|Crackni|Crix|Dash|DataDoll|Dorinthea|Dromai|Emperor|Enigma|Fai|Fang|Florian|Frankie|Genis|GravyBones|Hala|Ira|Iyslander|Jarl|Kano|Kassai|Katsu|Kavdaen|Kayo|Kox|Levia|Lexi|Librarian|Lyath|Marlynn|Maxx|Melody|Nuu|Oldhim|Olympia|Oscilio|Pleiades|Prism|Puffin|RKO|Reya|Rhinar|Riptide|Ruudi|Scurv|Shiyana|Slippy|Squizzy|Starvo|Taipanis|Taylor|Teklovossen|Terra|Theryon|Tuffnut|Uzuri|Valda|Verdance|Victor|Viserai|Vynnset|Yoji|Yorick|Zen|Zyggy,Blitz|Clash|ClassicConstructed|Draft|LivingLegend|Open|Sealed|SilverAge|UltimatePitFight,Mark,False,False,True,False,False,P2,30,manual_or_keyword_gap
quantum_processor,quantum_processor_yellow,Quantum Processor,Action,BrightLights,Dash|DataDoll|Maxx|Puffin|Teklovossen,Blitz|ClassicConstructed|Draft|LivingLegend|Open|Sealed|UltimatePitFight,Crank,False,False,True,False,False,P2,30,manual_or_keyword_gap
quelling_robe,quelling_robe,Quelling Robe,Equipment,Uprising|UzuriBlitzDeck,Arakni|Aurora|Aurora2|Azalea|Benji|Betsy|Blaze|Bolfar|Boltyn|Bravo|Brevant|Briar|Broscilio|Brutus|Chane|Cindra|Crackni|Crix|Dash|DataDoll|Dorinthea|Dromai|Emperor|Enigma|Fai|Fang|Florian|Frankie|Genis|GravyBones|Hala|Ira|Iyslander|Jarl|Kano|Kassai|Katsu|Kavdaen|Kayo|Kox|Levia|Lexi|Librarian|Lyath|Marlynn|Maxx|Melody|Nuu|Oldhim|Olympia|Oscilio|Pleiades|Prism|Puffin|RKO|Reya|Rhinar|Riptide|Ruudi|Scurv|Shiyana|Slippy|Squizzy|Starvo|Taipanis|Taylor|Teklovossen|Terra|Theryon|Tuffnut|Uzuri|Valda|Verdance|Victor|Viserai|Vynnset|Yoji|Yorick|Zen|Zyggy,Blitz|Clash|ClassicConstructed|Draft|LivingLegend|Open|Sealed|SilverAge|UltimatePitFight,Quell,False,False,True,False,False,P2,30,manual_or_keyword_gap
quelling_sleeves,quelling_sleeves,Quelling Sleeves,Equipment,Uprising,Arakni|Aurora|Aurora2|Azalea|Benji|Betsy|Blaze|Bolfar|Boltyn|Bravo|Brevant|Briar|Broscilio|Brutus|Chane|Cindra|Crackni|Crix|Dash|DataDoll|Dorinthea|Dromai|Emperor|Enigma|Fai|Fang|Florian|Frankie|Genis|GravyBones|Hala|Ira|Iyslander|Jarl|Kano|Kassai|Katsu|Kavdaen|Kayo|Kox|Levia|Lexi|Librarian|Lyath|Marlynn|Maxx|Melody|Nuu|Oldhim|Olympia|Oscilio|Pleiades|Prism|Puffin|RKO|Reya|Rhinar|Riptide|Ruudi|Scurv|Shiyana|Slippy|Squizzy|Starvo|Taipanis|Taylor|Teklovossen|Terra|Theryon|Tuffnut|Uzuri|Valda|Verdance|Victor|Viserai|Vynnset|Yoji|Yorick|Zen|Zyggy,Blitz|Clash|ClassicConstructed|Draft|LivingLegend|Open|Sealed|SilverAge|UltimatePitFight,Quell,False,False,True,False,False,P2,30,manual_or_keyword_gap
quelling_slippers,quelling_slippers,Quelling Slippers,Equipment,FaiBlitzDeck|KatsuBlitzDeck|Uprising,Arakni|Aurora|Aurora2|Azalea|Benji|Betsy|Blaze|Bolfar|Boltyn|Bravo|Brevant|Briar|Broscilio|Brutus|Chane|Cindra|Crackni|Crix|Dash|DataDoll|Dorinthea|Dromai|Emperor|Enigma|Fai|Fang|Florian|Frankie|Genis|GravyBones|Hala|Ira|Iyslander|Jarl|Kano|Kassai|Katsu|Kavdaen|Kayo|Kox|Levia|Lexi|Librarian|Lyath|Marlynn|Maxx|Melody|Nuu|Oldhim|Olympia|Oscilio|Pleiades|Prism|Puffin|RKO|Reya|Rhinar|Riptide|Ruudi|Scurv|Shiyana|Slippy|Squizzy|Starvo|Taipanis|Taylor|Teklovossen|Terra|Theryon|Tuffnut|Uzuri|Valda|Verdance|Victor|Viserai|Vynnset|Yoji|Yorick|Zen|Zyggy,Blitz|Clash|ClassicConstructed|Draft|LivingLegend|Open|Sealed|SilverAge|UltimatePitFight,Quell,False,False,True,False,False,P2,30,manual_or_keyword_gap
quicksilver_dagger,quicksilver_dagger,Quicksilver Dagger,Weapon,Dynasty|Promos,Boltyn|Dorinthea|Emperor|Fang|Hala|Kassai|Olympia,Blitz|Clash|ClassicConstructed|LivingLegend|Open|SilverAge|UltimatePitFight,GoAgain,False,False,True,False,False,P2,30,manual_or_keyword_gap
quickstep,quickstep,Quickstep,Equipment,Promos|RoundTheTable,Melody|Taylor|Yorick,Blitz|Clash|ClassicConstructed|LivingLegend|Open|SilverAge|UltimatePitFight,GoAgain,False,False,True,False,False,P2,30,manual_or_keyword_gap
rage_baiters,rage_baiters,Rage Baiters,Equipment,ArmoryDeckArakni,Arakni|Crackni|Nuu|Slippy|Taylor|Uzuri,Blitz|ClassicConstructed|LivingLegend|Open|UltimatePitFight,BladeBreak|Mark,False,False,True,False,False,P2,30,manual_or_keyword_gap
rapturous_applause,rapturous_applause_blue|rapturous_applause_red|rapturous_applause_yellow,Rapturous Applause,Action,SuperSlam,Pleiades|Tuffnut,Blitz|Clash|ClassicConstructed|Draft|LivingLegend|Open|Sealed|SilverAge|UltimatePitFight,TheCrowdCheers,False,False,True,False,False,P2,30,manual_or_keyword_gap
reapers_call,reapers_call_blue|reapers_call_red|reapers_call_yellow,Reaper's Call,Action,ArakniWebOfDeceitBlitzDeck|TheHunted,Arakni|Crackni|Nuu|Slippy|Uzuri,Blitz|Clash|ClassicConstructed|Draft|LivingLegend|Open|Sealed|SilverAge|UltimatePitFight,Mark|Stealth,False,False,True,False,False,P2,30,manual_or_keyword_gap
reckless_charge,reckless_charge_blue,Reckless Charge,Action,HeavyHitters,Kayo|RKO|Shiyana,Blitz|Clash|ClassicConstructed|Draft|LivingLegend|Open|Sealed|UltimatePitFight,Specialization,False,False,True,False,False,P2,30,manual_or_keyword_gap
reckless_stampede,reckless_stampede_red,Reckless Stampede,Action,SuperSlam,Brutus|Kayo|Levia|RKO|Rhinar|Tuffnut,Blitz|ClassicConstructed|Draft|LivingLegend|Open|Sealed|UltimatePitFight,Clash,False,False,True,False,False,P2,30,manual_or_keyword_gap
red_alert_boots,red_alert_boots,Red Alert Boots,Equipment,FangBlitzDeck|TheHunted,Arakni|Boltyn|Crackni|Dorinthea|Emperor|Fang|Hala|Kassai|Nuu|Olympia|Slippy|Taylor|Uzuri,Blitz|Clash|ClassicConstructed|Draft|LivingLegend|Open|Sealed|SilverAge|UltimatePitFight,BladeBreak,False,False,True,False,False,P2,30,manual_or_keyword_gap
red_alert_gloves,red_alert_gloves,Red Alert Gloves,Equipment,TheHunted,Arakni|Boltyn|Crackni|Dorinthea|Emperor|Fang|Hala|Kassai|Nuu|Olympia|Slippy|Taylor|Uzuri,Blitz|Clash|ClassicConstructed|Draft|LivingLegend|Open|Sealed|SilverAge|UltimatePitFight,BladeBreak,False,False,True,False,False,P2,30,manual_or_keyword_gap
red_alert_vest,red_alert_vest,Red Alert Vest,Equipment,ArakniWebOfDeceitBlitzDeck|TheHunted,Arakni|Boltyn|Crackni|Dorinthea|Emperor|Fang|Hala|Kassai|Nuu|Olympia|Slippy|Taylor|Uzuri,Blitz|Clash|ClassicConstructed|Draft|LivingLegend|Open|Sealed|SilverAge|UltimatePitFight,BladeBreak,False,False,True,False,False,P2,30,manual_or_keyword_gap
red_alert_visor,red_alert_visor,Red Alert Visor,Equipment,TheHunted,Arakni|Boltyn|Crackni|Dorinthea|Emperor|Fang|Hala|Kassai|Nuu|Olympia|Slippy|Taylor|Uzuri,Blitz|Clash|ClassicConstructed|Draft|LivingLegend|Open|Sealed|SilverAge|UltimatePitFight,BladeBreak,False,False,True,False,False,P2,30,manual_or_keyword_gap
red_fin_harpoon,red_fin_harpoon_blue,Red Fin Harpoon,Action,GEM|HighSeas,Marlynn,Blitz|Clash|ClassicConstructed|Draft|LivingLegend|Open|Sealed|SilverAge|UltimatePitFight,GoFish,False,False,True,False,False,P2,30,manual_or_keyword_gap
red_liner,red_liner,Red Liner,Weapon,CrucibleOfWar|HistoryPack1,Azalea|Lexi|Marlynn|Riptide,Blitz|Clash|ClassicConstructed|LivingLegend|Open|SilverAge|UltimatePitFight,GoAgain,False,False,True,False,False,P2,30,manual_or_keyword_gap
redback_shroud,redback_shroud,Redback Shroud,Equipment,Outsiders|Promos,Arakni|Crackni|Nuu|Slippy|Taylor|Uzuri,Blitz|ClassicConstructed|Draft|LivingLegend|Open|Sealed|UltimatePitFight,Battleworn,False,False,True,False,False,P2,30,manual_or_keyword_gap
redspine_manta,redspine_manta,Redspine Manta,Weapon,GEM|HighSeas|Promos,Azalea|Lexi|Marlynn|Riptide,Blitz|Clash|ClassicConstructed|Draft|LivingLegend|Open|Sealed|SilverAge|UltimatePitFight,GoAgain,False,False,True,False,False,P2,30,manual_or_keyword_gap
reel_in,reel_in_blue,Reel In,Instant,HeavyHitters,Azalea|Lexi|Marlynn|Riptide,Blitz|ClassicConstructed|LivingLegend|Open|UltimatePitFight,Reload,False,False,True,False,False,P2,30,manual_or_keyword_gap
regicide,regicide_blue,Regicide,Action,Dynasty|Promos,Arakni|Crackni|Shiyana|Slippy,Blitz|Clash|ClassicConstructed|LivingLegend|Open|UltimatePitFight,Legendary|Specialization,False,False,True,False,False,P2,30,manual_or_keyword_gap
renounce_grandeur,renounce_grandeur_red,Renounce Grandeur,Action,MasteryPackGuardian|Promos,Betsy|Bolfar|Bravo|Brevant|Crix|Jarl|Kox|Lyath|Oldhim|Pleiades|Reya|Starvo|Terra|Valda|Victor|Yoji,Blitz|Clash|ClassicConstructed|LivingLegend|Open|SilverAge|UltimatePitFight,Crush,False,False,True,False,False,P2,30,manual_or_keyword_gap
rev_up,rev_up_blue|rev_up_red|rev_up_yellow,Rev Up,Action,BrightLights|DashSilverAgeDeck,Dash|DataDoll|Maxx|Puffin|Teklovossen,Blitz|Clash|ClassicConstructed|Draft|LivingLegend|Open|Sealed|SilverAge|UltimatePitFight,Boost,False,False,True,False,False,P2,30,manual_or_keyword_gap
reverent_rerebrace,reverent_rerebrace,Reverent Rerebrace,Equipment,ArmoryDeckOriginsHala,Boltyn|Dorinthea|Emperor|Fang|Hala|Kassai|Olympia|Taylor,Blitz|ClassicConstructed|LivingLegend|Open|UltimatePitFight,Sharpen|Temper,False,False,True,False,False,P2,30,manual_or_keyword_gap
rewind,rewind_blue,Rewind,Instant,Uprising,Blaze|Broscilio|Iyslander|Kano|Oscilio|Verdance,Blitz|ClassicConstructed|Draft|LivingLegend|Open|Sealed|UltimatePitFight,Negate,False,False,True,False,False,P2,30,manual_or_keyword_gap
riches_of_tropal_dhani,riches_of_tropal_dhani_yellow,Riches of Trōpal-Dhani,Resource,HighSeas|Promos,Arakni|Aurora|Aurora2|Azalea|Benji|Betsy|Blaze|Bolfar|Boltyn|Bravo|Brevant|Briar|Broscilio|Brutus|Chane|Cindra|Crackni|Crix|Dash|DataDoll|Dorinthea|Dromai|Enigma|Fai|Fang|Florian|Frankie|Genis|GravyBones|Hala|Ira|Iyslander|Jarl|Kano|Kassai|Katsu|Kavdaen|Kayo|Kox|Levia|Lexi|Librarian|Lyath|Marlynn|Maxx|Melody|Nuu|Oldhim|Olympia|Oscilio|Pleiades|Prism|Puffin|RKO|Reya|Rhinar|Riptide|Ruudi|Scurv|Shiyana|Slippy|Squizzy|Starvo|Taipanis|Taylor|Teklovossen|Terra|Theryon|Tuffnut|Uzuri|Valda|Verdance|Victor|Viserai|Vynnset|Yoji|Yorick|Zen|Zyggy,Blitz|ClassicConstructed|LivingLegend|Open|UltimatePitFight,Legendary,False,False,True,False,False,P2,30,manual_or_keyword_gap
ridge_rider_shot,ridge_rider_shot_blue|ridge_rider_shot_red|ridge_rider_shot_yellow,Ridge Rider Shot,Action,ArcaneRising|AzaleaSilverAgeDeck|HistoryPack1,Azalea|Lexi|Marlynn|Riptide,Blitz|Clash|ClassicConstructed|Draft|LivingLegend|Open|Sealed|SilverAge|UltimatePitFight,Opt,False,False,True,False,False,P2,30,manual_or_keyword_gap
rift_bind,rift_bind_blue|rift_bind_red|rift_bind_yellow,Rift Bind,Action,ChaneBlitzDeck|Monarch,Chane|Vynnset,Blitz|Clash|ClassicConstructed|Draft|LivingLegend|Open|Sealed|SilverAge|UltimatePitFight,BloodDebt,False,False,True,False,False,P2,30,manual_or_keyword_gap
riggermortis,riggermortis_yellow,Riggermortis,Action,ArmoryDeckGravyBones|HighSeas|Promos,GravyBones,Blitz|Clash|ClassicConstructed|Draft|LivingLegend|Open|Sealed|SilverAge|UltimatePitFight,WateryGrave,False,False,True,False,False,P2,30,manual_or_keyword_gap
rip_through_reality,rip_through_reality_blue|rip_through_reality_red|rip_through_reality_yellow,Rip Through Reality,Action,ChaneBlitzDeck|Monarch,Chane|Vynnset,Blitz|Clash|ClassicConstructed|Draft|LivingLegend|Open|Sealed|SilverAge|UltimatePitFight,BloodDebt|GoAgain,False,False,True,False,False,P2,30,manual_or_keyword_gap
rippling_wave,rippling_wave,Rippling Wave,Equipment,CompendiumOfRathe,Enigma|Nuu|Taylor|Zen,Blitz|ClassicConstructed|LivingLegend|Open|UltimatePitFight,BladeBreak|Cloaked,False,False,True,False,False,P2,30,manual_or_keyword_gap
rites_of_replenishment,rites_of_replenishment_blue|rites_of_replenishment_red|rites_of_replenishment_yellow,Rites of Replenishment,Action,BriarBlitzDeck|TalesOfAria,Aurora|Briar|Florian,Blitz|Clash|ClassicConstructed|Draft|LivingLegend|Open|Sealed|SilverAge|UltimatePitFight,Fusion,False,False,True,False,False,P2,30,manual_or_keyword_gap
rob_the_rich,rob_the_rich_blue|rob_the_rich_red|rob_the_rich_yellow,Rob the Rich,Action,Dynasty,Arakni|Crackni|Nuu|Slippy|Uzuri,Blitz|Clash|ClassicConstructed|LivingLegend|Open|SilverAge|UltimatePitFight,Contract,False,False,True,False,False,P2,30,manual_or_keyword_gap
rout,rout_red,Rout,AttackReaction,HistoryPack1|WelcomeToRathe,Boltyn|Dorinthea|Emperor|Fang|Hala|Kassai|Olympia,Blitz|ClassicConstructed|Draft|LivingLegend|Open|Sealed|UltimatePitFight,Reprise,False,False,True,False,False,P2,30,manual_or_keyword_gap
rubble_raiser,rubble_raiser_blue|rubble_raiser_red|rubble_raiser_yellow,Rubble Raiser,Action,MasteryPackGuardian,Betsy|Bolfar|Bravo|Brevant|Crix|Jarl|Kox|Lyath|Oldhim|Pleiades|Reya|Starvo|Terra|Valda|Victor|Yoji,Blitz|Clash|ClassicConstructed|LivingLegend|Open|SilverAge|UltimatePitFight,Heave,False,False,True,False,False,P2,30,manual_or_keyword_gap
runebleed_robe,runebleed_robe,Runebleed Robe,Equipment,CompendiumOfRathe|ViseraiSilverAgeDeck,Aurora|Aurora2|Briar|Chane|Florian|Taylor|Viserai|Vynnset,Blitz|Clash|ClassicConstructed|LivingLegend|Open|SilverAge|UltimatePitFight,ArcaneBarrier,False,False,True,False,False,P2,30,manual_or_keyword_gap
runerager_swarm,runerager_swarm_blue|runerager_swarm_red|runerager_swarm_yellow,Runerager Swarm,Action,ArmoryDeckLegendsViserai|AuroraBlitzDeck|FlorianBlitzDeck|Promos|Rosetta|ViseraiSilverAgeDeck,Aurora|Aurora2|Briar|Chane|Florian|Viserai|Vynnset,Blitz|Clash|ClassicConstructed|Draft|LivingLegend|Open|Sealed|SilverAge|UltimatePitFight,GoAgain,False,False,True,False,False,P2,30,manual_or_keyword_gap
ruudi_gem_keeper,ruudi_gem_keeper,"Ruu'di, Gem Keeper",Hero,Promos,Ruudi,Open,GoAgain,False,False,True,False,False,P2,30,manual_or_keyword_gap
sack_the_shifty,sack_the_shifty_blue|sack_the_shifty_red|sack_the_shifty_yellow,Sack the Shifty,Action,ArakniBlitzDeckARK|Dynasty,Arakni|Crackni|Nuu|Slippy|Uzuri,Blitz|Clash|ClassicConstructed|LivingLegend|Open|SilverAge|UltimatePitFight,Contract,False,False,True,False,False,P2,30,manual_or_keyword_gap
sacred_art_immortal_lunar_shrine,sacred_art_immortal_lunar_shrine_blue,Sacred Art: Immortal Lunar Shrine,Instant,PartTheMistveil|Promos,Enigma,Blitz|ClassicConstructed|Draft|LivingLegend|Open|Sealed|UltimatePitFight,Legendary|Transcend,False,False,True,False,False,P2,30,manual_or_keyword_gap
sacred_art_jade_tiger_domain,sacred_art_jade_tiger_domain_blue,Sacred Art: Jade Tiger Domain,Instant,PartTheMistveil|Promos,Zen,Blitz|ClassicConstructed|Draft|LivingLegend|Open|Sealed|UltimatePitFight,Legendary|Transcend,False,False,True,False,False,P2,30,manual_or_keyword_gap
sacred_art_undercurrent_desires,sacred_art_undercurrent_desires_blue,Sacred Art: Undercurrent Desires,Instant,PartTheMistveil|Promos,Nuu,Blitz|ClassicConstructed|Draft|LivingLegend|Open|Sealed|UltimatePitFight,Legendary|Transcend,False,False,True,False,False,P2,30,manual_or_keyword_gap
sand_cover,sand_cover_blue|sand_cover_red|sand_cover_yellow,Sand Cover,Instant,Promos|Uprising,Dromai,Blitz|Clash|ClassicConstructed|Draft|LivingLegend|Open|Sealed|SilverAge|UltimatePitFight,Ward,False,False,True,False,False,P2,30,manual_or_keyword_gap
sandscour_greatbow,sandscour_greatbow,Sandscour Greatbow,Weapon,Dynasty,Azalea|Lexi|Marlynn|Riptide,Blitz|Clash|ClassicConstructed|LivingLegend|Open|UltimatePitFight,GoAgain,False,False,True,False,False,P2,30,manual_or_keyword_gap
saving_grace,saving_grace_yellow,Saving Grace,DefenseReaction,ArmoryDeckBoltyn,Boltyn,Blitz|ClassicConstructed|LivingLegend|Open|UltimatePitFight,Charge,False,False,True,False,False,P2,30,manual_or_keyword_gap
sawbones_dock_hand,sawbones_dock_hand_yellow,"Sawbones, Dock Hand",Action,ArmoryDeckGravyBones|HighSeas,GravyBones,Blitz|ClassicConstructed|LivingLegend|Open|UltimatePitFight,WateryGrave,False,False,True,False,False,P2,30,manual_or_keyword_gap
schism_of_chaos,schism_of_chaos_blue,Schism of Chaos,Resource,TheHunted,Crackni|Slippy,Blitz|ClassicConstructed|LivingLegend|Open|UltimatePitFight,Legendary,False,False,True,False,False,P2,30,manual_or_keyword_gap
scramble_pulse,scramble_pulse_blue|scramble_pulse_red|scramble_pulse_yellow,Scramble Pulse,Action,Dynasty,Dash|DataDoll|Maxx|Puffin|Teklovossen,Blitz|Clash|ClassicConstructed|LivingLegend|Open|SilverAge|UltimatePitFight,Boost,False,False,True,False,False,P2,30,manual_or_keyword_gap
scrap_compactor,scrap_compactor_blue|scrap_compactor_red|scrap_compactor_yellow,Scrap Compactor,Action,BrightLights,Dash|DataDoll|Maxx|Puffin|Teklovossen,Blitz|Clash|ClassicConstructed|Draft|LivingLegend|Open|Sealed|SilverAge|UltimatePitFight,Scrap,False,False,True,False,False,P2,30,manual_or_keyword_gap
scrap_harvester,scrap_harvester_blue|scrap_harvester_red|scrap_harvester_yellow,Scrap Harvester,Action,BrightLights,Dash|DataDoll|Maxx|Puffin|Teklovossen,Blitz|Clash|ClassicConstructed|Draft|LivingLegend|Open|Sealed|SilverAge|UltimatePitFight,Scrap,False,False,True,False,False,P2,30,manual_or_keyword_gap
scrap_trader,scrap_trader_red,Scrap Trader,Action,BrightLights,Dash|DataDoll|Maxx|Puffin|Teklovossen,Blitz|ClassicConstructed|Draft|LivingLegend|Open|Sealed|UltimatePitFight,Scrap,False,False,True,False,False,P2,30,manual_or_keyword_gap
scurv_stowaway,scurv_stowaway,"Scurv, Stowaway",Hero,HighSeas,Scurv,Blitz|Clash|Draft|Open|Sealed|SilverAge|UltimatePitFight,GoAgain,False,False,True,False,False,P2,30,manual_or_keyword_gap
scuttle_toes,scuttle_toes,Scuttle Toes,Equipment,CompendiumOfRathe,Frankie|GravyBones|Taylor,Blitz|Clash|ClassicConstructed|LivingLegend|Open|SilverAge|UltimatePitFight,ArcaneBarrier,False,False,True,False,False,P2,30,manual_or_keyword_gap
searing_gaze,searing_gaze_red,Searing Gaze,AttackReaction,FangBlitzDeck|TheHunted,Emperor|Fang,Blitz|Clash|ClassicConstructed|Draft|LivingLegend|Open|Sealed|SilverAge|UltimatePitFight,Mark,False,False,True,False,False,P2,30,manual_or_keyword_gap
seasoned_saviour,seasoned_saviour,Seasoned Saviour,Equipment,Dynasty,Betsy|Bolfar|Bravo|Brevant|Crix|Jarl|Kox|Lyath|Oldhim|Pleiades|Reya|Starvo|Taylor|Terra|Valda|Victor|Yoji,Blitz|ClassicConstructed|LivingLegend|Open|UltimatePitFight,Battleworn,False,False,True,False,False,P2,30,manual_or_keyword_gap
second_tenet_of_chi_wind,second_tenet_of_chi_wind_blue,Second Tenet of Chi: Wind,Action,EnigmaSilverAgeDeck|PartTheMistveil|Promos,Enigma|Nuu|Zen,Blitz|Clash|ClassicConstructed|Draft|LivingLegend|Open|Sealed|SilverAge|UltimatePitFight,GoAgain,False,False,True,False,False,P2,30,manual_or_keyword_gap
serpents_kiss,serpents_kiss_blue,Serpent's Kiss,Action,CompendiumOfRathe,Nuu,Blitz|Clash|ClassicConstructed|LivingLegend|Open|SilverAge|UltimatePitFight,Stealth,False,False,True,False,False,P2,30,manual_or_keyword_gap
shaden_death_hydra,shaden_death_hydra_yellow,Shaden Death Hydra,Action,DuskTillDawn,Levia,Blitz|ClassicConstructed|LivingLegend|Open|UltimatePitFight,BloodDebt,False,False,True,False,False,P2,30,manual_or_keyword_gap
shadow_of_blasmophet,shadow_of_blasmophet_red,Shadow of Blasmophet,Action,Monarch,Levia,Blitz|ClassicConstructed|Draft|LivingLegend|Open|Sealed|UltimatePitFight,BloodDebt,False,False,True,False,False,P2,30,manual_or_keyword_gap
shadow_of_ursur,shadow_of_ursur_blue,Shadow of Ursur,Action,Monarch,Chane|Vynnset,Blitz|ClassicConstructed|Draft|LivingLegend|Open|Sealed|UltimatePitFight,BloodDebt|GoAgain,False,False,True,False,False,P2,30,manual_or_keyword_gap
shadowrealm_horror,shadowrealm_horror_red,Shadowrealm Horror,Action,PartTheMistveil,Levia,Blitz|ClassicConstructed|LivingLegend|Open|UltimatePitFight,BloodDebt|GoAgain,False,False,True,False,False,P2,30,manual_or_keyword_gap
shake_down,shake_down_red,Shake Down,Action,Outsiders,Shiyana|Uzuri,Blitz|Clash|ClassicConstructed|Draft|LivingLegend|Open|Sealed|UltimatePitFight,Specialization,False,False,True,False,False,P2,30,manual_or_keyword_gap
shattering_grasp,shattering_grasp,Shattering Grasp,Equipment,CompendiumOfRathe,Iyslander|Jarl|Lexi|Oldhim|Starvo|Taylor,Blitz|Clash|ClassicConstructed|LivingLegend|Open|SilverAge|UltimatePitFight,Battleworn|GoAgain,False,False,True,False,False,P2,30,manual_or_keyword_gap
shimmering_mirage,shimmering_mirage_blue,Shimmering Mirage,DefenseReaction,CompendiumOfRathe|GEM,Dromai|Enigma|Prism|Zyggy,Blitz|Clash|ClassicConstructed|LivingLegend|Open|SilverAge|UltimatePitFight,Mirage,False,False,True,False,False,P2,30,manual_or_keyword_gap
shock_frock,shock_frock,Shock Frock,Equipment,ArmoryDeckAurora,Aurora|Aurora2|Briar|Broscilio|Lexi|Oscilio|Starvo|Taylor|Zyggy,Blitz|ClassicConstructed|LivingLegend|Open|UltimatePitFight,Battleworn|GoAgain,False,False,True,False,False,P2,30,manual_or_keyword_gap
shriek_razors,shriek_razors,Shriek Razors,Equipment,BrightLights|Promos,Arakni|Crackni|Nuu|Slippy|Taylor|Uzuri,Blitz|ClassicConstructed|LivingLegend|Open|UltimatePitFight,Battleworn,False,False,True,False,False,P2,30,manual_or_keyword_gap
shroud_of_darkness,shroud_of_darkness,Shroud of Darkness,Equipment,DuskTillDawn,Chane|Levia|Taylor|Vynnset,Blitz|Clash|ClassicConstructed|LivingLegend|Open|SilverAge|UltimatePitFight,BloodDebt,False,False,True,False,False,P2,30,manual_or_keyword_gap
shroud_of_the_fate_watcher,shroud_of_the_fate_watcher,Shroud of the Fate Watcher,Equipment,CompendiumOfRathe,Blaze|Broscilio|Emperor|Iyslander|Kano|Oscilio|Taylor|Verdance,Blitz|Clash|ClassicConstructed|LivingLegend|Open|SilverAge|UltimatePitFight,BladeBreak,False,False,True,False,False,P2,30,manual_or_keyword_gap
sigil_of_permafrost,sigil_of_permafrost_blue|sigil_of_permafrost_red|sigil_of_permafrost_yellow,Sigil of Permafrost,DefenseReaction,Uprising,Iyslander|Oscilio|Verdance,Blitz|Clash|ClassicConstructed|Draft|LivingLegend|Open|Sealed|SilverAge|UltimatePitFight,Fusion,False,False,True,False,False,P2,30,manual_or_keyword_gap
sigil_of_protection,sigil_of_protection_blue|sigil_of_protection_red|sigil_of_protection_yellow,Sigil of Protection,Action,Uprising,Arakni|Aurora|Aurora2|Azalea|Benji|Betsy|Blaze|Bolfar|Boltyn|Bravo|Brevant|Briar|Broscilio|Brutus|Chane|Cindra|Crackni|Crix|Dash|DataDoll|Dorinthea|Dromai|Emperor|Enigma|Fai|Fang|Florian|Frankie|Genis|GravyBones|Hala|Ira|Iyslander|Jarl|Kano|Kassai|Katsu|Kavdaen|Kayo|Kox|Levia|Lexi|Librarian|Lyath|Marlynn|Maxx|Melody|Nuu|Oldhim|Olympia|Oscilio|Pleiades|Prism|Puffin|RKO|Reya|Rhinar|Riptide|Ruudi|Scurv|Shiyana|Slippy|Squizzy|Starvo|Taipanis|Taylor|Teklovossen|Terra|Theryon|Tuffnut|Uzuri|Valda|Verdance|Victor|Viserai|Vynnset|Yoji|Yorick|Zen|Zyggy,Blitz|Clash|ClassicConstructed|Draft|LivingLegend|Open|Sealed|SilverAge|UltimatePitFight,Ward,False,False,True,False,False,P2,30,manual_or_keyword_gap
sigil_of_solitude,sigil_of_solitude_blue|sigil_of_solitude_red|sigil_of_solitude_yellow,Sigil of Solitude,Action,PartTheMistveil,Dromai|Enigma|Prism|Zyggy,Blitz|Clash|ClassicConstructed|Draft|LivingLegend|Open|Sealed|SilverAge|UltimatePitFight,Ward,False,False,True,False,False,P2,30,manual_or_keyword_gap
silent_stilettos,silent_stilettos,Silent Stilettos,Equipment,EnigmaSilverAgeDeck|Uprising,Dromai|Enigma|Prism|Taylor|Zyggy,Blitz|Clash|ClassicConstructed|Draft|LivingLegend|Open|Sealed|SilverAge|UltimatePitFight,ArcaneBarrier,False,False,True,False,False,P2,30,manual_or_keyword_gap
silken_form,silken_form,Silken Form,Equipment,DromaiBlitzDeck|Promos|Uprising,Dromai|Taylor,Blitz|Clash|ClassicConstructed|Draft|LivingLegend|Open|Sealed|SilverAge|UltimatePitFight,Quell|Transform,False,False,True,False,False,P2,30,manual_or_keyword_gap
silken_shawl,silken_shawl,Silken Shawl,Equipment,CompendiumOfRathe,Dromai|Enigma|Prism|Taylor|Zyggy,Blitz|Clash|ClassicConstructed|LivingLegend|Open|SilverAge|UltimatePitFight,Ward,False,False,True,False,False,P2,30,manual_or_keyword_gap
silken_shroud,silken_shroud,Silken Shroud,Equipment,CompendiumOfRathe,Dromai|Enigma|Prism|Taylor|Zyggy,Blitz|Clash|ClassicConstructed|LivingLegend|Open|SilverAge|UltimatePitFight,Ward,False,False,True,False,False,P2,30,manual_or_keyword_gap
silken_slippers,silken_slippers,Silken Slippers,Equipment,CompendiumOfRathe,Dromai|Enigma|Prism|Taylor|Zyggy,Blitz|Clash|ClassicConstructed|LivingLegend|Open|SilverAge|UltimatePitFight,Ward,False,False,True,False,False,P2,30,manual_or_keyword_gap
silken_symphony,silken_symphony,Silken Symphony,Equipment,CompendiumOfRathe,Dromai|Enigma|Prism|Taylor|Zyggy,Blitz|Clash|ClassicConstructed|LivingLegend|Open|SilverAge|UltimatePitFight,Ward,False,False,True,False,False,P2,30,manual_or_keyword_gap
silver_palms,silver_palms,Silver Palms,Equipment,Everfest|Promos,Genis|Kavdaen|Ruudi|Squizzy|Taylor,Blitz|ClassicConstructed|LivingLegend|Open|UltimatePitFight,BladeBreak,False,False,True,False,False,P2,30,manual_or_keyword_gap
silverstride_dodgers,silverstride_dodgers,Silverstride Dodgers,Equipment,ArmoryDeckOriginsHala,Boltyn|Dorinthea|Emperor|Fang|Hala|Kassai|Olympia|Taylor,Blitz|ClassicConstructed|LivingLegend|Open|UltimatePitFight,Temper,False,False,True,False,False,P2,30,manual_or_keyword_gap
singing_steelblade,singing_steelblade_yellow,Singing Steelblade,AttackReaction,HistoryPack1|WelcomeToRathe,Dorinthea|Shiyana,Blitz|Clash|ClassicConstructed|Draft|LivingLegend|Open|Sealed|UltimatePitFight,Reprise|Specialization,False,False,True,False,False,P2,30,manual_or_keyword_gap
singularity,singularity_red,Singularity,Action,BrightLights,Shiyana|Teklovossen,Blitz|Clash|ClassicConstructed|LivingLegend|Open|UltimatePitFight,Legendary|Specialization|Transform,False,False,True,False,False,P2,30,manual_or_keyword_gap
skera_strapping,skera_strapping,Skera Strapping,Equipment,CompendiumOfRathe,Kayo|Levia|RKO|Rhinar|Taylor|Tuffnut,Blitz|Clash|ClassicConstructed|LivingLegend|Open|SilverAge|UltimatePitFight,Spellvoid,False,False,True,False,False,P2,30,manual_or_keyword_gap
skull_crushers,skull_crushers,Skull Crushers,Equipment,Everfest,Kayo|Levia|RKO|Rhinar|Taylor|Tuffnut,Blitz|ClassicConstructed|LivingLegend|Open|UltimatePitFight,Battleworn,False,False,True,False,False,P2,30,manual_or_keyword_gap
skybody_keikoi,skybody_keikoi,Skybody Keikoi,Equipment,PartTheMistveil|Promos,Enigma|Nuu|Taylor|Zen,Blitz|Clash|ClassicConstructed|Draft|LivingLegend|Open|Sealed|SilverAge|UltimatePitFight,Cloaked,False,False,True,False,False,P2,30,manual_or_keyword_gap
skycrest_keikoi,skycrest_keikoi,Skycrest Keikoi,Equipment,PartTheMistveil|Promos,Enigma|Nuu|Taylor|Zen,Blitz|Clash|ClassicConstructed|Draft|LivingLegend|Open|Sealed|SilverAge|UltimatePitFight,Cloaked,False,False,True,False,False,P2,30,manual_or_keyword_gap
skyhold_keikoi,skyhold_keikoi,Skyhold Keikoi,Equipment,PartTheMistveil|Promos,Enigma|Nuu|Taylor|Zen,Blitz|Clash|ClassicConstructed|Draft|LivingLegend|Open|Sealed|SilverAge|UltimatePitFight,Cloaked,False,False,True,False,False,P2,30,manual_or_keyword_gap
skywalker_keikoi,skywalker_keikoi,Skywalker Keikoi,Equipment,EnigmaBlitzDeck|PartTheMistveil|Promos,Enigma|Nuu|Taylor|Zen,Blitz|Clash|ClassicConstructed|Draft|LivingLegend|Open|Sealed|SilverAge|UltimatePitFight,Cloaked,False,False,True,False,False,P2,30,manual_or_keyword_gap
slay_the_scholars,slay_the_scholars_blue|slay_the_scholars_red|slay_the_scholars_yellow,Slay the Scholars,Action,ArakniBlitzDeckARK|Dynasty,Arakni|Crackni|Nuu|Slippy|Uzuri,Blitz|Clash|ClassicConstructed|LivingLegend|Open|SilverAge|UltimatePitFight,Contract,False,False,True,False,False,P2,30,manual_or_keyword_gap
slithering_shadowpede,slithering_shadowpede_red,Slithering Shadowpede,Action,DuskTillDawn,Levia,Blitz|ClassicConstructed|LivingLegend|Open|UltimatePitFight,BloodDebt,False,False,True,False,False,P2,30,manual_or_keyword_gap
smack_of_reality,smack_of_reality_red,Smack of Reality,Action,BetsyBlitzDeck|HeavyHitters|RoundTheTable,Betsy|Bolfar|Bravo|Brevant|Crix|Jarl|Kox|Lyath|Oldhim|Pleiades|Reya|Starvo|Terra|Valda|Victor|Yoji,Blitz|Clash|ClassicConstructed|Draft|LivingLegend|Open|Sealed|SilverAge|UltimatePitFight,Tower,False,False,True,False,False,P2,30,manual_or_keyword_gap
small_problem,small_problem_yellow,Small Problem,Action,SuperSlam,Betsy|Bolfar|Bravo|Brevant|Crix|Jarl|Kox|Lyath|Oldhim|Pleiades|Reya|Starvo|Terra|Valda|Victor|Yoji,Blitz|Clash|ClassicConstructed|Draft|LivingLegend|Open|Sealed|SilverAge|UltimatePitFight,Crush,False,False,True,False,False,P2,30,manual_or_keyword_gap
smelting_of_the_old_ones,smelting_of_the_old_ones_red,Smelting of the Old Ones,Action,MasteryPackGuardian,Betsy|Bolfar|Bravo|Brevant|Crix|Jarl|Kox|Lyath|Oldhim|Pleiades|Reya|Starvo|Terra|Valda|Victor|Yoji,Blitz|Clash|ClassicConstructed|LivingLegend|Open|SilverAge|UltimatePitFight,Crush|Heave,False,False,True,False,False,P2,30,manual_or_keyword_gap
smoke_out,smoke_out_red,Smoke Out,DefenseReaction,FangBlitzDeck|GEM|TheHunted,Cindra|Dromai|Emperor|Fai|Fang|Taipanis,Blitz|Clash|ClassicConstructed|Draft|LivingLegend|Open|Sealed|SilverAge|UltimatePitFight,Mark,False,False,True,False,False,P2,30,manual_or_keyword_gap
smoldering_scales,smoldering_scales,Smoldering Scales,Equipment,CompendiumOfRathe,Cindra|Dromai|Emperor|Fai|Fang|Taipanis|Taylor,Blitz|Clash|ClassicConstructed|LivingLegend|Open|SilverAge|UltimatePitFight,Guardwell,False,False,True,False,False,P2,30,manual_or_keyword_gap
snap_shot,snap_shot_blue|snap_shot_red|snap_shot_yellow,Snap Shot,Action,LexiBlitzDeck|TalesOfAria,Lexi,Blitz|Clash|ClassicConstructed|Draft|LivingLegend|Open|Sealed|SilverAge|UltimatePitFight,Fusion,False,False,True,False,False,P2,30,manual_or_keyword_gap
solray_plating,solray_plating,Solray Plating,Equipment,CompendiumOfRathe,Boltyn|Librarian|Prism|Taylor|Theryon,Blitz|Clash|ClassicConstructed|LivingLegend|Open|SilverAge|UltimatePitFight,BladeBreak,False,False,True,False,False,P2,30,manual_or_keyword_gap
sonata_fantasmia,sonata_fantasmia_blue,Sonata Fantasmia,Action,BrightLights,Shiyana|Viserai,Blitz|Clash|ClassicConstructed|LivingLegend|Open|UltimatePitFight,Specialization,False,False,True,False,False,P2,30,manual_or_keyword_gap
sonata_galaxia,sonata_galaxia_red,Sonata Galaxia,Action,HeavyHitters,Aurora|Aurora2|Briar|Chane|Florian|Viserai|Vynnset,Blitz|ClassicConstructed|LivingLegend|Open|UltimatePitFight,GoAgain,False,False,True,False,False,P2,30,manual_or_keyword_gap
soul_butcher,soul_butcher_blue|soul_butcher_red|soul_butcher_yellow,Soul Butcher,Action,DuskTillDawn,Chane|Levia|Vynnset,Blitz|Clash|ClassicConstructed|LivingLegend|Open|SilverAge|UltimatePitFight,BloodDebt,False,False,True,False,False,P2,30,manual_or_keyword_gap
soul_cleaver,soul_cleaver_blue|soul_cleaver_red|soul_cleaver_yellow,Soul Cleaver,Action,DuskTillDawn,Chane|Levia|Vynnset,Blitz|Clash|ClassicConstructed|LivingLegend|Open|SilverAge|UltimatePitFight,BloodDebt|GoAgain,False,False,True,False,False,P2,30,manual_or_keyword_gap
soul_harvest,soul_harvest_blue,Soul Harvest,Action,LeviaBlitzDeck|Monarch,Levia|Shiyana,Blitz|Clash|ClassicConstructed|Draft|LivingLegend|Open|Sealed|SilverAge|UltimatePitFight,Legendary|Specialization,False,False,True,False,False,P2,30,manual_or_keyword_gap
soul_reaping,soul_reaping_red,Soul Reaping,Action,ChaneBlitzDeck|Monarch,Chane|Shiyana,Blitz|Clash|ClassicConstructed|Draft|LivingLegend|Open|Sealed|SilverAge|UltimatePitFight,GoAgain|Legendary|Specialization,False,False,True,False,False,P2,30,manual_or_keyword_gap
soulbond_resolve,soulbond_resolve,Soulbond Resolve,Equipment,DuskTillDawn|Promos,Boltyn|Taylor,Blitz|ClassicConstructed|LivingLegend|Open|UltimatePitFight,Charge|Temper,False,False,True,False,False,P2,30,manual_or_keyword_gap
spark_of_genius,spark_of_genius_yellow,Spark of Genius,Action,ArcaneRising|HistoryPack1,Dash|Shiyana,Blitz|Clash|ClassicConstructed|Draft|LivingLegend|Open|Sealed|UltimatePitFight,Specialization,False,False,True,False,False,P2,30,manual_or_keyword_gap
spectral_procession,spectral_procession_red,Spectral Procession,Action,Dynasty,Dromai|Enigma|Prism|Zyggy,Blitz|ClassicConstructed|LivingLegend|Open|UltimatePitFight,Phantasm,False,False,True,False,False,P2,30,manual_or_keyword_gap
spectral_prowler,spectral_prowler_blue|spectral_prowler_red|spectral_prowler_yellow,Spectral Prowler,Action,Dynasty,Dromai|Enigma|Prism|Zyggy,Blitz|Clash|ClassicConstructed|LivingLegend|Open|SilverAge|UltimatePitFight,GoAgain|Phantasm,False,False,True,False,False,P2,30,manual_or_keyword_gap
spectral_rider,spectral_rider_blue|spectral_rider_red|spectral_rider_yellow,Spectral Rider,Action,Dynasty,Dromai|Enigma|Prism|Zyggy,Blitz|Clash|ClassicConstructed|LivingLegend|Open|SilverAge|UltimatePitFight,Overpower|Phantasm,False,False,True,False,False,P2,30,manual_or_keyword_gap
speed_demon,speed_demon_red,Speed Demon,Action,CompendiumOfRathe,Dash|DataDoll|Maxx|Puffin|Teklovossen,Blitz|Clash|ClassicConstructed|LivingLegend|Open|SilverAge|UltimatePitFight,Scrap,False,False,True,False,False,P2,30,manual_or_keyword_gap
spellfire_cloak,spellfire_cloak,Spellfire Cloak,Equipment,IyslanderSilverAgeDeck|Uprising,Blaze|Broscilio|Emperor|Iyslander|Kano|Oscilio|Taylor|Verdance,Blitz|Clash|ClassicConstructed|Draft|LivingLegend|Open|Sealed|SilverAge|UltimatePitFight,ArcaneBarrier,False,False,True,False,False,P2,30,manual_or_keyword_gap
spike_pit_trap,spike_pit_trap_blue,Spike Pit Trap,DefenseReaction,Outsiders,Riptide|Shiyana,Blitz|Clash|ClassicConstructed|Draft|LivingLegend|Open|Sealed|UltimatePitFight,Legendary|Specialization,False,False,True,False,False,P2,30,manual_or_keyword_gap
spirit_of_eirina,spirit_of_eirina_yellow,Spirit of Eirina,Action,Dynasty,Boltyn,Blitz|ClassicConstructed|LivingLegend|Open|UltimatePitFight,Legendary,False,False,True,False,False,P2,30,manual_or_keyword_gap
spoiled_skull,spoiled_skull,Spoiled Skull,Equipment,DuskTillDawn,Levia|Taylor,Blitz|ClassicConstructed|LivingLegend|Open|UltimatePitFight,ArcaneBarrier|BloodDebt|GoAgain,False,False,True,False,False,P2,30,manual_or_keyword_gap
spring_a_leak,spring_a_leak_blue|spring_a_leak_red|spring_a_leak_yellow,Spring a Leak,Action,BrightLights,Dash|DataDoll|Maxx|Puffin|Teklovossen,Blitz|Clash|ClassicConstructed|Draft|LivingLegend|Open|Sealed|SilverAge|UltimatePitFight,Boost,False,False,True,False,False,P2,30,manual_or_keyword_gap
stabbing_pain,stabbing_pain_red,Stabbing Pain,AttackReaction,FangBlitzDeck|TheHunted,Emperor|Fang,Blitz|Clash|ClassicConstructed|Draft|LivingLegend|Open|Sealed|SilverAge|UltimatePitFight,Mark,False,False,True,False,False,P2,30,manual_or_keyword_gap
stadium_centerpiece,stadium_centerpiece,Stadium Centerpiece,Equipment,HeavyHitters,Arakni|Aurora|Aurora2|Azalea|Benji|Betsy|Blaze|Bolfar|Boltyn|Bravo|Brevant|Briar|Broscilio|Brutus|Chane|Cindra|Crackni|Crix|Dash|DataDoll|Dorinthea|Dromai|Emperor|Enigma|Fai|Fang|Florian|Frankie|Genis|GravyBones|Hala|Ira|Iyslander|Jarl|Kano|Kassai|Katsu|Kavdaen|Kayo|Kox|Levia|Lexi|Librarian|Lyath|Marlynn|Maxx|Melody|Nuu|Oldhim|Olympia|Oscilio|Pleiades|Prism|Puffin|RKO|Reya|Rhinar|Riptide|Ruudi|Scurv|Shiyana|Slippy|Squizzy|Starvo|Taipanis|Taylor|Teklovossen|Terra|Theryon|Tuffnut|Uzuri|Valda|Verdance|Victor|Viserai|Vynnset|Yoji|Yorick|Zen|Zyggy,Blitz|Clash|ClassicConstructed|Draft|LivingLegend|Open|Sealed|SilverAge|UltimatePitFight,BladeBreak,False,False,True,False,False,P2,30,manual_or_keyword_gap
stadium_security,stadium_security_blue|stadium_security_red|stadium_security_yellow,Stadium Security,Action,CompendiumOfRathe,Pleiades|Tuffnut,Blitz|Clash|ClassicConstructed|LivingLegend|Open|SilverAge|UltimatePitFight,Ambush,False,False,True,False,False,P2,30,manual_or_keyword_gap
stalagmite_bastion_of_isenloft,stalagmite_bastion_of_isenloft,"Stalagmite, Bastion of Isenloft",Equipment,Everfest|Promos,Jarl|Oldhim|Starvo|Taylor,Blitz|ClassicConstructed|LivingLegend|Open|UltimatePitFight,Temper,False,False,True,False,False,P2,30,manual_or_keyword_gap
stand_strong,stand_strong,Stand Strong,Equipment,SuperSlam,Betsy|Bolfar|Bravo|Brevant|Crix|Jarl|Kox|Lyath|Oldhim|Pleiades|Reya|Starvo|Taylor|Terra|Valda|Victor|Yoji,Blitz|Clash|ClassicConstructed|Draft|LivingLegend|Open|Sealed|SilverAge|UltimatePitFight,BladeBreak|GoAgain,False,False,True,False,False,P2,30,manual_or_keyword_gap
star_struck,star_struck_yellow,Star Struck,Action,DuskTillDawn,Bravo|Shiyana|Starvo,Blitz|Clash|ClassicConstructed|LivingLegend|Open|UltimatePitFight,Crush|Specialization|Unity,False,False,True,False,False,P2,30,manual_or_keyword_gap
starting_point,starting_point,Starting Point,Equipment,ArakniBlitzDeckARK|ArakniWebOfDeceitBlitzDeck|TheHunted,Arakni|Boltyn|Crackni|Dorinthea|Emperor|Fang|Hala|Kassai|Nuu|Olympia|Slippy|Taylor|Uzuri,Blitz|Clash|ClassicConstructed|Draft|LivingLegend|Open|Sealed|SilverAge|UltimatePitFight,GoAgain,False,False,True,False,False,P2,30,manual_or_keyword_gap
stasis_cell,stasis_cell_blue,Stasis Cell,Action,BrightLights,Dash|DataDoll|Maxx|Puffin|Teklovossen,Blitz|ClassicConstructed|Draft|LivingLegend|Open|Sealed|UltimatePitFight,GoAgain,False,False,True,False,False,P2,30,manual_or_keyword_gap
steal_victory,steal_victory_blue,Steal Victory,Block,GEM|SuperSlam,RKO,Blitz|ClassicConstructed|Draft|LivingLegend|Open|Sealed|UltimatePitFight,Steal,False,False,True,False,False,P2,30,manual_or_keyword_gap
steel_street_enforcement,steel_street_enforcement_blue,Steel Street Enforcement,Block,BrightLights,Dash|DataDoll|Maxx|Puffin|Teklovossen,Blitz|ClassicConstructed|Draft|LivingLegend|Open|Sealed|UltimatePitFight,EvoUpgrade,False,False,True,False,False,P2,30,manual_or_keyword_gap
steel_street_hoons,steel_street_hoons_blue,Steel Street Hoons,Action,BrightLights,Dash|DataDoll|Maxx|Puffin|Teklovossen,Blitz|ClassicConstructed|Draft|LivingLegend|Open|Sealed|UltimatePitFight,Boost|Galvanize,False,False,True,False,False,P2,30,manual_or_keyword_gap
sticky_fingers,sticky_fingers,Sticky Fingers,Companion,HighSeas,Scurv,Blitz|Clash|ClassicConstructed|Draft|LivingLegend|Open|Sealed|SilverAge|UltimatePitFight,Steal,False,False,True,False,False,P2,30,manual_or_keyword_gap
stir_the_pot,stir_the_pot_blue,Stir the Pot,Instant,PartTheMistveil|Promos|ZenBlitzDeck,Enigma|Nuu|Zen,Blitz|Clash|ClassicConstructed|Draft|LivingLegend|Open|Sealed|SilverAge|UltimatePitFight,Legendary|Transcend,False,False,True,False,False,P2,30,manual_or_keyword_gap
stir_the_wildwood,stir_the_wildwood_blue|stir_the_wildwood_red|stir_the_wildwood_yellow,Stir the Wildwood,Action,BriarBlitzDeck|Promos|TalesOfAria,Aurora|Briar|Florian,Blitz|Clash|ClassicConstructed|Draft|LivingLegend|Open|Sealed|SilverAge|UltimatePitFight,Fusion,False,False,True,False,False,P2,30,manual_or_keyword_gap
stone_rain,stone_rain_red,Stone Rain,Action,ArmoryDeckAzalea,Azalea|Lexi|Marlynn|Riptide,Blitz|ClassicConstructed|LivingLegend|Open|UltimatePitFight,Dominate,False,False,True,False,False,P2,30,manual_or_keyword_gap
stonewall_gauntlet,stonewall_gauntlet,Stonewall Gauntlet,Equipment,CompendiumOfRathe|PartTheMistveil|Promos,Arakni|Aurora|Aurora2|Azalea|Benji|Betsy|Blaze|Bolfar|Boltyn|Bravo|Brevant|Briar|Broscilio|Brutus|Chane|Cindra|Crackni|Crix|Dash|DataDoll|Dorinthea|Dromai|Emperor|Enigma|Fai|Fang|Florian|Frankie|Genis|GravyBones|Hala|Ira|Iyslander|Jarl|Kano|Kassai|Katsu|Kavdaen|Kayo|Kox|Levia|Lexi|Librarian|Lyath|Marlynn|Maxx|Melody|Nuu|Oldhim|Olympia|Oscilio|Pleiades|Prism|Puffin|RKO|Reya|Rhinar|Riptide|Ruudi|Scurv|Shiyana|Slippy|Squizzy|Starvo|Taipanis|Taylor|Teklovossen|Terra|Theryon|Tuffnut|Uzuri|Valda|Verdance|Victor|Viserai|Vynnset|Yoji|Yorick|Zen|Zyggy,Blitz|ClassicConstructed|LivingLegend|Open|UltimatePitFight,BladeBreak,False,False,True,False,False,P2,30,manual_or_keyword_gap
stride_of_reprisal,stride_of_reprisal,Stride of Reprisal,Equipment,PartTheMistveil|Promos|ZenBlitzDeck,Taylor|Zen,Blitz|Clash|ClassicConstructed|Draft|LivingLegend|Open|Sealed|SilverAge|UltimatePitFight,BladeBreak,False,False,True,False,False,P2,30,manual_or_keyword_gap
strong_stomach_for_adversity,strong_stomach_for_adversity,Strong Stomach for Adversity,Equipment,SuperSlam,Lyath|Taylor,Blitz|Clash|ClassicConstructed|Draft|LivingLegend|Open|Sealed|SilverAge|UltimatePitFight,BladeBreak,False,False,True,False,False,P2,30,manual_or_keyword_gap
stubby_hammerers,stubby_hammerers,Stubby Hammerers,Equipment,Monarch,Arakni|Aurora|Aurora2|Azalea|Benji|Betsy|Blaze|Bolfar|Boltyn|Bravo|Brevant|Briar|Broscilio|Brutus|Chane|Cindra|Crackni|Crix|Dash|DataDoll|Dorinthea|Dromai|Emperor|Enigma|Fai|Fang|Florian|Frankie|Genis|GravyBones|Hala|Ira|Iyslander|Jarl|Kano|Kassai|Katsu|Kavdaen|Kayo|Kox|Levia|Lexi|Librarian|Lyath|Marlynn|Maxx|Melody|Nuu|Oldhim|Olympia|Oscilio|Pleiades|Prism|Puffin|RKO|Reya|Rhinar|Riptide|Ruudi|Scurv|Shiyana|Slippy|Squizzy|Starvo|Taipanis|Taylor|Teklovossen|Terra|Theryon|Tuffnut|Uzuri|Valda|Verdance|Victor|Viserai|Vynnset|Yoji|Yorick|Zen|Zyggy,Blitz|Draft|LivingLegend|Open|Sealed|UltimatePitFight,GoAgain,False,False,True,False,False,P2,30,manual_or_keyword_gap
succumb_to_winter,succumb_to_winter_blue|succumb_to_winter_red|succumb_to_winter_yellow,Succumb to Winter,Action,Uprising,Iyslander|Oscilio|Verdance,Blitz|Clash|ClassicConstructed|Draft|LivingLegend|Open|Sealed|SilverAge|UltimatePitFight,Fusion,False,False,True,False,False,P2,30,manual_or_keyword_gap
summers_fall,summers_fall_blue|summers_fall_red|summers_fall_yellow,Summer's Fall,Action,Rosetta,Briar|Florian|Jarl|Oldhim|Starvo|Terra|Verdance,Blitz|Clash|ClassicConstructed|Draft|LivingLegend|Open|Sealed|SilverAge|UltimatePitFight,Decompose,False,False,True,False,False,P2,30,manual_or_keyword_gap
superstar,superstar_blue,Superstar,Instant,ArmoryDeckPleiades|Promos,Pleiades,Blitz|Clash|ClassicConstructed|LivingLegend|Open|SilverAge|UltimatePitFight,Suspense|TheCrowdCheers,False,False,True,False,False,P2,30,manual_or_keyword_gap
suraya_archangel_of_knowledge,suraya_archangel_of_knowledge,"Suraya, Archangel of Knowledge",,Dynasty,Prism,Blitz|ClassicConstructed|LivingLegend|Open|UltimatePitFight,Ward,False,False,True,False,False,P2,30,manual_or_keyword_gap
surgical_extraction,surgical_extraction_blue,Surgical Extraction,Action,Dynasty,Arakni|Crackni|Nuu|Slippy|Uzuri,Blitz|ClassicConstructed|LivingLegend|Open|UltimatePitFight,Contract,False,False,True,False,False,P2,30,manual_or_keyword_gap
sutcliffes_suede_hides,sutcliffes_suede_hides,Sutcliffe's Suede Hides,Equipment,ArmoryDeckLegendsViserai|BriarBlitzDeck|TalesOfAria,Aurora|Aurora2|Briar|Chane|Florian|Taylor|Viserai|Vynnset,Blitz|Clash|ClassicConstructed|Draft|LivingLegend|Open|Sealed|SilverAge|UltimatePitFight,GoAgain,False,False,True,False,False,P2,30,manual_or_keyword_gap
swabbie,swabbie_yellow,Swabbie,Action,HighSeas|Promos,GravyBones,Blitz|Clash|ClassicConstructed|Draft|LivingLegend|Open|Sealed|SilverAge|UltimatePitFight,WateryGrave,False,False,True,False,False,P2,30,manual_or_keyword_gap
swarming_gloomveil,swarming_gloomveil_red,Swarming Gloomveil,Action,Everfest,Aurora|Aurora2|Briar|Chane|Florian|Viserai|Vynnset,Blitz|ClassicConstructed|LivingLegend|Open|UltimatePitFight,GoAgain,False,False,True,False,False,P2,30,manual_or_keyword_gap
swift_shot,swift_shot_red,Swift Shot,Action,AzaleaSilverAgeDeck|GEM|HighSeas,Azalea|Lexi|Marlynn|Riptide,Blitz|Clash|ClassicConstructed|Draft|LivingLegend|Open|Sealed|SilverAge|UltimatePitFight,GoAgain,False,False,True,False,False,P2,30,manual_or_keyword_gap
swiftstrike_bracers,swiftstrike_bracers,Swiftstrike Bracers,Equipment,HighSeas,Arakni|Aurora|Aurora2|Azalea|Benji|Betsy|Blaze|Bolfar|Boltyn|Bravo|Brevant|Briar|Broscilio|Brutus|Chane|Cindra|Crackni|Crix|Dash|DataDoll|Dorinthea|Dromai|Emperor|Enigma|Fai|Fang|Florian|Frankie|Genis|GravyBones|Hala|Ira|Iyslander|Jarl|Kano|Kassai|Katsu|Kavdaen|Kayo|Kox|Levia|Lexi|Librarian|Lyath|Marlynn|Maxx|Melody|Nuu|Oldhim|Olympia|Oscilio|Pleiades|Prism|Puffin|RKO|Reya|Rhinar|Riptide|Ruudi|Scurv|Shiyana|Slippy|Squizzy|Starvo|Taipanis|Taylor|Teklovossen|Terra|Theryon|Tuffnut|Uzuri|Valda|Verdance|Victor|Viserai|Vynnset|Yoji|Yorick|Zen|Zyggy,Blitz|Clash|ClassicConstructed|Draft|LivingLegend|Open|Sealed|SilverAge|UltimatePitFight,GoAgain,False,False,True,False,False,P2,30,manual_or_keyword_gap
t_bone,t_bone_blue|t_bone_red|t_bone_yellow,T-Bone,Action,ArmoryDeckMaxx|Everfest,Dash|DataDoll|Maxx|Puffin|Teklovossen,Blitz|Clash|ClassicConstructed|LivingLegend|Open|SilverAge|UltimatePitFight,Boost,False,False,True,False,False,P2,30,manual_or_keyword_gap
take_cover,take_cover_blue|take_cover_red|take_cover_yellow,Take Cover,DefenseReaction,ArcaneRising|HistoryPack1,Azalea|Lexi|Marlynn|Riptide,Blitz|Clash|ClassicConstructed|Draft|LivingLegend|Open|Sealed|SilverAge|UltimatePitFight,Reload,False,False,True,False,False,P2,30,manual_or_keyword_gap
take_flight,take_flight_blue|take_flight_red|take_flight_yellow,Take Flight,Action,ArmoryDeckBoltyn|BoltynBlitzDeck|Monarch,Boltyn,Blitz|Clash|ClassicConstructed|Draft|LivingLegend|Open|Sealed|SilverAge|UltimatePitFight,Charge,False,False,True,False,False,P2,30,manual_or_keyword_gap
tales_of_adventure,tales_of_adventure_blue,Tales of Adventure,Action,Promos,Shiyana|Yorick,Open|UltimatePitFight,Specialization,False,False,True,False,False,P2,30,manual_or_keyword_gap
tearing_shuko,tearing_shuko,Tearing Shuko,Equipment,Dynasty|FaiSilverAgeDeck|RoundTheTable,Benji|Cindra|Fai|Ira|Katsu|Taylor|Zen,Blitz|Clash|ClassicConstructed|LivingLegend|Open|SilverAge|UltimatePitFight,Battleworn,False,False,True,False,False,P2,30,manual_or_keyword_gap
teklo_plasma_pistol,teklo_plasma_pistol,Teklo Plasma Pistol,Weapon,ArcaneRising|CrucibleOfWar|HistoryPack1|Promos,Dash|DataDoll|Maxx|Puffin|Teklovossen,Blitz|Clash|Draft|LivingLegend|Open|Sealed|SilverAge|UltimatePitFight,GoAgain,False,False,True,False,False,P2,30,manual_or_keyword_gap
teklovossens_workshop,teklovossens_workshop_blue|teklovossens_workshop_red|teklovossens_workshop_yellow,Teklovossen's Workshop,Action,CrucibleOfWar,Dash|DataDoll|Maxx|Puffin|Teklovossen,Blitz|Clash|ClassicConstructed|LivingLegend|Open|SilverAge|UltimatePitFight,Opt,False,False,True,False,False,P2,30,manual_or_keyword_gap
tempest_dancers,tempest_dancers,Tempest Dancers,Equipment,CompendiumOfRathe,Blaze|Broscilio|Emperor|Iyslander|Kano|Oscilio|Taylor|Verdance,Blitz|ClassicConstructed|LivingLegend|Open|UltimatePitFight,BladeBreak,False,False,True,False,False,P2,30,manual_or_keyword_gap
templar_spellbane,templar_spellbane,Templar Spellbane,Equipment,CompendiumOfRathe,Boltyn|Dorinthea|Emperor|Fang|Hala|Kassai|Olympia|Taylor,Blitz|ClassicConstructed|LivingLegend|Open|UltimatePitFight,Battleworn,False,False,True,False,False,P2,30,manual_or_keyword_gap
temporal_wobble,temporal_wobble_red,Temporal Wobble,Instant,CompendiumOfRathe,Blaze|Broscilio|Emperor|Iyslander|Kano|Oscilio|Verdance,Blitz|ClassicConstructed|LivingLegend|Open|UltimatePitFight,Negate,False,False,True,False,False,P2,30,manual_or_keyword_gap
test_of_agility,test_of_agility_red,Test of Agility,Block,HeavyHitters|Promos,Boltyn|Brutus|Dorinthea|Emperor|Fang|Hala|Kassai|Kayo|Levia|Olympia|RKO|Rhinar|Tuffnut,Blitz|Clash|ClassicConstructed|Draft|LivingLegend|Open|Sealed|SilverAge|UltimatePitFight,Clash,False,False,True,False,False,P2,30,manual_or_keyword_gap
test_of_might,test_of_might_red,Test of Might,Block,HeavyHitters|KayoSilverAgeDeck|Promos|VictorBlitzDeck,Betsy|Bolfar|Bravo|Brevant|Brutus|Crix|Jarl|Kayo|Kox|Levia|Lyath|Oldhim|Pleiades|RKO|Reya|Rhinar|Starvo|Terra|Tuffnut|Valda|Victor|Yoji,Blitz|Clash|ClassicConstructed|Draft|LivingLegend|Open|Sealed|SilverAge|UltimatePitFight,Clash,False,False,True,False,False,P2,30,manual_or_keyword_gap
test_of_strength,test_of_strength_red,Test of Strength,Block,EnigmaSilverAgeDeck|HeavyHitters|Promos|VictorBlitzDeck,Arakni|Aurora|Aurora2|Azalea|Benji|Betsy|Blaze|Bolfar|Boltyn|Bravo|Brevant|Briar|Broscilio|Brutus|Chane|Cindra|Crackni|Crix|Dash|DataDoll|Dorinthea|Dromai|Emperor|Enigma|Fai|Fang|Florian|Frankie|Genis|GravyBones|Hala|Ira|Iyslander|Jarl|Kano|Kassai|Katsu|Kavdaen|Kayo|Kox|Levia|Lexi|Librarian|Lyath|Marlynn|Maxx|Melody|Nuu|Oldhim|Olympia|Oscilio|Pleiades|Prism|Puffin|RKO|Reya|Rhinar|Riptide|Ruudi|Scurv|Shiyana|Slippy|Squizzy|Starvo|Taipanis|Taylor|Teklovossen|Terra|Theryon|Tuffnut|Uzuri|Valda|Verdance|Victor|Viserai|Vynnset|Yoji|Yorick|Zen|Zyggy,Blitz|Clash|ClassicConstructed|Draft|LivingLegend|Open|Sealed|SilverAge|UltimatePitFight,Clash,False,False,True,False,False,P2,30,manual_or_keyword_gap
test_of_vigor,test_of_vigor_red,Test of Vigor,Block,HeavyHitters|Promos|VictorBlitzDeck,Betsy|Bolfar|Boltyn|Bravo|Brevant|Brutus|Crix|Dorinthea|Emperor|Fang|Hala|Jarl|Kassai|Kox|Lyath|Oldhim|Olympia|Pleiades|Reya|Starvo|Terra|Valda|Victor|Yoji,Blitz|Clash|ClassicConstructed|Draft|LivingLegend|Open|Sealed|SilverAge|UltimatePitFight,Clash,False,False,True,False,False,P2,30,manual_or_keyword_gap
testament_of_valahai,testament_of_valahai,Testament of Valahai,Equipment,MasteryPackGuardian,Betsy|Bolfar|Bravo|Brevant|Crix|Jarl|Kox|Lyath|Oldhim|Pleiades|Reya|Starvo|Taylor|Terra|Valda|Victor|Yoji,Blitz|ClassicConstructed|LivingLegend|Open|UltimatePitFight,Guardwell,False,False,True,False,False,P2,30,manual_or_keyword_gap
thaw,thaw_red,Thaw,Action,Uprising,Cindra|Dromai|Emperor|Fai|Fang|Taipanis,Blitz|ClassicConstructed|Draft|LivingLegend|Open|Sealed|UltimatePitFight,Unfreeze,False,False,True,False,False,P2,30,manual_or_keyword_gap
the_golden_son,the_golden_son_yellow,The Golden Son,Action,HeavyHitters,Shiyana|Victor,Blitz|Clash|ClassicConstructed|Draft|LivingLegend|Open|Sealed|UltimatePitFight,Overpower|Specialization,False,False,True,False,False,P2,30,manual_or_keyword_gap
the_librarian_magister_of_history,the_librarian_magister_of_history,"The Librarian, Magister of History",Hero,Promos,Librarian,Clash|Open|UltimatePitFight,GoAgain,False,False,True,False,False,P2,30,manual_or_keyword_gap
themis_archangel_of_judgment,themis_archangel_of_judgment,"Themis, Archangel of Judgment",,DuskTillDawn,Librarian|Prism|Theryon,Blitz|ClassicConstructed|LivingLegend|Open|UltimatePitFight,Ward,False,False,True,False,False,P2,30,manual_or_keyword_gap
thespian_charm,thespian_charm_yellow,Thespian Charm,Instant,ArmoryDeckPleiades|Promos|SuperSlam,Pleiades,Blitz|ClassicConstructed|Draft|LivingLegend|Open|Sealed|UltimatePitFight,TheCrowdCheers,False,False,True,False,False,P2,30,manual_or_keyword_gap
three_visits,three_visits_red,Three Visits,Instant,PartTheMistveil,Enigma,Blitz|ClassicConstructed|Draft|LivingLegend|Open|Sealed|UltimatePitFight,Ward,False,False,True,False,False,P2,30,manual_or_keyword_gap
thunder_quake,thunder_quake_blue|thunder_quake_red|thunder_quake_yellow,Thunder Quake,Action,BravoDemoDeck|Everfest|MasteryPackGuardian,Betsy|Bolfar|Bravo|Brevant|Crix|Jarl|Kox|Lyath|Oldhim|Pleiades|Reya|Starvo|Terra|Valda|Victor|Yoji,Blitz|Clash|ClassicConstructed|LivingLegend|Open|SilverAge|UltimatePitFight,Heave,False,False,True,False,False,P2,30,manual_or_keyword_gap
tiara_of_suspense,tiara_of_suspense,Tiara of Suspense,Equipment,ArmoryDeckPleiades|SuperSlam,Pleiades|Taylor,Blitz|ClassicConstructed|LivingLegend|Open|UltimatePitFight,Guardwell,False,False,True,False,False,P2,30,manual_or_keyword_gap
tick_tock_clock,tick_tock_clock_red,Tick Tock Clock,Action,BrightLights,Dash|DataDoll|Maxx|Puffin|Teklovossen,Blitz|ClassicConstructed|Draft|LivingLegend|Open|Sealed|UltimatePitFight,Crank,False,False,True,False,False,P2,30,manual_or_keyword_gap
ticket_puncher,ticket_puncher,Ticket Puncher,Equipment,HeavyHitters,Arakni|Aurora|Aurora2|Azalea|Benji|Betsy|Blaze|Bolfar|Boltyn|Bravo|Brevant|Briar|Broscilio|Brutus|Chane|Cindra|Crackni|Crix|Dash|DataDoll|Dorinthea|Dromai|Emperor|Enigma|Fai|Fang|Florian|Frankie|Genis|GravyBones|Hala|Ira|Iyslander|Jarl|Kano|Kassai|Katsu|Kavdaen|Kayo|Kox|Levia|Lexi|Librarian|Lyath|Marlynn|Maxx|Melody|Nuu|Oldhim|Olympia|Oscilio|Pleiades|Prism|Puffin|RKO|Reya|Rhinar|Riptide|Ruudi|Scurv|Shiyana|Slippy|Squizzy|Starvo|Taipanis|Taylor|Teklovossen|Terra|Theryon|Tuffnut|Uzuri|Valda|Verdance|Victor|Viserai|Vynnset|Yoji|Yorick|Zen|Zyggy,Blitz|Clash|ClassicConstructed|Draft|LivingLegend|Open|Sealed|SilverAge|UltimatePitFight,BladeBreak,False,False,True,False,False,P2,30,manual_or_keyword_gap
tiger_eye_reflex,tiger_eye_reflex_blue|tiger_eye_reflex_yellow,Tiger Eye Reflex,Block,RoundTheTable,Benji|Cindra|Fai|Ira|Katsu|Zen,Blitz|Clash|ClassicConstructed|LivingLegend|Open|SilverAge|UltimatePitFight,Ambush,False,False,True,False,False,P2,30,manual_or_keyword_gap
tip_off,tip_off_blue|tip_off_red|tip_off_yellow,Tip-Off,Action,ArakniWebOfDeceitBlitzDeck|TheHunted,Arakni|Aurora|Aurora2|Azalea|Benji|Betsy|Blaze|Bolfar|Boltyn|Bravo|Brevant|Briar|Broscilio|Brutus|Chane|Cindra|Crackni|Crix|Dash|DataDoll|Dorinthea|Dromai|Emperor|Enigma|Fai|Fang|Florian|Frankie|Genis|GravyBones|Hala|Ira|Iyslander|Jarl|Kano|Kassai|Katsu|Kavdaen|Kayo|Kox|Levia|Lexi|Librarian|Lyath|Marlynn|Maxx|Melody|Nuu|Oldhim|Olympia|Oscilio|Pleiades|Prism|Puffin|RKO|Reya|Rhinar|Riptide|Ruudi|Scurv|Shiyana|Slippy|Squizzy|Starvo|Taipanis|Taylor|Teklovossen|Terra|Theryon|Tuffnut|Uzuri|Valda|Verdance|Victor|Viserai|Vynnset|Yoji|Yorick|Zen|Zyggy,Blitz|Clash|ClassicConstructed|Draft|LivingLegend|Open|Sealed|SilverAge|UltimatePitFight,Mark,False,False,True,False,False,P2,30,manual_or_keyword_gap
to_be_continued,to_be_continued_blue,To Be Continued...,Instant,ArmoryDeckPleiades|SuperSlam,Betsy|Bolfar|Bravo|Brevant|Crix|Jarl|Kox|Lyath|Oldhim|Pleiades|Reya|Starvo|Terra|Valda|Victor|Yoji,Blitz|Clash|ClassicConstructed|Draft|LivingLegend|Open|Sealed|SilverAge|UltimatePitFight,Suspense,False,False,True,False,False,P2,30,manual_or_keyword_gap
tooth_and_claw,tooth_and_claw_red,Tooth and Claw,Action,PartTheMistveil,Zen,Blitz|ClassicConstructed|Draft|LivingLegend|Open|Sealed|UltimatePitFight,GoAgain,False,False,True,False,False,P2,30,manual_or_keyword_gap
topsy_turvy,topsy_turvy,Topsy Turvy,Equipment,ArakniSilverAgeDeck|CompendiumOfRathe,Crackni|Slippy|Taylor,Blitz|Clash|ClassicConstructed|LivingLegend|Open|SilverAge|UltimatePitFight,ArcaneBarrier,False,False,True,False,False,P2,30,manual_or_keyword_gap
torc_of_vim,torc_of_vim,Torc of Vim,Equipment,ArmoryDeckRhinar,Kayo|Levia|RKO|Rhinar|Taylor|Tuffnut,Blitz|ClassicConstructed|LivingLegend|Open|UltimatePitFight,Battleworn,False,False,True,False,False,P2,30,manual_or_keyword_gap
touch_of_reality,touch_of_reality,Touch of Reality,Equipment,CompendiumOfRathe,Dromai|Enigma|Prism|Taylor|Zyggy,Blitz|ClassicConstructed|LivingLegend|Open|UltimatePitFight,Ward,False,False,True,False,False,P2,30,manual_or_keyword_gap
tough_leather_boots,tough_leather_boots,Tough Leather Boots,Equipment,SuperSlam,Taylor|Tuffnut,Blitz|Clash|ClassicConstructed|Draft|LivingLegend|Open|Sealed|SilverAge|UltimatePitFight,BladeBreak,False,False,True,False,False,P2,30,manual_or_keyword_gap
tough_smashup,tough_smashup_blue|tough_smashup_red|tough_smashup_yellow,Tough Smashup,Action,SuperSlam,Brutus|Pleiades|Tuffnut,Blitz|Clash|ClassicConstructed|Draft|LivingLegend|Open|Sealed|SilverAge|UltimatePitFight,Clash,False,False,True,False,False,P2,30,manual_or_keyword_gap
toxic_tips,toxic_tips,Toxic Tips,Equipment,ArakniBlitzDeck|Outsiders|RiptideBlitzDeck,Arakni|Azalea|Crackni|Lexi|Marlynn|Nuu|Riptide|Slippy|Taylor|Uzuri,Blitz|Clash|ClassicConstructed|Draft|LivingLegend|Open|Sealed|SilverAge|UltimatePitFight,BladeBreak|GoAgain,False,False,True,False,False,P2,30,manual_or_keyword_gap
trampling_trackers,trampling_trackers,Trampling Trackers,Equipment,ArmoryDeckRhinar,Kayo|Levia|RKO|Rhinar|Taylor|Tuffnut,Blitz|ClassicConstructed|LivingLegend|Open|UltimatePitFight,Temper,False,False,True,False,False,P2,30,manual_or_keyword_gap
tranquil_passing,tranquil_passing_blue|tranquil_passing_red|tranquil_passing_yellow,Tranquil Passing,Action,Dynasty,Dromai|Enigma|Prism|Zyggy,Blitz|Clash|ClassicConstructed|LivingLegend|Open|SilverAge|UltimatePitFight,Ward,False,False,True,False,False,P2,30,manual_or_keyword_gap
traverse_the_universe,traverse_the_universe,Traverse the Universe,Equipment,PartTheMistveil,Enigma|Nuu|Taylor|Zen,Blitz|ClassicConstructed|LivingLegend|Open|UltimatePitFight,BladeBreak,False,False,True,False,False,P2,30,manual_or_keyword_gap
tremorshield_sabatons,tremorshield_sabatons,Tremorshield Sabatons,Equipment,TheHunted,Betsy|Bolfar|Bravo|Brevant|Crix|Jarl|Kox|Lyath|Oldhim|Pleiades|Reya|Starvo|Taylor|Terra|Valda|Victor|Yoji,Blitz|ClassicConstructed|LivingLegend|Open|UltimatePitFight,BladeBreak,False,False,True,False,False,P2,30,manual_or_keyword_gap
trench_of_watery_depths,trench_of_watery_depths,Trench of Watery Depths,Equipment,CompendiumOfRathe,GravyBones|Marlynn|Puffin|Scurv|Taylor,Blitz|Clash|ClassicConstructed|LivingLegend|Open|SilverAge|UltimatePitFight,BladeBreak,False,False,True,False,False,P2,30,manual_or_keyword_gap
tribute_to_demolition,tribute_to_demolition_blue|tribute_to_demolition_red|tribute_to_demolition_yellow,Tribute to Demolition,Action,DuskTillDawn,Levia,Blitz|Clash|ClassicConstructed|LivingLegend|Open|SilverAge|UltimatePitFight,BloodDebt,False,False,True,False,False,P2,30,manual_or_keyword_gap
tribute_to_the_legions_of_doom,tribute_to_the_legions_of_doom_blue|tribute_to_the_legions_of_doom_red|tribute_to_the_legions_of_doom_yellow,Tribute to the Legions of Doom,Action,DuskTillDawn,Levia,Blitz|Clash|ClassicConstructed|LivingLegend|Open|SilverAge|UltimatePitFight,BloodDebt,False,False,True,False,False,P2,30,manual_or_keyword_gap
trounce,trounce_red,Trounce,Block,HeavyHitters,Betsy|Bolfar|Bravo|Brevant|Brutus|Crix|Jarl|Kox|Lyath|Oldhim|Pleiades|Reya|Starvo|Terra|Valda|Victor|Yoji,Blitz|ClassicConstructed|Draft|LivingLegend|Open|Sealed|UltimatePitFight,Clash,False,False,True,False,False,P2,30,manual_or_keyword_gap
truths_retold,truths_retold,Truths Retold,Equipment,EnigmaBlitzDeck|PartTheMistveil|Promos,Enigma|Taylor,Blitz|Clash|ClassicConstructed|Draft|LivingLegend|Open|Sealed|SilverAge|UltimatePitFight,Cloaked|Ward,False,False,True,False,False,P2,30,manual_or_keyword_gap
turn_heads,turn_heads_blue,Turn Heads,Instant,SuperSlam,Betsy|Bolfar|Bravo|Brevant|Crix|Jarl|Kox|Lyath|Oldhim|Pleiades|Reya|Starvo|Terra|Valda|Victor|Yoji,Blitz|ClassicConstructed|Draft|LivingLegend|Open|Sealed|UltimatePitFight,Suspense,False,False,True,False,False,P2,30,manual_or_keyword_gap
turn_timber,turn_timber_blue|turn_timber_red|turn_timber_yellow,Turn Timber,DefenseReaction,OldhimBlitzDeck|TalesOfAria,Jarl|Oldhim|Starvo|Terra,Blitz|Clash|ClassicConstructed|Draft|LivingLegend|Open|Sealed|SilverAge|UltimatePitFight,Fusion,False,False,True,False,False,P2,30,manual_or_keyword_gap
two_faced,two_faced,Two-Faced,Equipment,CompendiumOfRathe,Lyath|RKO|Taylor,Blitz|ClassicConstructed|LivingLegend|Open|UltimatePitFight,BladeBreak,False,False,True,False,False,P2,30,manual_or_keyword_gap
two_sides_to_the_blade,two_sides_to_the_blade_red,Two Sides to the Blade,AttackReaction,ArakniSilverAgeDeck|ArakniWebOfDeceitBlitzDeck|TheHunted,Arakni|Crackni|Nuu|Slippy|Uzuri,Blitz|Clash|ClassicConstructed|Draft|LivingLegend|Open|Sealed|SilverAge|UltimatePitFight,Mark,False,False,True,False,False,P2,30,manual_or_keyword_gap
two_steps_forward,two_steps_forward,Two Steps Forward,Equipment,CompendiumOfRathe,Benji|Cindra|Fai|Ira|Katsu|Taylor|Zen,Blitz|Clash|ClassicConstructed|LivingLegend|Open|SilverAge|UltimatePitFight,Battleworn,False,False,True,False,False,P2,30,manual_or_keyword_gap
under_loop,under_loop_blue|under_loop_red|under_loop_yellow,Under Loop,Action,BrightLights|DashSilverAgeDeck|RoundTheTable,Dash|DataDoll|Maxx|Puffin|Teklovossen,Blitz|Clash|ClassicConstructed|Draft|LivingLegend|Open|Sealed|SilverAge|UltimatePitFight,Boost,False,False,True,False,False,P2,30,manual_or_keyword_gap
under_the_trap_door,under_the_trap_door_blue,Under the Trap-Door,Action,TheHunted,Arakni|Crackni|Nuu|Slippy|Uzuri,Blitz|ClassicConstructed|Draft|LivingLegend|Open|Sealed|UltimatePitFight,Stealth,False,False,True,False,False,P2,30,manual_or_keyword_gap
undercover_acquisition,undercover_acquisition_red,Undercover Acquisition,Action,ArmoryDeckArakni|HighSeas,Arakni|Crackni|Nuu|Slippy|Uzuri,Blitz|ClassicConstructed|LivingLegend|Open|UltimatePitFight,Steal|Stealth,False,False,True,False,False,P2,30,manual_or_keyword_gap
undertow_stilettos,undertow_stilettos,Undertow Stilettos,Equipment,NuuBlitzDeck|PartTheMistveil|Promos,Nuu|Taylor,Blitz|Clash|ClassicConstructed|Draft|LivingLegend|Open|Sealed|SilverAge|UltimatePitFight,Battleworn,False,False,True,False,False,P2,30,manual_or_keyword_gap
unforgetting_unforgiving,unforgetting_unforgiving_red,Unforgetting Unforgiving,Block,ArmoryDeckOriginsJarl,Jarl|Shiyana,Blitz|Clash|ClassicConstructed|LivingLegend|Open|UltimatePitFight,Specialization,False,False,True,False,False,P2,30,manual_or_keyword_gap
unhallowed_rites,unhallowed_rites_blue|unhallowed_rites_red|unhallowed_rites_yellow,Unhallowed Rites,Action,ChaneBlitzDeck|Monarch,Chane|Vynnset,Blitz|Clash|ClassicConstructed|Draft|LivingLegend|Open|Sealed|SilverAge|UltimatePitFight,BloodDebt,False,False,True,False,False,P2,30,manual_or_keyword_gap
unified_decree,unified_decree_yellow,Unified Decree,AttackReaction,CrucibleOfWar,Boltyn|Dorinthea|Fang|Hala|Kassai|Olympia,Blitz|ClassicConstructed|LivingLegend|Open|UltimatePitFight,Reprise,False,False,True,False,False,P2,30,manual_or_keyword_gap
unyielding_grip,unyielding_grip,Unyielding Grip,Equipment,CompendiumOfRathe,Arakni|Aurora|Aurora2|Azalea|Benji|Betsy|Blaze|Bolfar|Boltyn|Bravo|Brevant|Briar|Broscilio|Brutus|Chane|Cindra|Crackni|Crix|Dash|DataDoll|Dorinthea|Dromai|Emperor|Enigma|Fai|Fang|Florian|Frankie|Genis|GravyBones|Hala|Ira|Iyslander|Jarl|Kano|Kassai|Katsu|Kavdaen|Kayo|Kox|Levia|Lexi|Librarian|Lyath|Marlynn|Maxx|Melody|Nuu|Oldhim|Olympia|Oscilio|Pleiades|Prism|Puffin|RKO|Reya|Rhinar|Riptide|Ruudi|Scurv|Shiyana|Slippy|Squizzy|Starvo|Taipanis|Taylor|Teklovossen|Terra|Theryon|Tuffnut|Uzuri|Valda|Verdance|Victor|Viserai|Vynnset|Yoji|Yorick|Zen|Zyggy,Blitz|Clash|ClassicConstructed|LivingLegend|Open|SilverAge|UltimatePitFight,BladeBreak,False,False,True,False,False,P2,30,manual_or_keyword_gap
up_on_a_pedestal,up_on_a_pedestal_blue,Up on a Pedestal,Instant,ArmoryDeckPleiades|Promos|SuperSlam,Pleiades,Blitz|ClassicConstructed|Draft|LivingLegend|Open|Sealed|UltimatePitFight,Suspense,False,False,True,False,False,P2,30,manual_or_keyword_gap
up_the_ante,up_the_ante_blue,Up the Ante,AttackReaction,HeavyHitters,Olympia|Shiyana,Blitz|Clash|ClassicConstructed|Draft|LivingLegend|Open|Sealed|UltimatePitFight,Specialization|Wager,False,False,True,False,False,P2,30,manual_or_keyword_gap
uphold_tradition,uphold_tradition,Uphold Tradition,Equipment,EnigmaBlitzDeck|EnigmaSilverAgeDeck|PartTheMistveil|Promos,Enigma|Taylor,Blitz|Clash|ClassicConstructed|Draft|LivingLegend|Open|Sealed|SilverAge|UltimatePitFight,Cloaked|Ward,False,False,True,False,False,P2,30,manual_or_keyword_gap
v_for_valor,v_for_valor_blue|v_for_valor_red|v_for_valor_yellow,V for Valor,Action,DuskTillDawn,Boltyn,Blitz|Clash|ClassicConstructed|LivingLegend|Open|SilverAge|UltimatePitFight,Charge,False,False,True,False,False,P2,30,manual_or_keyword_gap
v_of_the_vanguard,v_of_the_vanguard_yellow,V of the Vanguard,Action,ArmoryDeckBoltyn|BoltynBlitzDeck|Monarch,Boltyn|Shiyana,Blitz|Clash|ClassicConstructed|Draft|LivingLegend|Open|Sealed|SilverAge|UltimatePitFight,Charge|Specialization,False,False,True,False,False,P2,30,manual_or_keyword_gap
vambrace_of_determination,vambrace_of_determination,Vambrace of Determination,Equipment,Outsiders|Promos,Arakni|Aurora|Aurora2|Azalea|Benji|Betsy|Blaze|Bolfar|Boltyn|Bravo|Brevant|Briar|Broscilio|Brutus|Chane|Cindra|Crackni|Crix|Dash|DataDoll|Dorinthea|Dromai|Emperor|Enigma|Fai|Fang|Florian|Frankie|Genis|GravyBones|Hala|Ira|Iyslander|Jarl|Kano|Kassai|Katsu|Kavdaen|Kayo|Kox|Levia|Lexi|Librarian|Lyath|Marlynn|Maxx|Melody|Nuu|Oldhim|Olympia|Oscilio|Pleiades|Prism|Puffin|RKO|Reya|Rhinar|Riptide|Ruudi|Scurv|Shiyana|Slippy|Squizzy|Starvo|Taipanis|Taylor|Teklovossen|Terra|Theryon|Tuffnut|Uzuri|Valda|Verdance|Victor|Viserai|Vynnset|Yoji|Yorick|Zen|Zyggy,Blitz|ClassicConstructed|Draft|LivingLegend|Open|Sealed|UltimatePitFight,BladeBreak,False,False,True,False,False,P2,30,manual_or_keyword_gap
vantage_point,vantage_point_blue|vantage_point_red|vantage_point_yellow,Vantage Point,Action,FlorianBlitzDeck|Rosetta,Aurora|Aurora2|Briar|Chane|Florian|Viserai|Vynnset,Blitz|Clash|ClassicConstructed|Draft|LivingLegend|Open|Sealed|SilverAge|UltimatePitFight,Overpower,False,False,True,False,False,P2,30,manual_or_keyword_gap
vantom_banshee,vantom_banshee_blue|vantom_banshee_red|vantom_banshee_yellow,Vantom Banshee,Action,DuskTillDawn|Promos,Chane|Vynnset,Blitz|Clash|ClassicConstructed|LivingLegend|Open|SilverAge|UltimatePitFight,BloodDebt|RuneGate,False,False,True,False,False,P2,30,manual_or_keyword_gap
vantom_wraith,vantom_wraith_blue|vantom_wraith_red|vantom_wraith_yellow,Vantom Wraith,Action,DuskTillDawn,Chane|Vynnset,Blitz|Clash|ClassicConstructed|LivingLegend|Open|SilverAge|UltimatePitFight,BloodDebt|RuneGate,False,False,True,False,False,P2,30,manual_or_keyword_gap
vela_flash,vela_flash_blue|vela_flash_red|vela_flash_yellow,Vela Flash,Action,TalesOfAria,Aurora|Briar|Florian,Blitz|Clash|ClassicConstructed|Draft|LivingLegend|Open|Sealed|SilverAge|UltimatePitFight,Fusion,False,False,True,False,False,P2,30,manual_or_keyword_gap
vengeful_apparition,vengeful_apparition_blue|vengeful_apparition_red|vengeful_apparition_yellow,Vengeful Apparition,Action,PartTheMistveil,Dromai|Enigma|Prism|Zyggy,Blitz|Clash|ClassicConstructed|Draft|LivingLegend|Open|Sealed|SilverAge|UltimatePitFight,Ward,False,False,True,False,False,P2,30,manual_or_keyword_gap
venomback_fabric,venomback_fabric_yellow,Venomback Fabric,Action,Promos,Arakni|Aurora|Aurora2|Azalea|Benji|Betsy|Blaze|Bolfar|Boltyn|Bravo|Brevant|Briar|Broscilio|Brutus|Chane|Cindra|Crackni|Crix|Dash|DataDoll|Dorinthea|Dromai|Enigma|Fai|Fang|Florian|Frankie|Genis|GravyBones|Hala|Ira|Iyslander|Jarl|Kano|Kassai|Katsu|Kavdaen|Kayo|Kox|Levia|Lexi|Librarian|Lyath|Marlynn|Maxx|Melody|Nuu|Oldhim|Olympia|Oscilio|Pleiades|Prism|Puffin|RKO|Reya|Rhinar|Riptide|Ruudi|Scurv|Shiyana|Slippy|Squizzy|Starvo|Taipanis|Taylor|Teklovossen|Terra|Theryon|Tuffnut|Uzuri|Valda|Verdance|Victor|Viserai|Vynnset|Yoji|Yorick|Zen|Zyggy,Open|UltimatePitFight,Legendary|Negate,False,False,True,False,False,P2,30,manual_or_keyword_gap
vestige_of_flagellation,vestige_of_flagellation,Vestige of Flagellation,Equipment,CompendiumOfRathe,Chane|Levia|Taylor|Vynnset,Blitz|ClassicConstructed|LivingLegend|Open|UltimatePitFight,BladeBreak,False,False,True,False,False,P2,30,manual_or_keyword_gap
vestige_of_sol,vestige_of_sol,Vestige of Sol,Equipment,Monarch|Promos,Boltyn|Librarian|Prism|Taylor|Theryon,Blitz|ClassicConstructed|Draft|LivingLegend|Open|Sealed|UltimatePitFight,BladeBreak,False,False,True,False,False,P2,30,manual_or_keyword_gap
victoria_archangel_of_triumph,victoria_archangel_of_triumph,"Victoria, Archangel of Triumph",,DuskTillDawn,Librarian|Prism|Theryon,Blitz|ClassicConstructed|LivingLegend|Open|UltimatePitFight,Ward,False,False,True,False,False,P2,30,manual_or_keyword_gap
vigor_rush,vigor_rush_blue|vigor_rush_red|vigor_rush_yellow,Vigor Rush,Action,ArcaneRising,Arakni|Aurora|Aurora2|Azalea|Benji|Betsy|Blaze|Bolfar|Boltyn|Bravo|Brevant|Briar|Broscilio|Brutus|Chane|Cindra|Crackni|Crix|Dash|DataDoll|Dorinthea|Dromai|Emperor|Enigma|Fai|Fang|Florian|Frankie|Genis|GravyBones|Hala|Ira|Iyslander|Jarl|Kano|Kassai|Katsu|Kavdaen|Kayo|Kox|Levia|Lexi|Librarian|Lyath|Marlynn|Maxx|Melody|Nuu|Oldhim|Olympia|Oscilio|Pleiades|Prism|Puffin|RKO|Reya|Rhinar|Riptide|Ruudi|Scurv|Shiyana|Slippy|Squizzy|Starvo|Taipanis|Taylor|Teklovossen|Terra|Theryon|Tuffnut|Uzuri|Valda|Verdance|Victor|Viserai|Vynnset|Yoji|Yorick|Zen|Zyggy,Blitz|Clash|ClassicConstructed|Draft|LivingLegend|Open|Sealed|SilverAge|UltimatePitFight,GoAgain,False,False,True,False,False,P2,30,manual_or_keyword_gap
vigorous_smashup,vigorous_smashup_blue|vigorous_smashup_red|vigorous_smashup_yellow,Vigorous Smashup,Action,SuperSlam,Brutus|Kayo|Levia|RKO|Rhinar|Tuffnut,Blitz|ClassicConstructed|Draft|LivingLegend|Open|Sealed|UltimatePitFight,Clash,False,False,True,False,False,P2,30,manual_or_keyword_gap
vile_inquisition,vile_inquisition_blue|vile_inquisition_red|vile_inquisition_yellow,Vile Inquisition,Action,DuskTillDawn,Chane|Levia|Vynnset,Blitz|Clash|ClassicConstructed|LivingLegend|Open|SilverAge|UltimatePitFight,BloodDebt,False,False,True,False,False,P2,30,manual_or_keyword_gap
visit_the_dawnsmith,visit_the_dawnsmith_blue,Visit the Dawnsmith,Action,ArmoryDeckOriginsHala,Boltyn|Dorinthea|Fang|Hala|Kassai|Olympia,Blitz|Clash|ClassicConstructed|LivingLegend|Open|SilverAge|UltimatePitFight,Sharpen,False,False,True,False,False,P2,30,manual_or_keyword_gap
visit_the_floating_dojo,visit_the_floating_dojo_blue,Visit the Floating Dojo,Instant,Outsiders,Katsu|Shiyana,Blitz|Clash|ClassicConstructed|Draft|LivingLegend|Open|Sealed|UltimatePitFight,Specialization,False,False,True,False,False,P2,30,manual_or_keyword_gap
visit_the_golden_anvil,visit_the_golden_anvil_blue,Visit the Golden Anvil,Action,PartTheMistveil,Olympia|Shiyana,Blitz|Clash|ClassicConstructed|LivingLegend|Open|UltimatePitFight,Specialization,False,False,True,False,False,P2,30,manual_or_keyword_gap
void_wraith,void_wraith_blue|void_wraith_red|void_wraith_yellow,Void Wraith,Action,Monarch,Chane|Levia|Vynnset,Blitz|Clash|ClassicConstructed|Draft|LivingLegend|Open|Sealed|SilverAge|UltimatePitFight,BloodDebt,False,False,True,False,False,P2,30,manual_or_keyword_gap
volcanic_vice,volcanic_vice,Volcanic Vice,Equipment,CompendiumOfRathe,Betsy|Bolfar|Bravo|Brevant|Crix|Jarl|Kox|Lyath|Oldhim|Pleiades|Reya|Starvo|Taylor|Terra|Valda|Victor|Yoji,Blitz|Clash|ClassicConstructed|LivingLegend|Open|SilverAge|UltimatePitFight,Spellvoid,False,False,True,False,False,P2,30,manual_or_keyword_gap
volzar_meteor_storm,volzar_meteor_storm,"Volzar, Meteor Storm",Weapon,OmensOfTheThirdAge,Broscilio|Oscilio,Blitz|Clash|ClassicConstructed|Draft|LivingLegend|Open|Sealed|SilverAge|UltimatePitFight,Amp,False,False,True,False,False,P2,30,manual_or_keyword_gap
vow_of_vengeance,vow_of_vengeance,Vow of Vengeance,Equipment,CindraBlitzDeck|FangBlitzDeck|TheHunted,Cindra|Dromai|Emperor|Fai|Fang|Taipanis|Taylor,Blitz|Clash|ClassicConstructed|Draft|LivingLegend|Open|Sealed|SilverAge|UltimatePitFight,BladeBreak|Mark,False,False,True,False,False,P2,30,manual_or_keyword_gap
wage_agility,wage_agility_blue|wage_agility_red|wage_agility_yellow,Wage Agility,Action,HeavyHitters|OlympiaBlitzDeck,Boltyn|Dorinthea|Emperor|Fang|Hala|Kassai|Kayo|Levia|Olympia|RKO|Rhinar|Tuffnut,Blitz|Clash|ClassicConstructed|Draft|LivingLegend|Open|Sealed|SilverAge|UltimatePitFight,Wager,False,False,True,False,False,P2,30,manual_or_keyword_gap
wage_gold,wage_gold_blue|wage_gold_red|wage_gold_yellow,Wage Gold,Action,BetsyBlitzDeck|HeavyHitters|Promos,Arakni|Aurora|Aurora2|Azalea|Benji|Betsy|Blaze|Bolfar|Boltyn|Bravo|Brevant|Briar|Broscilio|Brutus|Chane|Cindra|Crackni|Crix|Dash|DataDoll|Dorinthea|Dromai|Emperor|Enigma|Fai|Fang|Florian|Frankie|Genis|GravyBones|Hala|Ira|Iyslander|Jarl|Kano|Kassai|Katsu|Kavdaen|Kayo|Kox|Levia|Lexi|Librarian|Lyath|Marlynn|Maxx|Melody|Nuu|Oldhim|Olympia|Oscilio|Pleiades|Prism|Puffin|RKO|Reya|Rhinar|Riptide|Ruudi|Scurv|Shiyana|Slippy|Squizzy|Starvo|Taipanis|Taylor|Teklovossen|Terra|Theryon|Tuffnut|Uzuri|Valda|Verdance|Victor|Viserai|Vynnset|Yoji|Yorick|Zen|Zyggy,Blitz|Clash|ClassicConstructed|Draft|LivingLegend|Open|Sealed|SilverAge|UltimatePitFight,Universal|Wager,False,False,True,False,False,P2,30,manual_or_keyword_gap
wage_might,wage_might_blue|wage_might_red|wage_might_yellow,Wage Might,Action,BetsyBlitzDeck|HeavyHitters,Betsy|Bolfar|Bravo|Brevant|Crix|Jarl|Kayo|Kox|Levia|Lyath|Oldhim|Pleiades|RKO|Reya|Rhinar|Starvo|Terra|Tuffnut|Valda|Victor|Yoji,Blitz|Clash|ClassicConstructed|Draft|LivingLegend|Open|Sealed|SilverAge|UltimatePitFight,Wager,False,False,True,False,False,P2,30,manual_or_keyword_gap
wage_vigor,wage_vigor_blue|wage_vigor_red|wage_vigor_yellow,Wage Vigor,Action,BetsyBlitzDeck|HeavyHitters|OlympiaBlitzDeck,Betsy|Bolfar|Boltyn|Bravo|Brevant|Crix|Dorinthea|Emperor|Fang|Hala|Jarl|Kassai|Kox|Lyath|Oldhim|Olympia|Pleiades|Reya|Starvo|Terra|Valda|Victor|Yoji,Blitz|Clash|ClassicConstructed|Draft|LivingLegend|Open|Sealed|SilverAge|UltimatePitFight,Wager,False,False,True,False,False,P2,30,manual_or_keyword_gap
wailer_humperdinck,wailer_humperdinck_yellow,Wailer Humperdinck,Action,GEM|HighSeas,GravyBones,Blitz|ClassicConstructed|Draft|LivingLegend|Open|Sealed|UltimatePitFight,WateryGrave,False,False,True,False,False,P2,30,manual_or_keyword_gap
walk_in_my_shoes,walk_in_my_shoes_yellow,Walk in My Shoes,Action,CompendiumOfRathe,Lyath,Blitz|Clash|ClassicConstructed|LivingLegend|Open|SilverAge|UltimatePitFight,Crush,False,False,True,False,False,P2,30,manual_or_keyword_gap
warband_of_bellona,warband_of_bellona,Warband of Bellona,Equipment,BrightLights|Promos,Boltyn|Taylor,Blitz|ClassicConstructed|LivingLegend|Open|UltimatePitFight,Charge|GoAgain|Temper,False,False,True,False,False,P2,30,manual_or_keyword_gap
wartune_herald,wartune_herald_blue|wartune_herald_red|wartune_herald_yellow,Wartune Herald,Action,ArmoryDeckLegendsPrism|DuskTillDawn|Monarch|PrismBlitzDeck|Promos,Prism,Blitz|Clash|ClassicConstructed|Draft|LivingLegend|Open|Sealed|SilverAge|UltimatePitFight,Phantasm,False,False,True,False,False,P2,30,manual_or_keyword_gap
wave_of_reality,wave_of_reality,Wave of Reality,Equipment,Dynasty|Promos,Dromai|Enigma|Prism|Taylor|Zyggy,Blitz|Clash|ClassicConstructed|LivingLegend|Open|SilverAge|UltimatePitFight,Ward,False,False,True,False,False,P2,30,manual_or_keyword_gap
waxing_specter,waxing_specter_blue|waxing_specter_red|waxing_specter_yellow,Waxing Specter,Instant,EnigmaBlitzDeck|EnigmaSilverAgeDeck|PartTheMistveil,Enigma,Blitz|Clash|ClassicConstructed|Draft|LivingLegend|Open|Sealed|SilverAge|UltimatePitFight,Ward,False,False,True,False,False,P2,30,manual_or_keyword_gap
wayfinders_crest,wayfinders_crest,Wayfinder's Crest,Equipment,AzaleaBlitzDeck|Outsiders,Azalea|Lexi|Marlynn|Riptide|Taylor,Blitz|Clash|ClassicConstructed|Draft|LivingLegend|Open|Sealed|SilverAge|UltimatePitFight,BladeBreak,False,False,True,False,False,P2,30,manual_or_keyword_gap
wee_wrecking_ball,wee_wrecking_ball_yellow,Wee Wrecking Ball,Action,SuperSlam,Betsy|Bolfar|Bravo|Brevant|Crix|Jarl|Kox|Lyath|Oldhim|Pleiades|Reya|Starvo|Terra|Valda|Victor|Yoji,Blitz|Clash|ClassicConstructed|Draft|LivingLegend|Open|Sealed|SilverAge|UltimatePitFight,Crush,False,False,True,False,False,P2,30,manual_or_keyword_gap
what_happens_next,what_happens_next_blue,What Happens Next?,Instant,ArmoryDeckPleiades|SuperSlam,Betsy|Bolfar|Bravo|Brevant|Crix|Jarl|Kox|Lyath|Oldhim|Pleiades|Reya|Starvo|Terra|Valda|Victor|Yoji,Blitz|Clash|ClassicConstructed|Draft|LivingLegend|Open|Sealed|SilverAge|UltimatePitFight,Suspense,False,False,True,False,False,P2,30,manual_or_keyword_gap
whittle_from_bone,whittle_from_bone_blue|whittle_from_bone_red|whittle_from_bone_yellow,Whittle from Bone,Action,GEM|TheHunted,Arakni|Crackni|Nuu|Slippy|Uzuri,Blitz|Clash|ClassicConstructed|Draft|LivingLegend|Open|Sealed|SilverAge|UltimatePitFight,Stealth,False,False,True,False,False,P2,30,manual_or_keyword_gap
who_blinks_first,who_blinks_first_blue,Who Blinks First?,Instant,SuperSlam,Betsy|Bolfar|Bravo|Brevant|Crix|Jarl|Kox|Lyath|Oldhim|Pleiades|Reya|Starvo|Terra|Valda|Victor|Yoji,Blitz|ClassicConstructed|Draft|LivingLegend|Open|Sealed|UltimatePitFight,Suspense,False,False,True,False,False,P2,30,manual_or_keyword_gap
widespread_annihilation,widespread_annihilation_blue,Widespread Annihilation,Action,DuskTillDawn,Chane|Vynnset,Blitz|ClassicConstructed|LivingLegend|Open|UltimatePitFight,BloodDebt|RuneGate,False,False,True,False,False,P2,30,manual_or_keyword_gap
widespread_destruction,widespread_destruction_yellow,Widespread Destruction,Action,DuskTillDawn,Chane|Vynnset,Blitz|ClassicConstructed|LivingLegend|Open|UltimatePitFight,BloodDebt|RuneGate,False,False,True,False,False,P2,30,manual_or_keyword_gap
widespread_ruin,widespread_ruin_red,Widespread Ruin,Action,DuskTillDawn,Chane|Vynnset,Blitz|ClassicConstructed|LivingLegend|Open|UltimatePitFight,BloodDebt|RuneGate,False,False,True,False,False,P2,30,manual_or_keyword_gap
will_of_arcana,will_of_arcana_blue,Will of Arcana,Resource,Rosetta,Blaze|Broscilio|Iyslander|Kano|Oscilio|Verdance,Blitz|ClassicConstructed|LivingLegend|Open|UltimatePitFight,Amp|Legendary,False,False,True,False,False,P2,30,manual_or_keyword_gap
writhing_beast_hulk,writhing_beast_hulk_blue|writhing_beast_hulk_red|writhing_beast_hulk_yellow,Writhing Beast Hulk,Action,LeviaBlitzDeck|Monarch,Levia,Blitz|Clash|ClassicConstructed|Draft|LivingLegend|Open|Sealed|SilverAge|UltimatePitFight,BloodDebt|Dominate,False,False,True,False,False,P2,30,manual_or_keyword_gap
yellow_fin_harpoon,yellow_fin_harpoon_blue,Yellow Fin Harpoon,Action,GEM|HighSeas,Marlynn,Blitz|Clash|ClassicConstructed|Draft|LivingLegend|Open|Sealed|SilverAge|UltimatePitFight,GoFish,False,False,True,False,False,P2,30,manual_or_keyword_gap
zephyr_needle,zephyr_needle,Zephyr Needle,Weapon,CrucibleOfWar|HistoryPack1,Benji|Cindra|Fai|Ira|Katsu|Zen,Blitz|Open|UltimatePitFight,GoAgain,False,False,True,False,False,P2,30,manual_or_keyword_gap
zoom_in,zoom_in_blue|zoom_in_red|zoom_in_yellow,Zoom In,Action,Everfest,Dash|DataDoll|Maxx|Puffin|Teklovossen,Blitz|Clash|ClassicConstructed|LivingLegend|Open|SilverAge|UltimatePitFight,Boost|Opt,False,False,True,False,False,P2,30,manual_or_keyword_gap
ash,ash,Ash,Token,DromaiBlitzDeck|Uprising,Dromai|Shiyana|Yorick,Blitz|Clash|ClassicConstructed|Draft|LivingLegend|Open|Sealed|SilverAge|UltimatePitFight,Material|Phantasm,False,False,True,False,False,P3,20,manual_or_keyword_gap
cintari_sellsword,cintari_sellsword,Cintari Sellsword,Token,HeavyHitters|Promos,Boltyn|Dorinthea|Emperor|Fang|Hala|Kassai|Olympia|Shiyana|Yorick,Blitz|Clash|ClassicConstructed|Draft|LivingLegend|Open|Sealed|SilverAge|UltimatePitFight,GoAgain,False,False,True,False,False,P3,20,manual_or_keyword_gap
eloquence,eloquence,Eloquence,Token,DuskTillDawn|Promos,Arakni|Aurora|Aurora2|Azalea|Benji|Betsy|Blaze|Bolfar|Boltyn|Bravo|Brevant|Briar|Broscilio|Brutus|Chane|Cindra|Crackni|Crix|Dash|DataDoll|Dorinthea|Dromai|Emperor|Enigma|Fai|Fang|Florian|Frankie|Genis|GravyBones|Hala|Ira|Iyslander|Jarl|Kano|Kassai|Katsu|Kavdaen|Kayo|Kox|Levia|Lexi|Librarian|Lyath|Marlynn|Maxx|Melody|Nuu|Oldhim|Olympia|Oscilio|Pleiades|Prism|Puffin|RKO|Reya|Rhinar|Riptide|Ruudi|Scurv|Shiyana|Slippy|Squizzy|Starvo|Taipanis|Taylor|Teklovossen|Terra|Theryon|Tuffnut|Uzuri|Valda|Verdance|Victor|Viserai|Vynnset|Yoji|Yorick|Zen|Zyggy,Blitz|Clash|ClassicConstructed|LivingLegend|Open|SilverAge|UltimatePitFight,GoAgain,False,False,True,False,False,P3,20,manual_or_keyword_gap
embodiment_of_lightning,embodiment_of_lightning,Embodiment of Lightning,Token,FirstStrikeAurora|ArmoryDeckAurora|AuroraBlitzDeck|BriarBlitzDeck|DuskTillDawn|OscilioBlitzDeck|Promos|Rosetta|TalesOfAria,Aurora|Briar|Florian|Iyslander|Jarl|Lexi|Oldhim|Oscilio|Shiyana|Starvo|Terra|Verdance|Yorick,Blitz|Clash|ClassicConstructed|Draft|LivingLegend|Open|Sealed|SilverAge|UltimatePitFight,GoAgain,False,False,True,False,False,P3,20,manual_or_keyword_gap
golden_cog,golden_cog,Golden Cog,Token,HighSeas|Promos,Dash|DataDoll|Maxx|Puffin|Shiyana|Teklovossen|Yorick,Blitz|Clash|ClassicConstructed|Draft|LivingLegend|Open|Sealed|SilverAge|UltimatePitFight,Crank,False,False,True,False,False,P3,20,manual_or_keyword_gap
marked,marked,Marked,Token,ArakniWebOfDeceitBlitzDeck|ArmoryDeckArakni|CindraBlitzDeck|FangBlitzDeck|Promos|TheHunted,Arakni|Aurora|Aurora2|Azalea|Benji|Betsy|Blaze|Bolfar|Boltyn|Bravo|Brevant|Briar|Broscilio|Brutus|Chane|Cindra|Crackni|Crix|Dash|DataDoll|Dorinthea|Dromai|Emperor|Enigma|Fai|Fang|Florian|Frankie|Genis|GravyBones|Hala|Ira|Iyslander|Jarl|Kano|Kassai|Katsu|Kavdaen|Kayo|Kox|Levia|Lexi|Librarian|Lyath|Marlynn|Maxx|Melody|Nuu|Oldhim|Olympia|Oscilio|Pleiades|Prism|Puffin|RKO|Reya|Rhinar|Riptide|Ruudi|Scurv|Shiyana|Slippy|Squizzy|Starvo|Taipanis|Taylor|Teklovossen|Terra|Theryon|Tuffnut|Uzuri|Valda|Verdance|Victor|Viserai|Vynnset|Yoji|Yorick|Zen|Zyggy,Blitz|Clash|ClassicConstructed|Draft|LivingLegend|Open|Sealed|SilverAge|UltimatePitFight,Mark,False,False,True,False,False,P3,20,manual_or_keyword_gap
quicken,quicken,Quicken,Token,ArmoryDeckBoltyn|BrightLights|ClassicBattlesRhinarDorinthea|CrucibleOfWar|DorintheaHeroDeck|DuskTillDawn|Everfest|HistoryPack1|Promos|RhinarHeroDeck|RoundTheTable|WelcomeToRathe,Arakni|Aurora|Aurora2|Azalea|Benji|Betsy|Blaze|Bolfar|Boltyn|Bravo|Brevant|Briar|Broscilio|Brutus|Chane|Cindra|Crackni|Crix|Dash|DataDoll|Dorinthea|Dromai|Emperor|Enigma|Fai|Fang|Florian|Frankie|Genis|GravyBones|Hala|Ira|Iyslander|Jarl|Kano|Kassai|Katsu|Kavdaen|Kayo|Kox|Levia|Lexi|Librarian|Lyath|Marlynn|Maxx|Melody|Nuu|Oldhim|Olympia|Oscilio|Pleiades|Prism|Puffin|RKO|Reya|Rhinar|Riptide|Ruudi|Scurv|Shiyana|Slippy|Squizzy|Starvo|Taipanis|Taylor|Teklovossen|Terra|Theryon|Tuffnut|Uzuri|Valda|Verdance|Victor|Viserai|Vynnset|Yoji|Yorick|Zen|Zyggy,Blitz|Clash|ClassicConstructed|Draft|LivingLegend|Open|Sealed|SilverAge|UltimatePitFight,GoAgain,False,False,True,False,False,P3,20,manual_or_keyword_gap
autumns_touch,autumns_touch_blue|autumns_touch_red|autumns_touch_yellow,Autumn's Touch,Action,Rosetta|TalesOfAria|VerdanceBlitzDeck,Briar|Florian|Jarl|Oldhim|Starvo|Terra|Verdance,Blitz|Clash|ClassicConstructed|Draft|LivingLegend|Open|Sealed|SilverAge|UltimatePitFight,,False,False,False,False,False,P3,0,vanilla_or_keyword_only
brutal_assault,brutal_assault_blue|brutal_assault_red|brutal_assault_yellow,Brutal Assault,Action,CrucibleOfWar|DromaiBlitzDeck,Arakni|Aurora|Aurora2|Azalea|Benji|Betsy|Blaze|Bolfar|Boltyn|Bravo|Brevant|Briar|Broscilio|Brutus|Chane|Cindra|Crackni|Crix|Dash|DataDoll|Dorinthea|Dromai|Emperor|Enigma|Fai|Fang|Florian|Frankie|Genis|GravyBones|Hala|Ira|Iyslander|Jarl|Kano|Kassai|Katsu|Kavdaen|Kayo|Kox|Levia|Lexi|Librarian|Lyath|Marlynn|Maxx|Melody|Nuu|Oldhim|Olympia|Oscilio|Pleiades|Prism|Puffin|RKO|Reya|Rhinar|Riptide|Ruudi|Scurv|Shiyana|Slippy|Squizzy|Starvo|Taipanis|Taylor|Teklovossen|Terra|Theryon|Tuffnut|Uzuri|Valda|Verdance|Victor|Viserai|Vynnset|Yoji|Yorick|Zen|Zyggy,Blitz|Clash|ClassicConstructed|LivingLegend|Open|SilverAge|UltimatePitFight,,False,False,False,False,False,P3,0,vanilla_or_keyword_only
critical_strike,critical_strike_blue|critical_strike_red|critical_strike_yellow,Critical Strike,Action,DromaiBlitzDeck|Uprising,Arakni|Aurora|Aurora2|Azalea|Benji|Betsy|Blaze|Bolfar|Boltyn|Bravo|Brevant|Briar|Broscilio|Brutus|Chane|Cindra|Crackni|Crix|Dash|DataDoll|Dorinthea|Dromai|Emperor|Enigma|Fai|Fang|Florian|Frankie|Genis|GravyBones|Hala|Ira|Iyslander|Jarl|Kano|Kassai|Katsu|Kavdaen|Kayo|Kox|Levia|Lexi|Librarian|Lyath|Marlynn|Maxx|Melody|Nuu|Oldhim|Olympia|Oscilio|Pleiades|Prism|Puffin|RKO|Reya|Rhinar|Riptide|Ruudi|Scurv|Shiyana|Slippy|Squizzy|Starvo|Taipanis|Taylor|Teklovossen|Terra|Theryon|Tuffnut|Uzuri|Valda|Verdance|Victor|Viserai|Vynnset|Yoji|Yorick|Zen|Zyggy,Blitz|Clash|ClassicConstructed|Draft|LivingLegend|Open|Sealed|SilverAge|UltimatePitFight,,False,False,False,False,False,P3,0,vanilla_or_keyword_only
dodge,dodge_blue,Dodge,DefenseReaction,ClassicBattlesRhinarDorinthea,Arakni|Aurora|Aurora2|Azalea|Benji|Betsy|Blaze|Bolfar|Boltyn|Bravo|Brevant|Briar|Broscilio|Brutus|Chane|Cindra|Crackni|Crix|Dash|DataDoll|Dorinthea|Dromai|Enigma|Fai|Fang|Florian|Frankie|Genis|GravyBones|Hala|Ira|Iyslander|Jarl|Kano|Kassai|Katsu|Kavdaen|Kayo|Kox|Levia|Lexi|Librarian|Lyath|Marlynn|Maxx|Melody|Nuu|Oldhim|Olympia|Oscilio|Pleiades|Prism|Puffin|RKO|Reya|Rhinar|Riptide|Ruudi|Scurv|Shiyana|Slippy|Squizzy|Starvo|Taipanis|Taylor|Teklovossen|Terra|Theryon|Tuffnut|Uzuri|Valda|Verdance|Victor|Viserai|Vynnset|Yoji|Yorick|Zen|Zyggy,Blitz|Clash|ClassicConstructed|LivingLegend|Open|SilverAge|UltimatePitFight,,False,False,False,False,False,P3,0,vanilla_or_keyword_only
evasive_leap,evasive_leap_blue|evasive_leap_red|evasive_leap_yellow,Evasive Leap,DefenseReaction,PartTheMistveil,Arakni|Aurora|Aurora2|Azalea|Benji|Betsy|Blaze|Bolfar|Boltyn|Bravo|Brevant|Briar|Broscilio|Brutus|Chane|Cindra|Crackni|Crix|Dash|DataDoll|Dorinthea|Dromai|Emperor|Enigma|Fai|Fang|Florian|Frankie|Genis|GravyBones|Hala|Ira|Iyslander|Jarl|Kano|Kassai|Katsu|Kavdaen|Kayo|Kox|Levia|Lexi|Librarian|Lyath|Marlynn|Maxx|Melody|Nuu|Oldhim|Olympia|Oscilio|Pleiades|Prism|Puffin|RKO|Reya|Rhinar|Riptide|Ruudi|Scurv|Shiyana|Slippy|Squizzy|Starvo|Taipanis|Taylor|Teklovossen|Terra|Theryon|Tuffnut|Uzuri|Valda|Verdance|Victor|Viserai|Vynnset|Yoji|Yorick|Zen|Zyggy,Blitz|Clash|ClassicConstructed|Draft|LivingLegend|Open|Sealed|SilverAge|UltimatePitFight,,False,False,False,False,False,P3,0,vanilla_or_keyword_only
heavens_claws,heavens_claws_blue|heavens_claws_red|heavens_claws_yellow,Heaven's Claws,Action,FirstStrikeAurora|AuroraBlitzDeck|LexiBlitzDeck|Rosetta|TalesOfAria,Aurora|Aurora2|Briar|Broscilio|Lexi|Oscilio|Starvo|Zyggy,Blitz|Clash|ClassicConstructed|Draft|LivingLegend|Open|Sealed|SilverAge|UltimatePitFight,,False,False,False,False,False,P3,0,vanilla_or_keyword_only
inner_chi,inner_chi_blue,Inner Chi,Resource,EnigmaBlitzDeck|EnigmaSilverAgeDeck|NuuBlitzDeck|PartTheMistveil|Promos|ZenBlitzDeck,Enigma|Nuu|Zen,Blitz|Clash|ClassicConstructed|Draft|LivingLegend|Open|Sealed|SilverAge|UltimatePitFight,,False,False,False,False,False,P3,0,vanilla_or_keyword_only
muscle_mutt,muscle_mutt_yellow,Muscle Mutt,Action,ClassicBattlesRhinarDorinthea,Arakni|Aurora|Aurora2|Azalea|Benji|Betsy|Blaze|Bolfar|Boltyn|Bravo|Brevant|Briar|Broscilio|Brutus|Chane|Cindra|Crackni|Crix|Dash|DataDoll|Dorinthea|Dromai|Enigma|Fai|Fang|Florian|Frankie|Genis|GravyBones|Hala|Ira|Iyslander|Jarl|Kano|Kassai|Katsu|Kavdaen|Kayo|Kox|Levia|Lexi|Librarian|Lyath|Marlynn|Maxx|Melody|Nuu|Oldhim|Olympia|Oscilio|Pleiades|Prism|Puffin|RKO|Reya|Rhinar|Riptide|Ruudi|Scurv|Shiyana|Slippy|Squizzy|Starvo|Taipanis|Taylor|Teklovossen|Terra|Theryon|Tuffnut|Uzuri|Valda|Verdance|Victor|Viserai|Vynnset|Yoji|Yorick|Zen|Zyggy,Blitz|Clash|ClassicConstructed|LivingLegend|Open|SilverAge|UltimatePitFight,,False,False,False,False,False,P3,0,vanilla_or_keyword_only
proto_base_arms,proto_base_arms,Proto Base Arms,Equipment,BrightLights|Promos|RoundTheTable,Dash|DataDoll|Maxx|Puffin|Taylor|Teklovossen,Blitz|Clash|ClassicConstructed|Draft|LivingLegend|Open|Sealed|SilverAge|UltimatePitFight,,False,False,False,False,False,P3,0,vanilla_or_keyword_only
proto_base_chest,proto_base_chest,Proto Base Chest,Equipment,BrightLights|Promos|RoundTheTable,Dash|DataDoll|Maxx|Puffin|Taylor|Teklovossen,Blitz|Clash|ClassicConstructed|Draft|LivingLegend|Open|Sealed|SilverAge|UltimatePitFight,,False,False,False,False,False,P3,0,vanilla_or_keyword_only
proto_base_head,proto_base_head,Proto Base Head,Equipment,BrightLights|Promos|RoundTheTable,Dash|DataDoll|Maxx|Puffin|Taylor|Teklovossen,Blitz|Clash|ClassicConstructed|Draft|LivingLegend|Open|Sealed|SilverAge|UltimatePitFight,,False,False,False,False,False,P3,0,vanilla_or_keyword_only
proto_base_legs,proto_base_legs,Proto Base Legs,Equipment,BrightLights|Promos|RoundTheTable,Dash|DataDoll|Maxx|Puffin|Taylor|Teklovossen,Blitz|Clash|ClassicConstructed|Draft|LivingLegend|Open|Sealed|SilverAge|UltimatePitFight,,False,False,False,False,False,P3,0,vanilla_or_keyword_only
raging_onslaught,raging_onslaught_blue|raging_onslaught_red|raging_onslaught_yellow,Raging Onslaught,Action,WelcomeToRathe,Arakni|Aurora|Aurora2|Azalea|Benji|Betsy|Blaze|Bolfar|Boltyn|Bravo|Brevant|Briar|Broscilio|Brutus|Chane|Cindra|Crackni|Crix|Dash|DataDoll|Dorinthea|Dromai|Emperor|Enigma|Fai|Fang|Florian|Frankie|Genis|GravyBones|Hala|Ira|Iyslander|Jarl|Kano|Kassai|Katsu|Kavdaen|Kayo|Kox|Levia|Lexi|Librarian|Lyath|Marlynn|Maxx|Melody|Nuu|Oldhim|Olympia|Oscilio|Pleiades|Prism|Puffin|RKO|Reya|Rhinar|Riptide|Ruudi|Scurv|Shiyana|Slippy|Squizzy|Starvo|Taipanis|Taylor|Teklovossen|Terra|Theryon|Tuffnut|Uzuri|Valda|Verdance|Victor|Viserai|Vynnset|Yoji|Yorick|Zen|Zyggy,Blitz|Clash|ClassicConstructed|Draft|LivingLegend|Open|Sealed|SilverAge|UltimatePitFight,,False,False,False,False,False,P3,0,vanilla_or_keyword_only
rusty_harpoon,rusty_harpoon_blue,Rusty Harpoon,Action,GEM|HighSeas,Marlynn,Blitz|Clash|ClassicConstructed|Draft|LivingLegend|Open|Sealed|SilverAge|UltimatePitFight,,False,False,False,False,False,P3,0,vanilla_or_keyword_only
smash_with_big_tree,smash_with_big_tree_blue|smash_with_big_tree_red|smash_with_big_tree_yellow,Smash with Big Tree,Action,LeviaBlitzDeck|Monarch,Kayo|Levia|RKO|Rhinar|Tuffnut,Blitz|Clash|ClassicConstructed|Draft|LivingLegend|Open|Sealed|SilverAge|UltimatePitFight,,False,False,False,False,False,P3,0,vanilla_or_keyword_only
titanium_bauble,titanium_bauble_blue,Titanium Bauble,Resource,ClassicBattlesRhinarDorinthea,Arakni|Aurora|Aurora2|Azalea|Benji|Betsy|Blaze|Bolfar|Boltyn|Bravo|Brevant|Briar|Broscilio|Brutus|Chane|Cindra|Crackni|Crix|Dash|DataDoll|Dorinthea|Dromai|Enigma|Fai|Fang|Florian|Frankie|Genis|GravyBones|Hala|Ira|Iyslander|Jarl|Kano|Kassai|Katsu|Kavdaen|Kayo|Kox|Levia|Lexi|Librarian|Lyath|Marlynn|Maxx|Melody|Nuu|Oldhim|Olympia|Oscilio|Pleiades|Prism|Puffin|RKO|Reya|Rhinar|Riptide|Ruudi|Scurv|Shiyana|Slippy|Squizzy|Starvo|Taipanis|Taylor|Teklovossen|Terra|Theryon|Tuffnut|Uzuri|Valda|Verdance|Victor|Viserai|Vynnset|Yoji|Yorick|Zen|Zyggy,Blitz|Clash|ClassicConstructed|LivingLegend|Open|SilverAge|UltimatePitFight,,False,False,False,False,False,P3,0,vanilla_or_keyword_only
toughen_up,toughen_up_blue,Toughen Up,DefenseReaction,ClassicBattlesRhinarDorinthea,Arakni|Aurora|Aurora2|Azalea|Benji|Betsy|Blaze|Bolfar|Boltyn|Bravo|Brevant|Briar|Broscilio|Brutus|Chane|Cindra|Crackni|Crix|Dash|DataDoll|Dorinthea|Dromai|Enigma|Fai|Fang|Florian|Frankie|Genis|GravyBones|Hala|Ira|Iyslander|Jarl|Kano|Kassai|Katsu|Kavdaen|Kayo|Kox|Levia|Lexi|Librarian|Lyath|Marlynn|Maxx|Melody|Nuu|Oldhim|Olympia|Oscilio|Pleiades|Prism|Puffin|RKO|Reya|Rhinar|Riptide|Ruudi|Scurv|Shiyana|Slippy|Squizzy|Starvo|Taipanis|Taylor|Teklovossen|Terra|Theryon|Tuffnut|Uzuri|Valda|Verdance|Victor|Viserai|Vynnset|Yoji|Yorick|Zen|Zyggy,Blitz|Clash|ClassicConstructed|LivingLegend|Open|SilverAge|UltimatePitFight,,False,False,False,False,False,P3,0,vanilla_or_keyword_only
winters_grasp,winters_grasp_blue|winters_grasp_red|winters_grasp_yellow,Winter's Grasp,Action,TalesOfAria,Iyslander|Jarl|Lexi|Oldhim|Starvo,Blitz|Clash|ClassicConstructed|Draft|LivingLegend|Open|Sealed|SilverAge|UltimatePitFight,,False,False,False,False,False,P3,0,vanilla_or_keyword_only
wounding_blow,wounding_blow_blue|wounding_blow_red|wounding_blow_yellow,Wounding Blow,Action,DorintheaHeroDeck|DromaiBlitzDeck|PartTheMistveil|WelcomeToRathe,Arakni|Aurora|Aurora2|Azalea|Benji|Betsy|Blaze|Bolfar|Boltyn|Bravo|Brevant|Briar|Broscilio|Brutus|Chane|Cindra|Crackni|Crix|Dash|DataDoll|Dorinthea|Dromai|Emperor|Enigma|Fai|Fang|Florian|Frankie|Genis|GravyBones|Hala|Ira|Iyslander|Jarl|Kano|Kassai|Katsu|Kavdaen|Kayo|Kox|Levia|Lexi|Librarian|Lyath|Marlynn|Maxx|Melody|Nuu|Oldhim|Olympia|Oscilio|Pleiades|Prism|Puffin|RKO|Reya|Rhinar|Riptide|Ruudi|Scurv|Shiyana|Slippy|Squizzy|Starvo|Taipanis|Taylor|Teklovossen|Terra|Theryon|Tuffnut|Uzuri|Valda|Verdance|Victor|Viserai|Vynnset|Yoji|Yorick|Zen|Zyggy,Blitz|Clash|ClassicConstructed|Draft|LivingLegend|Open|Sealed|SilverAge|UltimatePitFight,,False,False,False,False,False,P3,0,vanilla_or_keyword_only
lightning_flow,lightning_flow,Lightning Flow,Token,OmensOfTheThirdAge,Aurora|Aurora2|Briar|Broscilio|Florian|Iyslander|Jarl|Lexi|Oldhim|Oscilio|Shiyana|Starvo|Terra|Verdance|Yorick|Zyggy,Blitz|Clash|ClassicConstructed|Draft|LivingLegend|Open|Sealed|SilverAge|UltimatePitFight,,False,False,False,False,False,P3,-10,vanilla_or_keyword_only
